Номер запроса,Дата регистрации,Статус,Пользователь,Услуга,Компонент услуги 1 уровня,Вид запроса,Тип запроса,Описание 2,Критичность,Срочность,Приоритет,Класс обслуживания,Часовой пояс запроса,Норматив ное время обработки (SLA),Плановое время выполнения,Крайний срок обработки,Фактическое время выполнения,Фактическая длительность выполнения запроса (SLA),Просрочен?*,Время входа в статус,Дата последнего изменения,Суммарное время реакции 1 линии,Суммарное время работы 1 линии,Суммарное время реакции 2 линии,Суммарное время работы 2 линии,Суммарное время реакции 3 линии,Суммарное время работы 3 линии,Суммарное время реакции 4 линии,Суммарное время работы 4 линии,Суммарное время уточнений,Результат работ,Кем решен (группа),Количество уточнений,source_record,text_clean,duplicate_group,quality_flags,split,is_top15
38541460,2025-03-01 09:56:02.160000,Закрыт,Внешний пользователь,"Мобильное приложение ""Почта России""",Мобильное приложение,Проблема с push/sms/email,Запрос на обслуживание,Тема письма: Акция с промокодами/Клиент не может оплатить промокодом/промокод исчез из МП  Текст письма: Тематика: Акции с промокодами и Мобильное приложение Канал поступления обращения: По телефону Дата поступления обращения: : .. Телефон:  Номер ШПИ: нет Электронная почта клиента:Суть обращения: Со слов клиента ему с осени  года приходят уведомления об отправления адресованных не ему. Клиент говорит приходят уведомления и в мобильном приложении почты россии и на электронную почту клиента.  Просьба разобраться в данной  ситуации.,Низкая,Низкая,(4) Низкий,5х8 (9:00-13:00 - 14:00-18:00),Москва,120:00:00,2025-03-21 18:00:00,2025-03-21 18:00:00,2025-03-01 10:06:37.814000,00:00:00,Не просрочен,2025-03-06 10:31:19.728000,2025-12-15 12:12:21.239000,00:00:00,00:00:00,00:00:00,00:00:00,00:00:00,00:00:00,00:00:00,00:00:00,00:00:00,Дублирование,(1 линия),0,19,Тема письма: Акция с промокодами/Клиент не может оплатить промокодом/промокод исчез из МП Текст письма: Тематика: Акции с промокодами и Мобильное приложение Канал поступления обращения: По телефону Дата поступления обращения: : .. Телефон: Номер ШПИ: нет Электронная почта клиента:Суть обращения: Со слов клиента ему с осени года приходят уведомления об отправления адресованных не ему. Клиент говорит приходят уведомления и в мобильном приложении почты россии и на электронную почту клиента. Просьба разобраться в данной ситуации.,1ec6528ba064fc75e44b7f08b4852835bb109cf2c6bb06fb777b57779d377217,conflicting_category;repeated_text,review,1
38541480,2025-03-01 09:57:59.960000,Закрыт,Внешний пользователь,"Мобильное приложение ""Почта России""",Мобильное приложение,Автодобавление почтовых отправлений,Запрос на обслуживание,Тема письма: Акция с промокодами/Клиент не может оплатить промокодом/промокод исчез из МП Текст письма: Тематика: Акции с промокодами и Мобильное приложение Канал поступления обращения: По телефону Дата поступления обращения: : .. : Телефон:  Номер ШПИ: нет Электронная почта клиента: Суть обращения: Со слов клиента ему с осени  года приходят уведомления об отправления адресованных не ему. Клиент говорит приходят уведомления и в мобильном приложении почты россии и на электронную почту клиента. Просьба разобраться в данной ситуации.,Низкая,Низкая,(4) Низкий,5х8 (9:00-13:00 - 14:00-18:00),Москва,120:00:00,2025-03-21 18:00:00,2025-03-21 18:00:00,2025-03-03 09:47:34.129000,00:47:34,Не просрочен,2025-03-08 10:03:10.573000,2025-12-15 12:11:48.228000,00:00:00,00:00:00,00:46:25,00:01:09,00:00:00,00:00:00,00:00:00,00:00:00,00:00:00,Решение предоставлено,(2 линия),1,20,Тема письма: Акция с промокодами/Клиент не может оплатить промокодом/промокод исчез из МП Текст письма: Тематика: Акции с промокодами и Мобильное приложение Канал поступления обращения: По телефону Дата поступления обращения: : .. : Телефон: Номер ШПИ: нет Электронная почта клиента: Суть обращения: Со слов клиента ему с осени года приходят уведомления об отправления адресованных не ему. Клиент говорит приходят уведомления и в мобильном приложении почты россии и на электронную почту клиента. Просьба разобраться в данной ситуации.,1ec6528ba064fc75e44b7f08b4852835bb109cf2c6bb06fb777b57779d377217,conflicting_category;repeated_text,review,0
38543340,2025-03-01 13:38:06.081000,Закрыт,Внутренний пользователь,Партионный прием (Priem.pochta.ru),Сервис партионного приема,Ошибки загрузки страницы/зависания,Инцидент,не работает партионный прием,Высокая,Высокая,(1) Наивысший,График объекта обслуживания с учетом календаря выходных дней,Москва,50:58:20,2025-03-16 14:01:59.081000,2025-03-16 14:01:59,2025-03-14 11:05:08.089000,00:03:00,Не просрочен,2025-03-19 11:31:04.786000,2025-12-15 12:11:02.242000,00:02:01,00:00:27,00:00:00,00:00:00,00:00:00,00:00:00,00:00:00,00:00:00,309:24:32,Отменено,(1 линия),1,32,не работает партионный прием,4bf33d127b3b52ed3b085bcdfad66965d71b576369ba192f63d3e25d7400f585,conflicting_category;repeated_text;short_text_review,review,1
38556070,2025-03-03 09:24:09.321000,Закрыт,Внешний пользователь,"Мобильное приложение ""Почта России""",Мобильное приложение,Прочее,Запрос на обслуживание,"Тема письма: Акция с промокодами/Клиент не может оплатить промокодом/промокод исчез из МП  Текст письма: Тематика: Акции с промокодами и Мобильное приложение Канал поступления обращения: По телефону Дата поступления обращения: : .. --- Телефон:  Адрес заявителя: - Индекс ОПС: - Номер ШПИ: - Адрес почтомата: - Учетная запись:  Электрон--- Суть обращения: У клиента не списались деньги с карты за пересылку РПО,  хотя там были денежные средства. Просьба отвязать карту.",Средняя,Низкая,(3) Средний,5х8 (9:00-13:00 - 14:00-18:00),Москва,120:00:00,2025-03-24 09:24:09.321000,2025-03-24 09:24:09,2025-03-03 10:16:07.961000,00:51:58,Не просрочен,2025-03-08 10:33:32.556000,2025-12-15 12:00:00.738000,00:50:10,00:01:47,00:00:00,00:00:00,00:00:00,00:00:00,00:00:00,00:00:00,00:00:00,Дублирование,(1 линия),0,87,"Тема письма: Акция с промокодами/Клиент не может оплатить промокодом/промокод исчез из МП Текст письма: Тематика: Акции с промокодами и Мобильное приложение Канал поступления обращения: По телефону Дата поступления обращения: : .. --- Телефон: Адрес заявителя: - Индекс ОПС: - Номер ШПИ: - Адрес почтомата: - Учетная запись: Электрон--- Суть обращения: У клиента не списались деньги с карты за пересылку РПО, хотя там были денежные средства. Просьба отвязать карту.",211879a512536202614d66aa22cca7eaf1c8f2fdc0818b12c2c600afee92f3b8,conflicting_category;repeated_text,review,1
38558694,2025-03-03 10:15:55.036000,Закрыт,Внешний пользователь,"Мобильное приложение ""Почта России""",Мобильное приложение,Не проходит оплата/возврат,Запрос на обслуживание,"Тема письма: Акция с промокодами/Клиент не может оплатить промокодом/промокод исчез из МП Текст письма: Тематика: Акции с промокодами и Мобильное приложение Канал поступления обращения: По телефону Дата поступления обращения: : .. --- Телефон:  Адрес заявителя: - Индекс ОПС: - Номер ШПИ: - Адрес почтомата: - Учетная запись:  Электрон--- Суть обращения: У клиента не списались деньги с карты за пересылку РПО, хотя там были денежные средства. Просьба отвязать карту.",Низкая,Низкая,(4) Низкий,5х8 (9:00-13:00 - 14:00-18:00),Москва,120:00:00,2025-03-24 10:22:17.290000,2025-03-24 10:22:17,2025-03-03 11:53:07.626000,01:30:50,Не просрочен,2025-03-03 13:08:05.213000,2025-12-15 11:59:18.159000,01:07:17,00:23:32,00:00:00,00:00:00,00:00:00,00:00:00,00:00:00,00:00:00,00:06:22,Решение предоставлено,(1 линия),1,93,"Тема письма: Акция с промокодами/Клиент не может оплатить промокодом/промокод исчез из МП Текст письма: Тематика: Акции с промокодами и Мобильное приложение Канал поступления обращения: По телефону Дата поступления обращения: : .. --- Телефон: Адрес заявителя: - Индекс ОПС: - Номер ШПИ: - Адрес почтомата: - Учетная запись: Электрон--- Суть обращения: У клиента не списались деньги с карты за пересылку РПО, хотя там были денежные средства. Просьба отвязать карту.",211879a512536202614d66aa22cca7eaf1c8f2fdc0818b12c2c600afee92f3b8,conflicting_category;repeated_text,review,0
38573448,2025-03-03 16:04:02.398000,Закрыт,Внешний пользователь,"Мобильное приложение ""Почта России""",Мобильное приложение,Прочее,Запрос на обслуживание,"Тема письма: Акция с промокодами/Клиент не может оплатить промокодом/промокод исчез из МП  Текст письма: Тематика: Акции с промокодами и Мобильное приложение Канал поступления обращения: По телефону Дата поступления обращения: : .--- Телефон:  Номер ШПИ:  Учетная запись:  Электронная поч--- Суть обращения: Не приходят пуш-уведомления и смс о всех отправлениях в МП так,как все  подключено ,но оповещений нет.Просьба проверить и устранить деффект.",Средняя,Низкая,(3) Средний,5х8 (9:00-13:00 - 14:00-18:00),Москва,120:00:00,2025-03-24 16:04:02.398000,2025-03-24 16:04:02,2025-03-03 16:36:56.667000,00:32:54,Не просрочен,2025-03-08 17:03:23.397000,2025-12-15 11:47:47.148000,00:29:37,00:03:16,00:00:00,00:00:00,00:00:00,00:00:00,00:00:00,00:00:00,00:00:00,Дублирование,(1 линия),0,125,"Тема письма: Акция с промокодами/Клиент не может оплатить промокодом/промокод исчез из МП Текст письма: Тематика: Акции с промокодами и Мобильное приложение Канал поступления обращения: По телефону Дата поступления обращения: : .--- Телефон: Номер ШПИ: Учетная запись: Электронная поч--- Суть обращения: Не приходят пуш-уведомления и смс о всех отправлениях в МП так,как все подключено ,но оповещений нет.Просьба проверить и устранить деффект.",851af297c2a915a79a99daeb94ebebd93a073bc6d5d7d7aa70ceaa11c7588281,conflicting_category;repeated_text,review,1
38574255,2025-03-03 16:36:36.053000,Закрыт,Внешний пользователь,"Мобильное приложение ""Почта России""",Мобильное приложение,Проблема с push/sms/email,Запрос на обслуживание,"Тема письма: Акция с промокодами/Клиент не может оплатить промокодом/промокод исчез из МП Текст письма: Тематика: Акции с промокодами и Мобильное приложение Канал поступления обращения: По телефону Дата поступления обращения: : .--- Телефон:  Номер ШПИ:  Учетная запись:  Электронная поч--- Суть обращения: Не приходят пуш-уведомления и смс о всех отправлениях в МП так,как все подключено ,но оповещений нет.Просьба проверить и устранить деффект.",Низкая,Низкая,(4) Низкий,5х8 (9:00-13:00 - 14:00-18:00),Москва,120:00:00,2025-04-02 09:16:42.544000,2025-04-02 09:16:42,2025-03-14 08:38:54.219000,15:43:17,Не просрочен,2025-03-19 09:00:53.702000,2025-12-15 11:47:31.705000,00:00:05,15:43:11,00:00:00,00:00:00,00:00:00,00:00:00,00:00:00,00:00:00,49:40:06,Решение предоставлено,(1 линия),3,128,"Тема письма: Акция с промокодами/Клиент не может оплатить промокодом/промокод исчез из МП Текст письма: Тематика: Акции с промокодами и Мобильное приложение Канал поступления обращения: По телефону Дата поступления обращения: : .--- Телефон: Номер ШПИ: Учетная запись: Электронная поч--- Суть обращения: Не приходят пуш-уведомления и смс о всех отправлениях в МП так,как все подключено ,но оповещений нет.Просьба проверить и устранить деффект.",851af297c2a915a79a99daeb94ebebd93a073bc6d5d7d7aa70ceaa11c7588281,conflicting_category;repeated_text,review,1
38575780,2025-03-03 21:56:02.321000,Закрыт,Внешний пользователь,"Мобильное приложение ""Почта России""",Мобильное приложение,Прочее,Запрос на обслуживание,Тема письма:---  Текст письма: Описание отсутствует (пустое тело письма).,Средняя,Низкая,(3) Средний,5х8 (9:00-13:00 - 14:00-18:00),Москва,120:00:00,2025-03-28 18:00:00,2025-03-28 18:00:00,2025-03-08 07:23:00.952000,00:00:00,Не просрочен,2025-03-08 07:23:00.883000,2025-12-15 11:45:16.221000,00:00:00,00:00:00,00:00:00,00:00:00,00:00:00,00:00:00,00:00:00,00:00:00,32:00:00,По сроку давности,(1 линия),1,138,Тема письма:--- Текст письма: Описание отсутствует (пустое тело письма).,ad1e533cb81de11e0ae2e5f9c3065f72f44fc5056c11a9c85f9598d0856d9a22,conflicting_category;repeated_text,review,1
38591479,2025-03-04 14:25:10.468000,Закрыт,Внутренний пользователь,"Мобильное приложение ""Почта России""",Мобильное приложение,Ошибка в приложении (восстановление работоспособности),Инцидент,"добрый день. прошу связаться с клиентом  Проблема с сайтом  Текст: Добрый день. «Ошибка при прохождении проверки безопасности»  «пожалуйста, попробуйте еще раз»Такое сообщение у меня вылезает, когда я пытаюсь войти---",Высокая,Высокая,(1) Наивысший,5х8 (9:00-13:00 - 14:00-18:00),Москва,40:00:00,2025-03-11 14:25:10.468000,2025-03-11 14:25:10,2025-03-04 16:57:05.107000,02:31:54,Не просрочен,2025-03-04 18:01:22.946000,2025-12-15 11:33:41.029000,02:20:33,00:11:21,00:00:00,00:00:00,00:00:00,00:00:00,00:00:00,00:00:00,00:00:00,Дублирование,(1 линия),0,199,"добрый день. прошу связаться с клиентом Проблема с сайтом Текст: Добрый день. «Ошибка при прохождении проверки безопасности» «пожалуйста, попробуйте еще раз»Такое сообщение у меня вылезает, когда я пытаюсь войти---",f3389935fc142cdd1c182c30dc30e670f864ae68a14aa7b6c89851ff5fb0da70,conflicting_category;repeated_text,review,1
38594783,2025-03-04 16:56:52.251000,Закрыт,Внешний пользователь,"Мобильное приложение ""Почта России""",Мобильное приложение,Проблема с авторизацией/ЭЗП/Бонусами/Доверенностями,Запрос на обслуживание,"добрый день. прошу связаться с клиентом   Проблема с сайтом  Текст: Добрый день. «Ошибка при прохождении проверки безопасности»  «пожалуйста, попробуйте еще раз»Такое сообщение у меня вылезает, когда я пытаюсь войти---",Низкая,Низкая,(4) Низкий,5х8 (9:00-13:00 - 14:00-18:00),Москва,120:00:00,2025-03-25 16:56:52.251000,2025-03-25 16:56:52,2025-03-04 17:01:23.511000,00:04:31,Не просрочен,2025-03-18 17:15:49.036000,2025-12-15 11:32:21.971000,00:02:07,00:02:23,00:00:00,00:00:00,00:00:00,00:00:00,00:00:00,00:00:00,80:14:25,Уточнение не предоставлено,(1 линия),1,225,"добрый день. прошу связаться с клиентом Проблема с сайтом Текст: Добрый день. «Ошибка при прохождении проверки безопасности» «пожалуйста, попробуйте еще раз»Такое сообщение у меня вылезает, когда я пытаюсь войти---",f3389935fc142cdd1c182c30dc30e670f864ae68a14aa7b6c89851ff5fb0da70,conflicting_category;repeated_text,review,1
38596412,2025-03-04 17:56:01.217000,Закрыт,Внешний пользователь,"Мобильное приложение ""Почта России""",Мобильное приложение,Прочее,Запрос на обслуживание,Тема письма: Акция с промокодами/Клиент не может оплатить промокодом/промокод исчез из МП  Текст письма: Тематика: Акции с промокодами и Мобильное приложение Канал поступления обращения: По телефону Дата поступления обращения: : .. ФИ--- Телефон:  Учетная запись:  Электрон--- Суть обращения: Клиенту поступило СМС уведомление по чужому РПО,Средняя,Низкая,(3) Средний,5х8 (9:00-13:00 - 14:00-18:00),Москва,120:00:00,2025-03-25 17:56:01.217000,2025-03-25 17:56:01,2025-03-04 19:54:52.185000,00:03:58,Не просрочен,2025-03-09 20:01:13.135000,2025-12-15 11:29:55.570000,00:03:58,00:00:00,00:00:00,00:00:00,00:00:00,00:00:00,00:00:00,00:00:00,00:00:00,Дублирование,(1 линия),0,234,Тема письма: Акция с промокодами/Клиент не может оплатить промокодом/промокод исчез из МП Текст письма: Тематика: Акции с промокодами и Мобильное приложение Канал поступления обращения: По телефону Дата поступления обращения: : .. ФИ--- Телефон: Учетная запись: Электрон--- Суть обращения: Клиенту поступило СМС уведомление по чужому РПО,54d3441aba5f0fa4626d2ddaeefdaa8596a697c0cf7d6a3d8b22fdba0fbd0bd2,conflicting_category;repeated_text,review,1
38596971,2025-03-04 19:54:43.629000,Закрыт,Внешний пользователь,"Мобильное приложение ""Почта России""",Мобильное приложение,Проблема с push/sms/email,Запрос на обслуживание,Тема письма: Акция с промокодами/Клиент не может оплатить промокодом/промокод исчез из МП Текст письма: Тематика: Акции с промокодами и Мобильное приложение Канал поступления обращения: По телефону Дата поступления обращения: : .. ФИ--- Телефон:  Учетная запись:  Электрон--- Суть обращения: Клиенту поступило СМС уведомление по чужому РПО,Низкая,Низкая,(4) Низкий,5х8 (9:00-13:00 - 14:00-18:00),Москва,120:00:00,2025-03-25 18:00:00,2025-03-25 18:00:00,2025-03-05 08:59:55.806000,00:00:00,Не просрочен,2025-03-10 09:34:28.581000,2025-12-15 11:29:47.861000,00:00:00,00:00:00,00:00:00,00:00:00,00:00:00,00:00:00,00:00:00,00:00:00,00:00:00,Решение предоставлено,(1 линия),1,251,Тема письма: Акция с промокодами/Клиент не может оплатить промокодом/промокод исчез из МП Текст письма: Тематика: Акции с промокодами и Мобильное приложение Канал поступления обращения: По телефону Дата поступления обращения: : .. ФИ--- Телефон: Учетная запись: Электрон--- Суть обращения: Клиенту поступило СМС уведомление по чужому РПО,54d3441aba5f0fa4626d2ddaeefdaa8596a697c0cf7d6a3d8b22fdba0fbd0bd2,conflicting_category;repeated_text,review,1
38602222,2025-03-05 09:24:09.755000,Закрыт,Внешний пользователь,"Мобильное приложение ""Почта России""",Мобильное приложение,Прочее,Запрос на обслуживание,Тема письма: Акция с промокодами/Клиент не может оплатить промокодом/промокод исчез из МП  Текст письма: Тематика: Акции с промокодами и Мобильное приложение Канал поступления обращения: По телефону Дата поступления обращения: : ..--- Телефон:  Номер ШПИ:  Электронная по--- Суть обращения: не пришло предзаказанное смс уведомление,Средняя,Низкая,(3) Средний,5х8 (9:00-13:00 - 14:00-18:00),Москва,120:00:00,2025-03-26 09:24:09.755000,2025-03-26 09:24:09,2025-03-05 09:33:21.491000,00:09:11,Не просрочен,2025-03-10 10:08:42.521000,2025-12-15 11:26:37.129000,00:07:43,00:01:28,00:00:00,00:00:00,00:00:00,00:00:00,00:00:00,00:00:00,00:00:00,Дублирование,(1 линия),0,282,Тема письма: Акция с промокодами/Клиент не может оплатить промокодом/промокод исчез из МП Текст письма: Тематика: Акции с промокодами и Мобильное приложение Канал поступления обращения: По телефону Дата поступления обращения: : ..--- Телефон: Номер ШПИ: Электронная по--- Суть обращения: не пришло предзаказанное смс уведомление,3c36b1a1bc529681286fb73427ffb66d86df8f76fbfa22a525e3259050a19a7b,conflicting_category;repeated_text,review,1
38602520,2025-03-05 09:33:11.445000,Закрыт,Внешний пользователь,"Мобильное приложение ""Почта России""",Мобильное приложение,Проблема с push/sms/email,Запрос на обслуживание,Тема письма: Акция с промокодами/Клиент не может оплатить промокодом/промокод исчез из МП Текст письма: Тематика: Акции с промокодами и Мобильное приложение Канал поступления обращения: По телефону Дата поступления обращения: : .--- Телефон:  Номер ШПИ:  Электронная по--- Суть обращения: не пришло предзаказанное смс уведомление,Низкая,Низкая,(4) Низкий,5х8 (9:00-13:00 - 14:00-18:00),Москва,120:00:00,2025-03-26 09:58:04.247000,2025-03-26 09:58:04,2025-03-05 10:21:57.627000,00:23:53,Не просрочен,2025-03-05 10:21:57.550000,2025-12-15 11:26:27.826000,00:04:20,00:19:32,00:00:00,00:00:00,00:00:00,00:00:00,00:00:00,00:00:00,00:24:52,По сроку давности,(1 линия),3,285,Тема письма: Акция с промокодами/Клиент не может оплатить промокодом/промокод исчез из МП Текст письма: Тематика: Акции с промокодами и Мобильное приложение Канал поступления обращения: По телефону Дата поступления обращения: : .--- Телефон: Номер ШПИ: Электронная по--- Суть обращения: не пришло предзаказанное смс уведомление,3c36b1a1bc529681286fb73427ffb66d86df8f76fbfa22a525e3259050a19a7b,conflicting_category;repeated_text,review,1
38603278,2025-03-05 09:56:07.084000,Закрыт,Внешний пользователь,"Мобильное приложение ""Почта России""",Мобильное приложение,Прочее,Запрос на обслуживание,"Тема письма: Акция с промокодами/Клиент не может оплатить промокодом/промокод исчез из МП  Текст письма: Тематика: Акции с промокодами и Мобильное приложение Канал поступления обращения: По телефону Дата поступления обращения: : .--- Телефон:  Номер ШПИ:  Электр--- Суть обращения: Просим изменить статус отправления . Отправление получено адресатом  ., г",Средняя,Низкая,(3) Средний,5х8 (9:00-13:00 - 14:00-18:00),Москва,120:00:00,2025-03-26 09:56:07.084000,2025-03-26 09:56:07,2025-03-05 10:10:25.504000,00:14:18,Не просрочен,2025-03-10 10:37:12.359000,2025-12-15 11:26:19.637000,00:08:01,00:06:16,00:00:00,00:00:00,00:00:00,00:00:00,00:00:00,00:00:00,00:00:00,Дублирование,(1 линия),0,290,"Тема письма: Акция с промокодами/Клиент не может оплатить промокодом/промокод исчез из МП Текст письма: Тематика: Акции с промокодами и Мобильное приложение Канал поступления обращения: По телефону Дата поступления обращения: : .--- Телефон: Номер ШПИ: Электр--- Суть обращения: Просим изменить статус отправления . Отправление получено адресатом ., г",94340145fac8404f7fababe82782bded7a5f5c84f15f8d539faef0493712ca75,conflicting_category;repeated_text,review,1
38603722,2025-03-05 10:10:09.850000,Закрыт,Внешний пользователь,"Мобильное приложение ""Почта России""",Мобильное приложение,Ошибка в приложении (восстановление работоспособности),Инцидент,"Тема письма: Акция с промокодами/Клиент не может оплатить промокодом/промокод исчез из МП Текст письма: Тематика: Акции с промокодами и Мобильное приложение Канал поступления обращения: По телефону Дата поступления обращения: : .--- Телефон:  Номер ШПИ:  Электр--- Суть обращения: Просим изменить статус отправления . Отправление получено адресатом ., г",Высокая,Низкая,(3) Средний,5х8 (9:00-13:00 - 14:00-18:00),Москва,40:00:00,2025-03-12 10:10:09.850000,2025-03-12 10:10:09,2025-03-05 10:12:40.780000,00:02:30,Не просрочен,2025-03-10 10:37:37.380000,2025-12-15 11:24:17.175000,00:00:04,00:02:26,00:00:00,00:00:00,00:00:00,00:00:00,00:00:00,00:00:00,00:00:00,Решение предоставлено,(1 линия),0,292,"Тема письма: Акция с промокодами/Клиент не может оплатить промокодом/промокод исчез из МП Текст письма: Тематика: Акции с промокодами и Мобильное приложение Канал поступления обращения: По телефону Дата поступления обращения: : .--- Телефон: Номер ШПИ: Электр--- Суть обращения: Просим изменить статус отправления . Отправление получено адресатом ., г",94340145fac8404f7fababe82782bded7a5f5c84f15f8d539faef0493712ca75,conflicting_category;repeated_text,review,1
38610839,2025-03-05 13:48:02.192000,Закрыт,Внешний пользователь,"Мобильное приложение ""Почта России""",Мобильное приложение,Проблема с push/sms/email,Запрос на обслуживание,"Тема письма: Проблемы с учетной записью при входе в Мобильное приложение или сайт Почты России  Текст письма: Тематика: Проблемы с учетной записью при входе в МП/Сайт Канал поступления обращения: По телефону Дата поступления обращения: : .. ---на--- Суть обращения: в МП не приходит код из СМСдля QR кода, приходит в  приложение в виде уведомления.не может из приложения ввести в приложение.",Низкая,Низкая,(4) Низкий,5х8 (9:00-13:00 - 14:00-18:00),Москва,120:00:00,2025-03-26 13:00:00,2025-03-26 13:00:00,2025-03-05 15:05:08.048000,01:05:08,Не просрочен,2025-03-10 15:33:57.110000,2025-12-15 11:20:20.267000,01:04:07,00:01:00,00:00:00,00:00:00,00:00:00,00:00:00,00:00:00,00:00:00,00:00:00,Дублирование,(1 линия),0,326,"Тема письма: Проблемы с учетной записью при входе в Мобильное приложение или сайт Почты России Текст письма: Тематика: Проблемы с учетной записью при входе в МП/Сайт Канал поступления обращения: По телефону Дата поступления обращения: : .. ---на--- Суть обращения: в МП не приходит код из СМСдля QR кода, приходит в приложение в виде уведомления.не может из приложения ввести в приложение.",0ca15795f59855ae7e81a9568c1f8e0e59b94804378ac1ea0747c6ce8f80af70,conflicting_category;repeated_text,review,1
38612642,2025-03-05 15:04:57.717000,Закрыт,Внешний пользователь,"Мобильное приложение ""Почта России""",Мобильное приложение,Проблема с QR-код(подключение/отключение),Запрос на обслуживание,"Тема письма: Проблемы с учетной записью при входе в Мобильное приложение или сайт Почты России Текст письма: Тематика: Проблемы с учетной записью при входе в МП/Сайт Канал поступления обращения: По телефону Дата поступления обращения: : .. ---на--- Суть обращения: в МП не приходит код из СМСдля QR кода, приходит в приложение в виде уведомления.не может из приложения ввести в приложение.",Низкая,Низкая,(4) Низкий,5х8 (9:00-13:00 - 14:00-18:00),Москва,120:00:00,2025-04-01 15:34:44.712000,2025-04-01 15:34:44,2025-03-13 09:27:40.715000,10:52:55,Не просрочен,2025-03-18 09:30:59.452000,2025-12-15 11:17:50.247000,00:03:03,01:14:04,01:13:13,00:00:00,00:00:00,00:00:00,00:00:00,00:00:00,32:29:46,Решение предоставлено,(1 линия),2,334,"Тема письма: Проблемы с учетной записью при входе в Мобильное приложение или сайт Почты России Текст письма: Тематика: Проблемы с учетной записью при входе в МП/Сайт Канал поступления обращения: По телефону Дата поступления обращения: : .. ---на--- Суть обращения: в МП не приходит код из СМСдля QR кода, приходит в приложение в виде уведомления.не может из приложения ввести в приложение.",0ca15795f59855ae7e81a9568c1f8e0e59b94804378ac1ea0747c6ce8f80af70,conflicting_category;repeated_text,review,1
38613511,2025-03-05 15:48:09.703000,Закрыт,Внешний пользователь,"Мобильное приложение ""Почта России""",Мобильное приложение,Прочее,Запрос на обслуживание,Тема письма: Тема отсутствует.  Текст письма: Описание отсутствует (пустое тело письма).,Средняя,Низкая,(3) Средний,5х8 (9:00-13:00 - 14:00-18:00),Москва,120:00:00,2025-03-26 15:48:09.703000,2025-03-26 15:48:09,2025-03-05 16:03:55.420000,00:15:45,Не просрочен,2025-03-05 16:03:55.318000,2025-12-15 11:17:58.330000,00:01:02,00:14:42,00:00:00,00:00:00,00:00:00,00:00:00,00:00:00,00:00:00,00:00:00,Спам,(1 линия),0,335,Тема письма: Тема отсутствует. Текст письма: Описание отсутствует (пустое тело письма).,ad1e533cb81de11e0ae2e5f9c3065f72f44fc5056c11a9c85f9598d0856d9a22,conflicting_category;repeated_text,review,1
38641575,2025-03-07 12:14:37.565000,Закрыт,Внутренний пользователь,Партионный прием (Priem.pochta.ru),Сервис партионного приема,Импорт списков из ЛК ЮЛ,Запрос на обслуживание,"ОПЕРАТОР РАНО ЗАКРЫЛА СПИСОК,ОСТАЛИСЬ НЕПРИНЯТЫЕ ПИСЬМА   Индекс ОПС:          Номер окна:          Номер телефона для связи с ОПС:          Последовательность действий:    СОГЛАСНО ИНСТРУКЦИИ      Время возникновения ошибки:    .. :",Высокая,Низкая,(3) Средний,График объекта обслуживания с учетом календаря выходных дней,Екатеринбург,122:59:22,2025-03-12 15:13:59.565000,2025-03-12 15:13:59,2025-03-07 13:09:13.973000,00:55:00,Не просрочен,2025-03-12 13:33:09.361000,2025-12-15 10:56:50.295000,00:01:21,00:00:08,00:00:33,00:52:30,00:00:00,00:00:00,00:00:00,00:00:00,00:00:00,Решение предоставлено,(2 линия),0,455,"ОПЕРАТОР РАНО ЗАКРЫЛА СПИСОК,ОСТАЛИСЬ НЕПРИНЯТЫЕ ПИСЬМА Индекс ОПС: Номер окна: Номер телефона для связи с ОПС: Последовательность действий: СОГЛАСНО ИНСТРУКЦИИ Время возникновения ошибки: .. :",63f98e91783147302324e1d7e1c716f7d64dd9de8e85fd7b480c4c2d36d08965,conflicting_category;repeated_text,review,1
38642067,2025-03-07 12:40:12.902000,Закрыт,Внутренний пользователь,Партионный прием (Priem.pochta.ru),Сервис партионного приема,Формирование и закрытие емкостей,Инцидент,"ОПЕРАТОР РАНО ЗАКРЫЛА СПИСОК,ОСТАЛИСЬ НЕПРИНЯТЫЕ ПИСЬМА   Индекс ОПС:          Номер окна:          Номер телефона для связи с ОПС:          Последовательность действий:    СОГЛАСНО ИНСТРУКЦИИ      Время возникновения ошибки:    .. :",Высокая,Низкая,(3) Средний,График объекта обслуживания с учетом календаря выходных дней,Екатеринбург,74:59:47,2025-03-10 15:39:59.902000,2025-03-10 15:39:59,2025-03-07 12:45:10.074000,00:05:00,Не просрочен,2025-03-12 13:04:31.011000,2025-12-15 10:56:41.453000,00:00:05,00:00:07,00:00:10,00:04:32,00:00:00,00:00:00,00:00:00,00:00:00,00:00:00,Дублирование,(2 линия),0,459,"ОПЕРАТОР РАНО ЗАКРЫЛА СПИСОК,ОСТАЛИСЬ НЕПРИНЯТЫЕ ПИСЬМА Индекс ОПС: Номер окна: Номер телефона для связи с ОПС: Последовательность действий: СОГЛАСНО ИНСТРУКЦИИ Время возникновения ошибки: .. :",63f98e91783147302324e1d7e1c716f7d64dd9de8e85fd7b480c4c2d36d08965,conflicting_category;repeated_text,review,1
38642871,2025-03-07 13:32:01.378000,Закрыт,Внешний пользователь,"Мобильное приложение ""Почта России""",Мобильное приложение,Прочее,Запрос на обслуживание,Тема письма: Акция с промокодами/Клиент не может оплатить промокодом/промокод исчез из МП  Текст письма: Тематика: Акции с промокодами и Мобильное приложение Канал поступления обращения: По телефону Дата поступления обращения: : .--- Телефон:  Учетная запись:  Электро--- Суть обращения: Клиенту приходят уведомления по чужим трекам,Средняя,Низкая,(3) Средний,5х8 (9:00-13:00 - 14:00-18:00),Москва,120:00:00,2025-03-28 13:00:00,2025-03-28 13:00:00,2025-03-07 16:59:17.733000,02:59:17,Не просрочен,2025-03-12 17:02:10.145000,2025-12-15 10:56:47.184000,02:49:09,00:10:07,00:00:00,00:00:00,00:00:00,00:00:00,00:00:00,00:00:00,00:00:00,Дублирование,(1 линия),0,462,Тема письма: Акция с промокодами/Клиент не может оплатить промокодом/промокод исчез из МП Текст письма: Тематика: Акции с промокодами и Мобильное приложение Канал поступления обращения: По телефону Дата поступления обращения: : .--- Телефон: Учетная запись: Электро--- Суть обращения: Клиенту приходят уведомления по чужим трекам,39f3cf05d1245c707c261f1a90741e8251acae9709f182449c4bce40d5260dd9,conflicting_category;repeated_text,review,1
38643249,2025-03-07 13:56:01.413000,Закрыт,Внешний пользователь,"Мобильное приложение ""Почта России""",Мобильное приложение,Прочее,Запрос на обслуживание,"Тема письма: Акция с промокодами/Клиент не может оплатить промокодом/промокод исчез из МП  Текст письма: Тематика: Акции с промокодами и Мобильное приложение Канал поступления обращения: По телефону Дата поступления обращения: :--- Телефон:  Учетная запись:  Электро--- Суть обращения: У клиента не работает QRкод, не приходит СМС с подтверждением кода",Средняя,Низкая,(3) Средний,5х8 (9:00-13:00 - 14:00-18:00),Москва,120:00:00,2025-03-28 13:00:00,2025-03-28 13:00:00,2025-03-07 16:56:51.339000,02:56:51,Не просрочен,2025-03-12 17:02:10.908000,2025-12-15 10:56:14.440000,02:49:09,00:07:41,00:00:00,00:00:00,00:00:00,00:00:00,00:00:00,00:00:00,00:00:00,Дублирование,(1 линия),0,468,"Тема письма: Акция с промокодами/Клиент не может оплатить промокодом/промокод исчез из МП Текст письма: Тематика: Акции с промокодами и Мобильное приложение Канал поступления обращения: По телефону Дата поступления обращения: :--- Телефон: Учетная запись: Электро--- Суть обращения: У клиента не работает QRкод, не приходит СМС с подтверждением кода",1e543076498c375304535a59377e4b0111e36a78594ba87d055db1e22e5d4d23,conflicting_category;repeated_text,review,1
38643367,2025-03-07 14:04:03.309000,Закрыт,Внешний пользователь,"Мобильное приложение ""Почта России""",Мобильное приложение,Прочее,Запрос на обслуживание,Тема письма: Акция с промокодами/Клиент не может оплатить промокодом/промокод исчез из МП  Текст письма: Тематика: Акции с промокодами и Мобильное приложение Канал поступления обращения: По телефону Дата поступления обращения: : .--- Телефон:  Учетная запись:  Электронная п--- Суть обращения: Возникла проблема при изменение паспортных данных. На сайте почта России нет раздела для изменения данных. Просьба разобраться в данной ситуации.,Средняя,Низкая,(3) Средний,5х8 (9:00-13:00 - 14:00-18:00),Москва,120:00:00,2025-03-28 14:04:03.309000,2025-03-28 14:04:03,2025-03-07 15:14:27.907000,01:10:24,Не просрочен,2025-03-12 15:32:15.502000,2025-12-15 10:56:13.026000,00:53:48,00:16:35,00:00:00,00:00:00,00:00:00,00:00:00,00:00:00,00:00:00,00:00:00,Дублирование,(1 линия),0,470,Тема письма: Акция с промокодами/Клиент не может оплатить промокодом/промокод исчез из МП Текст письма: Тематика: Акции с промокодами и Мобильное приложение Канал поступления обращения: По телефону Дата поступления обращения: : .--- Телефон: Учетная запись: Электронная п--- Суть обращения: Возникла проблема при изменение паспортных данных. На сайте почта России нет раздела для изменения данных. Просьба разобраться в данной ситуации.,553c4374ccc8bd8f199da7b4a8762e81593c15a2c09111ea0c8ba0518e3431b6,conflicting_category;repeated_text,review,1
38643997,2025-03-07 14:58:44.900000,Закрыт,Внешний пользователь,"Мобильное приложение ""Почта России""",Мобильное приложение,Проблема с данными в личном кабинете клиента,Запрос на обслуживание,Тема письма: Акция с промокодами/Клиент не может оплатить промокодом/промокод исчез из МП Текст письма: Тематика: Акции с промокодами и Мобильное приложение Канал поступления обращения: По телефону Дата поступления обращения: : .--- Телефон:  Учетная запись:  Электронная п--- Суть обращения: Возникла проблема при изменение паспортных данных. На сайте почта России нет раздела для изменения данных. Просьба разобраться в данной ситуации.,Низкая,Низкая,(4) Низкий,5х8 (9:00-13:00 - 14:00-18:00),Москва,120:00:00,2025-04-03 17:21:43.867000,2025-04-03 17:21:43,2025-03-15 08:14:55.571000,08:38:16,Не просрочен,2025-03-29 08:15:43.996000,2025-12-15 10:54:10.839000,00:00:04,08:38:11,00:00:00,00:00:00,00:00:00,00:00:00,00:00:00,00:00:00,114:22:58,Уточнение не предоставлено,(1 линия),2,473,Тема письма: Акция с промокодами/Клиент не может оплатить промокодом/промокод исчез из МП Текст письма: Тематика: Акции с промокодами и Мобильное приложение Канал поступления обращения: По телефону Дата поступления обращения: : .--- Телефон: Учетная запись: Электронная п--- Суть обращения: Возникла проблема при изменение паспортных данных. На сайте почта России нет раздела для изменения данных. Просьба разобраться в данной ситуации.,553c4374ccc8bd8f199da7b4a8762e81593c15a2c09111ea0c8ba0518e3431b6,conflicting_category;repeated_text,review,0
38644484,2025-03-07 15:56:02.372000,Закрыт,Внешний пользователь,"Мобильное приложение ""Почта России""",Мобильное приложение,Прочее,Запрос на обслуживание,Тема письма: Акция с промокодами/Клиент не может оплатить промокодом/промокод исчез из МП  Текст письма: Тематика: Акции с промокодами и Мобильное приложение Канал поступления обращения: По телефону Дата поступления обращения:--- Телефон:  Учетная запись:  Электронная п--- Суть обращения: Клиенту поступило  уведомление по чужому треку,Средняя,Низкая,(3) Средний,5х8 (9:00-13:00 - 14:00-18:00),Москва,120:00:00,2025-03-28 15:56:02.372000,2025-03-28 15:56:02,2025-03-07 18:53:32.560000,02:03:57,Не просрочен,2025-03-12 19:01:27.435000,2025-12-15 10:54:09.072000,02:03:57,00:00:00,00:00:00,00:00:00,00:00:00,00:00:00,00:00:00,00:00:00,00:00:00,Дублирование,(1 линия),0,477,Тема письма: Акция с промокодами/Клиент не может оплатить промокодом/промокод исчез из МП Текст письма: Тематика: Акции с промокодами и Мобильное приложение Канал поступления обращения: По телефону Дата поступления обращения:--- Телефон: Учетная запись: Электронная п--- Суть обращения: Клиенту поступило уведомление по чужому треку,54d3441aba5f0fa4626d2ddaeefdaa8596a697c0cf7d6a3d8b22fdba0fbd0bd2,conflicting_category;repeated_text,review,1
38644758,2025-03-07 16:44:22.058000,Закрыт,Внешний пользователь,"Мобильное приложение ""Почта России""",Мобильное приложение,Прочее,Запрос на обслуживание,"Тема письма: Сервис трекинга /Другое  Текст письма: Тематика: Сервис Трекинга. Жалобы/предложения Канал поступления обращения: По телефону Дата поступления обращения: :--- Телефон:  Адрес заявителя: , Российская Федерация, г Москва, ул Ейская, д. /, кв.  Индекс ОПС:  Номер ШПИ: LKCN Электрон--- Суть обращения: вторую неделю нет кнопки для записи в ОПС.",Средняя,Низкая,(3) Средний,5х8 (9:00-13:00 - 14:00-18:00),Москва,120:00:00,2025-03-28 16:44:22.058000,2025-03-28 16:44:22,2025-03-07 18:55:45.414000,01:15:27,Не просрочен,2025-03-12 19:01:30.460000,2025-12-15 10:56:11.724000,01:12:51,00:02:19,00:00:00,00:00:00,00:00:00,00:00:00,00:00:00,00:00:00,00:00:00,Дублирование,(1 линия),0,484,"Тема письма: Сервис трекинга /Другое Текст письма: Тематика: Сервис Трекинга. Жалобы/предложения Канал поступления обращения: По телефону Дата поступления обращения: :--- Телефон: Адрес заявителя: , Российская Федерация, г Москва, ул Ейская, д. /, кв. Индекс ОПС: Номер ШПИ: LKCN Электрон--- Суть обращения: вторую неделю нет кнопки для записи в ОПС.",9f6c6086db433d84bd53692990a71fcbce46b9f86e92167e7b751f47d62f6051,conflicting_category;repeated_text,review,1
38644812,2025-03-07 16:56:43.236000,Закрыт,Внешний пользователь,"Мобильное приложение ""Почта России""",Мобильное приложение,Проблема с QR-код(подключение/отключение),Запрос на обслуживание,"Тема письма: Акция с промокодами/Клиент не может оплатить промокодом/промокод исчез из МП Текст письма: Тематика: Акции с промокодами и Мобильное приложение Канал поступления обращения: По телефону Дата поступления обращения: :--- Телефон:  Учетная запись:  Электро--- Суть обращения: У клиента не работает QRкод, не приходит СМС с подтверждением кода",Низкая,Низкая,(4) Низкий,5х8 (9:00-13:00 - 14:00-18:00),Москва,120:00:00,2025-03-28 16:56:43.264000,2025-03-28 16:56:43,2025-03-10 15:38:49.329000,06:42:06,Не просрочен,2025-03-15 16:02:14.579000,2025-12-15 10:53:53.152000,01:03:16,05:38:49,00:00:00,00:00:00,00:00:00,00:00:00,00:00:00,00:00:00,00:00:00,Решение предоставлено,(1 линия),1,485,"Тема письма: Акция с промокодами/Клиент не может оплатить промокодом/промокод исчез из МП Текст письма: Тематика: Акции с промокодами и Мобильное приложение Канал поступления обращения: По телефону Дата поступления обращения: :--- Телефон: Учетная запись: Электро--- Суть обращения: У клиента не работает QRкод, не приходит СМС с подтверждением кода",1e543076498c375304535a59377e4b0111e36a78594ba87d055db1e22e5d4d23,conflicting_category;repeated_text,review,1
38644822,2025-03-07 16:59:09.555000,Закрыт,Внешний пользователь,"Мобильное приложение ""Почта России""",Мобильное приложение,Автодобавление почтовых отправлений,Запрос на обслуживание,Тема письма: Акция с промокодами/Клиент не может оплатить промокодом/промокод исчез из МП Текст письма: Тематика: Акции с промокодами и Мобильное приложение Канал поступления обращения: По телефону Дата поступления обращения: : .--- Телефон:  Учетная запись:  Электро--- Суть обращения: Клиенту приходят уведомления по чужим трекам,Низкая,Низкая,(4) Низкий,5х8 (9:00-13:00 - 14:00-18:00),Москва,120:00:00,2025-03-28 16:59:09.555000,2025-03-28 16:59:09,2025-03-10 09:12:23.842000,00:12:24,Не просрочен,2025-03-15 09:32:57.552000,2025-12-15 10:53:53.037000,00:00:00,00:00:00,00:07:39,00:04:43,00:00:00,00:00:00,00:00:00,00:00:00,00:00:00,Решение предоставлено,(2 линия),2,486,Тема письма: Акция с промокодами/Клиент не может оплатить промокодом/промокод исчез из МП Текст письма: Тематика: Акции с промокодами и Мобильное приложение Канал поступления обращения: По телефону Дата поступления обращения: : .--- Телефон: Учетная запись: Электро--- Суть обращения: Клиенту приходят уведомления по чужим трекам,39f3cf05d1245c707c261f1a90741e8251acae9709f182449c4bce40d5260dd9,conflicting_category;repeated_text,review,0
38645212,2025-03-07 18:55:37.225000,Закрыт,Внешний пользователь,"Мобильное приложение ""Почта России""",Мобильное приложение,Проблема с ОПС/доставкой,Запрос на обслуживание,"Тема письма: Сервис трекинга /Другое Текст письма: Тематика: Сервис Трекинга. Жалобы/предложения Канал поступления обращения: По телефону Дата поступления обращения: :--- Телефон:  Адрес заявителя: , Российская Федерация, г Москва, ул Ейская, д. /, кв.  Индекс ОПС:  Номер ШПИ: LKCN Электрон--- Суть обращения: вторую неделю нет кнопки для записи в ОПС.",Низкая,Низкая,(4) Низкий,5х8 (9:00-13:00 - 14:00-18:00),Москва,120:00:00,2025-04-09 15:43:13.346000,2025-04-09 15:43:13,2025-03-20 07:44:37.238000,02:16:46,Не просрочен,2025-03-25 08:00:52.302000,2025-12-15 10:53:44.975000,00:00:04,00:04:27,01:00:44,00:00:37,00:00:00,00:00:00,00:00:00,00:00:00,65:28:13,Решение предоставлено,(1 линия),3,493,"Тема письма: Сервис трекинга /Другое Текст письма: Тематика: Сервис Трекинга. Жалобы/предложения Канал поступления обращения: По телефону Дата поступления обращения: :--- Телефон: Адрес заявителя: , Российская Федерация, г Москва, ул Ейская, д. /, кв. Индекс ОПС: Номер ШПИ: LKCN Электрон--- Суть обращения: вторую неделю нет кнопки для записи в ОПС.",9f6c6086db433d84bd53692990a71fcbce46b9f86e92167e7b751f47d62f6051,conflicting_category;repeated_text,review,1
38646036,2025-03-08 13:16:08.768000,Закрыт,Внешний пользователь,"Мобильное приложение ""Почта России""",Мобильное приложение,Прочее,Запрос на обслуживание,Тема письма: Тема отсутствует.  Текст письма: Описание отсутствует (пустое тело письма).,Средняя,Низкая,(3) Средний,5х8 (9:00-13:00 - 14:00-18:00),Москва,120:00:00,2025-03-28 18:00:00,2025-03-28 18:00:00,2025-03-08 13:23:04.105000,00:00:00,Не просрочен,2025-03-22 13:45:44.908000,2025-12-15 10:53:35.125000,00:00:00,00:00:00,00:00:00,00:00:00,00:00:00,00:00:00,00:00:00,00:00:00,80:00:00,Уточнение не предоставлено,(1 линия),1,513,Тема письма: Тема отсутствует. Текст письма: Описание отсутствует (пустое тело письма).,ad1e533cb81de11e0ae2e5f9c3065f72f44fc5056c11a9c85f9598d0856d9a22,conflicting_category;repeated_text,review,1
38647764,2025-03-09 20:00:15.422000,Закрыт,Внутренний пользователь,"Мобильное приложение ""Почта России""",Мобильное приложение,Проблема с данными в личном кабинете клиента,Запрос на обслуживание,Не входит в приложение. К--- А--- А---. Ответ предоставить клиенту на электронную почту. ,Низкая,Высокая,(3) Средний,5х8 (9:00-13:00 - 14:00-18:00),Москва,120:00:00,2025-03-31 09:16:41.950000,2025-03-31 09:16:41,2025-03-10 12:43:06.089000,03:26:24,Не просрочен,2025-03-15 13:02:12.076000,2025-12-15 10:51:26.009000,00:00:00,03:26:23,00:00:00,00:00:00,00:00:00,00:00:00,00:00:00,00:00:00,00:16:41,Дублирование,(1 линия),1,542,Не входит в приложение. К--- А--- А---. Ответ предоставить клиенту на электронную почту.,c69c6ccfcf4c27cabc7bb01931d860351400f41300e555df4f85e8730a225100,conflicting_category;repeated_text,review,0
38657305,2025-03-10 12:42:38.252000,Закрыт,Внешний пользователь,"Мобильное приложение ""Почта России""",Мобильное приложение,Ошибка в приложении (восстановление работоспособности),Инцидент,Не входит в приложение. К--- А--- А---. Ответ предоставить клиенту на электронную почту. ,Высокая,Низкая,(3) Средний,5х8 (9:00-13:00 - 14:00-18:00),Москва,40:00:00,2025-03-28 17:59:17.853000,2025-03-28 17:59:17,2025-03-22 19:09:47.322000,00:00:42,Не просрочен,2025-03-27 19:30:43.039000,2025-12-15 10:44:35.104000,00:00:06,00:00:35,00:00:00,00:00:00,00:00:00,00:00:00,00:00:00,00:00:00,76:16:39,Решение предоставлено,(1 линия),1,562,Не входит в приложение. К--- А--- А---. Ответ предоставить клиенту на электронную почту.,c69c6ccfcf4c27cabc7bb01931d860351400f41300e555df4f85e8730a225100,conflicting_category;repeated_text,review,1
38679298,2025-03-11 15:56:03.312000,Закрыт,Внешний пользователь,"Мобильное приложение ""Почта России""",Мобильное приложение,Прочее,Запрос на обслуживание,"Тема письма: Акция с промокодами/Клиент не может оплатить промокодом/промокод исчез из МП  Текст письма: Тематика: Акции с промокодами и Мобильное приложение Канал поступления обращения: По телефону Дата поступления обращения: : .--- Телефон:  Номер ШПИ: LKCN Учетная запись: есть Электронная --- Суть обращения: Заказали доставку в удобный день ., но посылку до сих пор не привезли.",Средняя,Низкая,(3) Средний,5х8 (9:00-13:00 - 14:00-18:00),Москва,120:00:00,2025-04-01 15:56:03.312000,2025-04-01 15:56:03,2025-03-11 16:00:14.509000,00:04:11,Не просрочен,2025-03-16 16:33:46.939000,2025-12-15 10:29:27.837000,00:00:31,00:03:39,00:00:00,00:00:00,00:00:00,00:00:00,00:00:00,00:00:00,00:00:00,Дублирование,(1 линия),0,653,"Тема письма: Акция с промокодами/Клиент не может оплатить промокодом/промокод исчез из МП Текст письма: Тематика: Акции с промокодами и Мобильное приложение Канал поступления обращения: По телефону Дата поступления обращения: : .--- Телефон: Номер ШПИ: LKCN Учетная запись: есть Электронная --- Суть обращения: Заказали доставку в удобный день ., но посылку до сих пор не привезли.",05ced0c804285ebcc4d8a9ff7593480d97e2d58375f0b5d76ca3752f73515b76,conflicting_category;repeated_text,review,1
38679309,2025-03-11 15:57:16.847000,Закрыт,Внешний пользователь,"Мобильное приложение ""Почта России""",Мобильное приложение,Проблема с ОПС/доставкой,Запрос на обслуживание,"Тема письма: Акция с промокодами/Клиент не может оплатить промокодом/промокод исчез из МП Текст письма: Тематика: Акции с промокодами и Мобильное приложение Канал поступления обращения: По телефону Дата поступления обращения: : .--- Телефон:  Номер ШПИ: LKCN Учетная запись: есть Электронная --- Суть обращения: Заказали доставку в удобный день ., но посылку до сих пор не привезли.",Низкая,Низкая,(4) Низкий,5х8 (9:00-13:00 - 14:00-18:00),Москва,120:00:00,2025-04-01 15:57:16.847000,2025-04-01 15:57:16,2025-03-11 16:01:30.935000,00:04:14,Не просрочен,2025-03-25 16:16:02.563000,2025-12-15 10:29:09.355000,00:00:03,00:04:10,00:00:00,00:00:00,00:00:00,00:00:00,00:00:00,00:00:00,80:14:31,Уточнение не предоставлено,(1 линия),1,654,"Тема письма: Акция с промокодами/Клиент не может оплатить промокодом/промокод исчез из МП Текст письма: Тематика: Акции с промокодами и Мобильное приложение Канал поступления обращения: По телефону Дата поступления обращения: : .--- Телефон: Номер ШПИ: LKCN Учетная запись: есть Электронная --- Суть обращения: Заказали доставку в удобный день ., но посылку до сих пор не привезли.",05ced0c804285ebcc4d8a9ff7593480d97e2d58375f0b5d76ca3752f73515b76,conflicting_category;repeated_text,review,1
38682917,2025-03-12 07:00:10.195000,Закрыт,Внешний пользователь,"Мобильное приложение ""Почта России""",Мобильное приложение,Ошибка в приложении (восстановление работоспособности),Инцидент,Тема письма: Тема отсутствует.  Текст письма:            --     Отправлено из Mail для Android,Высокая,Низкая,(3) Средний,5х8 (9:00-13:00 - 14:00-18:00),Москва,40:00:00,2025-03-18 18:00:00,2025-03-18 18:00:00,2025-03-14 09:40:29.824000,00:16:06,Не просрочен,2025-03-14 09:40:29.763000,2025-12-15 10:26:34.777000,00:01:15,00:04:18,00:02:50,00:00:51,00:00:00,00:00:00,00:00:00,00:00:00,16:24:22,Не согласован,(1 линия),1,666,Тема письма: Тема отсутствует. Текст письма: -- Отправлено из Mail для Android,fcd5e9e535d1f974e2bb1ebded15bbfb5f09fa078578d418356067a9705f104b,conflicting_category;repeated_text,review,1
38689824,2025-03-12 11:24:13.542000,Закрыт,Внешний пользователь,"Мобильное приложение ""Почта России""",Мобильное приложение,Прочее,Запрос на обслуживание,Тема письма: Акция с промокодами/Клиент не может оплатить промокодом/промокод исчез из МП  Текст письма: Тематика: Акции с промокодами и Мобильное приложение Канал поступления обращения: По телефону Дата поступления обращения: : .. ---  Элект--- Суть обращения: Не приходят треки на отправления,Средняя,Низкая,(3) Средний,5х8 (9:00-13:00 - 14:00-18:00),Москва,120:00:00,2025-04-02 11:24:13.542000,2025-04-02 11:24:13,2025-03-12 11:33:20.990000,00:09:07,Не просрочен,2025-03-17 12:04:46.393000,2025-12-15 10:20:35.959000,00:03:24,00:05:42,00:00:00,00:00:00,00:00:00,00:00:00,00:00:00,00:00:00,00:00:00,Дублирование,(1 линия),0,685,Тема письма: Акция с промокодами/Клиент не может оплатить промокодом/промокод исчез из МП Текст письма: Тематика: Акции с промокодами и Мобильное приложение Канал поступления обращения: По телефону Дата поступления обращения: : .. --- Элект--- Суть обращения: Не приходят треки на отправления,7aee391f27ad8d7e06db2f021872b7ed181148f047f6dbd0ea75596ab78b1866,conflicting_category;repeated_text,review,1
38690080,2025-03-12 11:33:10.062000,Закрыт,Внешний пользователь,"Мобильное приложение ""Почта России""",Мобильное приложение,Автодобавление почтовых отправлений,Запрос на обслуживание,Тема письма: Акция с промокодами/Клиент не может оплатить промокодом/промокод исчез из МП Текст письма: Тематика: Акции с промокодами и Мобильное приложение Канал поступления обращения: По телефону Дата поступления обращения: : .. --- Элект--- Суть обращения: Не приходят треки на отправления,Низкая,Низкая,(4) Низкий,5х8 (9:00-13:00 - 14:00-18:00),Москва,120:00:00,2025-04-02 11:33:10.062000,2025-04-02 11:33:10,2025-03-12 13:38:52.653000,00:44:40,Не просрочен,2025-03-17 14:04:02.200000,2025-12-15 10:20:29.006000,00:00:38,00:44:01,00:00:00,00:00:00,00:00:00,00:00:00,00:00:00,00:00:00,00:42:09,Решение предоставлено,(2 линия),2,688,Тема письма: Акция с промокодами/Клиент не может оплатить промокодом/промокод исчез из МП Текст письма: Тематика: Акции с промокодами и Мобильное приложение Канал поступления обращения: По телефону Дата поступления обращения: : .. --- Элект--- Суть обращения: Не приходят треки на отправления,7aee391f27ad8d7e06db2f021872b7ed181148f047f6dbd0ea75596ab78b1866,conflicting_category;repeated_text,review,0
38691130,2025-03-12 12:12:01.542000,Закрыт,Внешний пользователь,"Мобильное приложение ""Почта России""",Мобильное приложение,Прочее,Запрос на обслуживание,"Тема письма: Акция с промокодами/Клиент не может оплатить промокодом/промокод исчез из МП  Текст письма: Тематика: Акции с промокодами и Мобильное приложение Канал поступления обращения: По телефону Дата поступления обращения: : .. --- Телефон:  Электр--- Суть обращения: В мобильном приложении и на сайте не получается записаться в отделение. При оформлении требуется ввести фамилию. В моб приложении окошко не активно, а на сайте фамилию не видит. ПЭП подключена.",Средняя,Низкая,(3) Средний,5х8 (9:00-13:00 - 14:00-18:00),Москва,120:00:00,2025-04-02 12:12:01.542000,2025-04-02 12:12:01,2025-03-12 12:23:33.383000,00:11:31,Не просрочен,2025-03-17 12:34:14.826000,2025-12-15 10:20:47.942000,00:04:35,00:06:53,00:00:00,00:00:00,00:00:00,00:00:00,00:00:00,00:00:00,00:00:00,Дублирование,(1 линия),0,692,"Тема письма: Акция с промокодами/Клиент не может оплатить промокодом/промокод исчез из МП Текст письма: Тематика: Акции с промокодами и Мобильное приложение Канал поступления обращения: По телефону Дата поступления обращения: : .. --- Телефон: Электр--- Суть обращения: В мобильном приложении и на сайте не получается записаться в отделение. При оформлении требуется ввести фамилию. В моб приложении окошко не активно, а на сайте фамилию не видит. ПЭП подключена.",ad66696cb636c9f5faa8676c5ced04a59a045365ae86efaf8acd2b555237bec6,conflicting_category;repeated_text,review,1
38691402,2025-03-12 12:23:24.649000,Закрыт,Внешний пользователь,"Мобильное приложение ""Почта России""",Мобильное приложение,Проблема с ОПС/доставкой,Запрос на обслуживание,"Тема письма: Акция с промокодами/Клиент не может оплатить промокодом/промокод исчез из МП Текст письма: Тематика: Акции с промокодами и Мобильное приложение Канал поступления обращения: По телефону Дата поступления обращения: : ..--- Телефон:  Электр--- Суть обращения: В мобильном приложении и на сайте не получается записаться в отделение. При оформлении требуется ввести фамилию. В моб приложении окошко не активно, а на сайте фамилию не видит. ПЭП подключена.",Низкая,Низкая,(4) Низкий,5х8 (9:00-13:00 - 14:00-18:00),Москва,120:00:00,2025-04-02 17:25:47.454000,2025-04-02 17:25:47,2025-03-13 08:39:36.565000,00:34:12,Не просрочен,2025-03-18 09:01:53.808000,2025-12-15 10:20:04.468000,00:02:24,00:31:48,00:00:00,00:00:00,00:00:00,00:00:00,00:00:00,00:00:00,04:02:22,Решение предоставлено,(1 линия),2,694,"Тема письма: Акция с промокодами/Клиент не может оплатить промокодом/промокод исчез из МП Текст письма: Тематика: Акции с промокодами и Мобильное приложение Канал поступления обращения: По телефону Дата поступления обращения: : ..--- Телефон: Электр--- Суть обращения: В мобильном приложении и на сайте не получается записаться в отделение. При оформлении требуется ввести фамилию. В моб приложении окошко не активно, а на сайте фамилию не видит. ПЭП подключена.",ad66696cb636c9f5faa8676c5ced04a59a045365ae86efaf8acd2b555237bec6,conflicting_category;repeated_text,review,1
38692617,2025-03-12 13:16:02.515000,Закрыт,Внешний пользователь,"Мобильное приложение ""Почта России""",Мобильное приложение,Прочее,Запрос на обслуживание,"Тема письма: Акция с промокодами/Клиент не может оплатить промокодом/промокод исчез из МП  Текст письма: Тематика: Акции с промокодами и Мобильное приложение Канал поступления обращения: По телефону Дата поступления обращения: :--- Телефон:  Учетная запись:  Электронн--- Суть обращения: В приложении и на сайте нет технической возможности посмотреть, на каких устройствах выполнен вход в приложение, и при необходимости выйти. Клиент изменил пароль. Просит предоставить информацию о действующих устройствах, а также сделать выход на устройствах. Просит добавить данную возможность при следующем обновлении.",Средняя,Низкая,(3) Средний,5х8 (9:00-13:00 - 14:00-18:00),Москва,120:00:00,2025-04-02 13:00:00,2025-04-02 13:00:00,2025-03-12 13:18:34.699000,00:00:00,Не просрочен,2025-03-17 13:33:47.120000,2025-12-15 10:20:06.512000,00:00:00,00:00:00,00:00:00,00:00:00,00:00:00,00:00:00,00:00:00,00:00:00,00:00:00,Дублирование,(1 линия),0,701,"Тема письма: Акция с промокодами/Клиент не может оплатить промокодом/промокод исчез из МП Текст письма: Тематика: Акции с промокодами и Мобильное приложение Канал поступления обращения: По телефону Дата поступления обращения: :--- Телефон: Учетная запись: Электронн--- Суть обращения: В приложении и на сайте нет технической возможности посмотреть, на каких устройствах выполнен вход в приложение, и при необходимости выйти. Клиент изменил пароль. Просит предоставить информацию о действующих устройствах, а также сделать выход на устройствах. Просит добавить данную возможность при следующем обновлении.",0d8203a44dd3c94b33cd89a9b227d028c4f3f4c05caf6c5d8d2ab2e5d49458a1,conflicting_category;repeated_text,review,1
38692663,2025-03-12 13:18:23.546000,Закрыт,Внешний пользователь,"Мобильное приложение ""Почта России""",Мобильное приложение,Предложение по изменению,Запрос на обслуживание,"Тема письма: Акция с промокодами/Клиент не может оплатить промокодом/промокод исчез из МП Текст письма: Тематика: Акции с промокодами и Мобильное приложение Канал поступления обращения: По телефону Дата поступления обращения: :--- Телефон:  Учетная запись:  Электронн--- Суть обращения: В приложении и на сайте нет технической возможности посмотреть, на каких устройствах выполнен вход в приложение, и при необходимости выйти. Клиент изменил пароль. Просит предоставить информацию о действующих устройствах, а также сделать выход на устройствах. Просит добавить данную возможность при следующем обновлении.",Низкая,Низкая,(4) Низкий,5х8 (9:00-13:00 - 14:00-18:00),Москва,120:00:00,2025-04-02 13:00:00,2025-04-02 13:00:00,2025-03-12 14:04:11.431000,00:04:11,Не просрочен,2025-03-17 14:33:57.012000,2025-12-15 10:18:01.529000,00:00:00,00:00:00,00:00:00,00:04:11,00:00:00,00:00:00,00:00:00,00:00:00,00:00:00,Решение предоставлено,(2 линия),0,702,"Тема письма: Акция с промокодами/Клиент не может оплатить промокодом/промокод исчез из МП Текст письма: Тематика: Акции с промокодами и Мобильное приложение Канал поступления обращения: По телефону Дата поступления обращения: :--- Телефон: Учетная запись: Электронн--- Суть обращения: В приложении и на сайте нет технической возможности посмотреть, на каких устройствах выполнен вход в приложение, и при необходимости выйти. Клиент изменил пароль. Просит предоставить информацию о действующих устройствах, а также сделать выход на устройствах. Просит добавить данную возможность при следующем обновлении.",0d8203a44dd3c94b33cd89a9b227d028c4f3f4c05caf6c5d8d2ab2e5d49458a1,conflicting_category;repeated_text,review,0
38696310,2025-03-12 15:56:43.106000,Закрыт,Внутренний пользователь,Партионный прием (Priem.pochta.ru),Silkway/Силквей,Проблемы в работе Silkway,Инцидент,не работает партионный прием ,Низкая,Высокая,(3) Средний,График объекта обслуживания с учетом календаря выходных дней,Москва,119:59:16,2025-03-17 15:55:59.106000,2025-03-17 15:55:59,2025-03-13 08:08:18.118000,01:04:00,Не просрочен,2025-03-18 08:32:38.111000,2025-12-15 10:15:16.207000,15:44:13,00:27:21,00:00:00,00:00:00,00:00:00,00:00:00,00:00:00,00:00:00,00:00:00,Отменено пользователем,(1 линия),0,718,не работает партионный прием,4bf33d127b3b52ed3b085bcdfad66965d71b576369ba192f63d3e25d7400f585,conflicting_category;repeated_text;short_text_review,review,0
38698528,2025-03-12 18:52:01.778000,Закрыт,Внешний пользователь,"Мобильное приложение ""Почта России""",Мобильное приложение,Прочее,Запрос на обслуживание,"Тема письма: Акция с промокодами/Клиент не может оплатить промокодом/промокод исчез из МП  Текст письма: Тематика: Акции с промокодами и Мобильное приложение Канал поступления обращения: По телефону Дата поступления обращения: : .--- Телефон:  Адрес заявителя:  обл Волгоградская, г Камышин, ул Пролетарская, дом  Индекс ОПС:  Электронная по--- Суть обращения: с  декабря была последняя информация об отправке в приложение",Средняя,Низкая,(3) Средний,5х8 (9:00-13:00 - 14:00-18:00),Москва,120:00:00,2025-04-02 18:00:00,2025-04-02 18:00:00,2025-03-12 19:34:58.954000,00:00:00,Не просрочен,2025-03-17 20:01:36.021000,2025-12-15 10:14:30.127000,00:00:00,00:00:00,00:00:00,00:00:00,00:00:00,00:00:00,00:00:00,00:00:00,00:00:00,Дублирование,(1 линия),0,733,"Тема письма: Акция с промокодами/Клиент не может оплатить промокодом/промокод исчез из МП Текст письма: Тематика: Акции с промокодами и Мобильное приложение Канал поступления обращения: По телефону Дата поступления обращения: : .--- Телефон: Адрес заявителя: обл Волгоградская, г Камышин, ул Пролетарская, дом Индекс ОПС: Электронная по--- Суть обращения: с декабря была последняя информация об отправке в приложение",688f4a128fadcecad5f59a7586f1c9f204846154dfe1b61393abfe4a0d33e22d,conflicting_category;repeated_text,review,1
38698539,2025-03-12 18:54:46.263000,Закрыт,Внешний пользователь,"Мобильное приложение ""Почта России""",Мобильное приложение,Автодобавление почтовых отправлений,Запрос на обслуживание,"Тема письма: Акция с промокодами/Клиент не может оплатить промокодом/промокод исчез из МП Текст письма: Тематика: Акции с промокодами и Мобильное приложение Канал поступления обращения: По телефону Дата поступления обращения: : .--- Телефон:  Адрес заявителя:  обл Волгоградская, г Камышин, ул Пролетарская, дом  Индекс ОПС:  Электронная по--- Суть обращения: с  декабря была последняя информация об отправке в приложение",Низкая,Низкая,(4) Низкий,5х8 (9:00-13:00 - 14:00-18:00),Москва,120:00:00,2025-04-02 18:00:00,2025-04-02 18:00:00,2025-03-12 19:34:25.366000,00:00:00,Не просрочен,2025-03-26 19:45:46.378000,2025-12-15 10:14:27.669000,00:00:00,00:00:00,00:00:00,00:00:00,00:00:00,00:00:00,00:00:00,00:00:00,80:00:00,Уточнение не предоставлено,(1 линия),1,735,"Тема письма: Акция с промокодами/Клиент не может оплатить промокодом/промокод исчез из МП Текст письма: Тематика: Акции с промокодами и Мобильное приложение Канал поступления обращения: По телефону Дата поступления обращения: : .--- Телефон: Адрес заявителя: обл Волгоградская, г Камышин, ул Пролетарская, дом Индекс ОПС: Электронная по--- Суть обращения: с декабря была последняя информация об отправке в приложение",688f4a128fadcecad5f59a7586f1c9f204846154dfe1b61393abfe4a0d33e22d,conflicting_category;repeated_text,review,0
38710240,2025-03-13 13:25:39.368000,Закрыт,Внутренний пользователь,Партионный прием (Priem.pochta.ru),Сервис партионного приема,Ошибки загрузки страницы/зависания,Инцидент,не работает партионный прием ,Высокая,Низкая,(3) Средний,График объекта обслуживания с учетом календаря выходных дней,Москва,92:59:20,2025-03-17 10:24:59.368000,2025-03-17 10:24:59,2025-03-13 14:19:40.758000,00:54:00,Не просрочен,2025-03-18 14:33:07.967000,2025-12-15 10:05:32.001000,00:53:44,00:00:16,00:00:00,00:00:00,00:00:00,00:00:00,00:00:00,00:00:00,00:00:00,Отменено,(1 линия),0,781,не работает партионный прием,4bf33d127b3b52ed3b085bcdfad66965d71b576369ba192f63d3e25d7400f585,conflicting_category;repeated_text;short_text_review,review,1
38711891,2025-03-13 14:36:11.501000,Закрыт,Внешний пользователь,"Мобильное приложение ""Почта России""",Мобильное приложение,Автодобавление почтовых отправлений,Запрос на обслуживание,"Тема письма: Обращение от ..  Текст письма:     Отправлено с iPhone   февр.  г., в :, Юл---> написал(а):       Отправлено с iPhone Добрый вечер. Проблема в мобильном приложении,где специалист приняв заявку описала.От вас поступил ответ-трек номер и тд,дело не в треке и --- о другом,почему в мобильном приложении не отображаются полученные мной письма по коду в отделении Почта России? Мобильное приложение активировано по данному номеру телефона.  февр.  г., в--- написал(а):                                                                                                                                                                                    При ответе добавьте комментарий выше                                                                            Здравствуйте!                                                          В запрос под номером                      добавлен комментарий                                                                                                                                                                                                                                                      Пользова--- добавил комментарий:  Добрый день.  Просьба уточнить:                                  Трек номер отправления (если трек номера нет, необходимы следующие данные-дата/время отправления, адрес и индекс получателя, индекс ОПС, из которого было отправлено почтовое отправление, ---.                 Под каким логином (номером телефона) вы авторизованы в мобильном приложении Почта России.                  С уважением, Отдел поддержки пользователей                                                                                                                                                                                 Услуга:  Мобильное приложение ""Почта России""  Вид запроса: Автодобавление почтовых отправлений                 Контактный телефон:   Контак---                                                                                                                                                                                                                                                 Описание: Тема письма: Проблемы с учетной записью при входе в Мобильное приложение или сайт Почты России Текст письма: Тематика: Проблемы с учетной записью при входе в МП/Сайт Канал поступления обращения: По телефону Дата поступления обращени--- Телефон:  Электронная поч--- Суть обращения: У клиента в мобильном приложении с ноября  не отображаются отправления , которые она получила , просит исправить ошибку или предоставить информацию                                                                                                                                                                                                                                                                  <fde-f-be--fae>",Низкая,Низкая,(4) Низкий,5х8 (9:00-13:00 - 14:00-18:00),Москва,120:00:00,2025-04-07 10:24:41.740000,2025-04-07 10:24:41,2025-03-17 15:24:39.262000,03:59:57,Не просрочен,2025-03-22 15:31:48.256000,2025-12-15 10:05:18.597000,00:03:03,01:27:19,02:26:12,00:03:21,00:00:00,00:00:00,00:00:00,00:00:00,12:48:30,Решение предоставлено,(2 линия),4,798,"Тема письма: Обращение от .. Текст письма: Отправлено с iPhone февр. г., в :, Юл---> написал(а): Отправлено с iPhone Добрый вечер. Проблема в мобильном приложении,где специалист приняв заявку описала.От вас поступил ответ-трек номер и тд,дело не в треке и --- о другом,почему в мобильном приложении не отображаются полученные мной письма по коду в отделении Почта России? Мобильное приложение активировано по данному номеру телефона. февр. г., в--- написал(а): При ответе добавьте комментарий выше Здравствуйте! В запрос под номером добавлен комментарий Пользова--- добавил комментарий: Добрый день. Просьба уточнить: Трек номер отправления (если трек номера нет, необходимы следующие данные-дата/время отправления, адрес и индекс получателя, индекс ОПС, из которого было отправлено почтовое отправление, ---. Под каким логином (номером телефона) вы авторизованы в мобильном приложении Почта России. С уважением, Отдел поддержки пользователей Услуга: Мобильное приложение ""Почта России"" Вид запроса: Автодобавление почтовых отправлений Контактный телефон: Контак--- Описание: Тема письма: Проблемы с учетной записью при входе в Мобильное приложение или сайт Почты России Текст письма: Тематика: Проблемы с учетной записью при входе в МП/Сайт Канал поступления обращения: По телефону Дата поступления обращени--- Телефон: Электронная поч--- Суть обращения: У клиента в мобильном приложении с ноября не отображаются отправления , которые она получила , просит исправить ошибку или предоставить информацию <fde-f-be--fae>",b069508703b84ed1661c121a70ea3ed67aa2a258b8ce8e2b8c297287521a25ce,conflicting_category;repeated_text,review,0
38713511,2025-03-13 15:48:08.160000,Закрыт,Внешний пользователь,"Мобильное приложение ""Почта России""",Мобильное приложение,Автодобавление почтовых отправлений,Запрос на обслуживание,"Тема письма: Дополнение   Текст письма:     Отправлено с iPhone   марта  г., в--- написал(а):                                                                                                                                                                                    При ответе добавьте комментарий выше                                                                            Здравствуйте!                                                          В запрос под номером                      добавлен комментарий                                                                                                                                                                                                                                                      Пользо--- добавил комментарий:  Данные на Вашем снимке плохо читаемы. Укажите трек-номер вручную.                                                                                                                                                                                 Услуга:  Мобильное приложение ""Почта России""  Вид запроса: Прочее                  Контак---                                                                                                                                                                                                                                                 Описание: Тема письма: Обращение от ..  Текст письма:    <c-bc--baae-ddfe>                                   Отправлено с iPhone                                                                                       февр.  г., в :, Юл---> написал(а):                                                                                                                                                                                                        Отправлено с iPhone                                                        Добрый вечер. Проблема в мобильном приложении,где специалист приняв заявку описала.От вас поступил ответ-трек номер и тд,дело не в треке и --- о другом,почему в мобильном приложении не отображаются полученные мной письма по коду в отделении Почта России?                                                        Мобильное приложение активировано по данному номеру телефона.                                                            февр.  г., в--- написал(а):                                                                                                                                                                                                                                                                                                                                                                                                                                                                                                                                                                                                                                                                                                                                                                          При ответе добавьте комментарий выше                                                                                                                                             Здравствуйте!                                                                                                          В запрос под номером                                     добавлен комментарий                                                                                                                                                                                                                                                                                                                                                                                                                                                                                                                                                                                                                                                                                 Пользова--- добавил комментарий:  Добрый день.  Просьба уточнить:                                                                     Трек номер отправления (если трек номера нет, необходимы следующие данные-дата/время отправления, адрес и индекс получателя, индекс ОПС, из которого было отправлено почтовое отправление, ---.                                  Под каким логином (номером телефона) вы авторизованы в мобильном приложении Почта России.                                   С уважением, Отдел поддержки пользователей Услуга:  Мобильное приложение ""Почта России""  Вид запроса: Автодобавление почтовых отправлений                                  Контактный телефон:   Контак---                                                                                                                                                                                                                                                                                                                                                                                                                                                                                                                                                                                                                                          Описание: Тема письма: Проблемы с учетной записью при входе в Мобильное приложение или сайт Почты России Текст письма: Тематика: Проблемы с учетной записью при входе в МП/Сайт Канал поступления обращения: По телефону Дата поступления обращени--- Телефон:  Электронная поч--- Суть обращения: У клиента в мобильном приложении с ноября  не отображаются отправления , которые она получила , просит исправить ошибку или предоставить информацию                                                                                                                                                                                                                                                                                                                                                                                                                                                                                                                                                                                                                                                                                                                                                                                                                                                                          <fde-f-be--fae>                                                                                                                                                                                                                                                                                                                                                                                                                                     <be-b-a-a-feadf>",Низкая,Низкая,(4) Низкий,5х8 (9:00-13:00 - 14:00-18:00),Москва,120:00:00,2025-04-03 15:48:08.160000,2025-04-03 15:48:08,2025-03-13 16:01:36.666000,00:13:28,Не просрочен,2025-03-13 16:01:36.581000,2025-12-15 10:03:19.668000,00:01:51,00:11:36,00:00:00,00:00:00,00:00:00,00:00:00,00:00:00,00:00:00,00:00:00,Не согласован,(1 линия),0,812,"Тема письма: Дополнение Текст письма: Отправлено с iPhone марта г., в--- написал(а): При ответе добавьте комментарий выше Здравствуйте! В запрос под номером добавлен комментарий Пользо--- добавил комментарий: Данные на Вашем снимке плохо читаемы. Укажите трек-номер вручную. Услуга: Мобильное приложение ""Почта России"" Вид запроса: Прочее Контак--- Описание: Тема письма: Обращение от .. Текст письма: <c-bc--baae-ddfe> Отправлено с iPhone февр. г., в :, Юл---> написал(а): Отправлено с iPhone Добрый вечер. Проблема в мобильном приложении,где специалист приняв заявку описала.От вас поступил ответ-трек номер и тд,дело не в треке и --- о другом,почему в мобильном приложении не отображаются полученные мной письма по коду в отделении Почта России? Мобильное приложение активировано по данному номеру телефона. февр. г., в--- написал(а): При ответе добавьте комментарий выше Здравствуйте! В запрос под номером добавлен комментарий Пользова--- добавил комментарий: Добрый день. Просьба уточнить: Трек номер отправления (если трек номера нет, необходимы следующие данные-дата/время отправления, адрес и индекс получателя, индекс ОПС, из которого было отправлено почтовое отправление, ---. Под каким логином (номером телефона) вы авторизованы в мобильном приложении Почта России. С уважением, Отдел поддержки пользователей Услуга: Мобильное приложение ""Почта России"" Вид запроса: Автодобавление почтовых отправлений Контактный телефон: Контак--- Описание: Тема письма: Проблемы с учетной записью при входе в Мобильное приложение или сайт Почты России Текст письма: Тематика: Проблемы с учетной записью при входе в МП/Сайт Канал поступления обращения: По телефону Дата поступления обращени--- Телефон: Электронная поч--- Суть обращения: У клиента в мобильном приложении с ноября не отображаются отправления , которые она получила , просит исправить ошибку или предоставить информацию <fde-f-be--fae> <be-b-a-a-feadf>",b069508703b84ed1661c121a70ea3ed67aa2a258b8ce8e2b8c297287521a25ce,conflicting_category;repeated_text,review,0
38723187,2025-03-14 11:32:02.631000,Закрыт,Внешний пользователь,"Мобильное приложение ""Почта России""",Мобильное приложение,Проблема с push/sms/email,Запрос на обслуживание,Тема письма: Акция с промокодами/Клиент не может оплатить промокодом/промокод исчез из МП  Текст письма: Тематика: Акции с промокодами и Мобильное приложение Канал поступления обращения: По телефону Дата поступления обращения:--- Телефон:  Учетная запись:  Электронна--- Суть обращения: Клиенту поступило уведомление по чужому треку,Низкая,Низкая,(4) Низкий,5х8 (9:00-13:00 - 14:00-18:00),Москва,120:00:00,2025-04-04 11:32:02.631000,2025-04-04 11:32:02,2025-03-14 11:36:05.768000,00:04:03,Не просрочен,2025-03-19 12:04:10.913000,2025-12-15 09:56:25.213000,00:02:23,00:01:39,00:00:00,00:00:00,00:00:00,00:00:00,00:00:00,00:00:00,00:00:00,Дублирование,(1 линия),0,854,Тема письма: Акция с промокодами/Клиент не может оплатить промокодом/промокод исчез из МП Текст письма: Тематика: Акции с промокодами и Мобильное приложение Канал поступления обращения: По телефону Дата поступления обращения:--- Телефон: Учетная запись: Электронна--- Суть обращения: Клиенту поступило уведомление по чужому треку,54d3441aba5f0fa4626d2ddaeefdaa8596a697c0cf7d6a3d8b22fdba0fbd0bd2,conflicting_category;repeated_text,review,1
38723288,2025-03-14 11:35:51.397000,Закрыт,Внешний пользователь,"Мобильное приложение ""Почта России""",Мобильное приложение,Проблема с push/sms/email,Запрос на обслуживание,Тема письма: Акция с промокодами/Клиент не может оплатить промокодом/промокод исчез из МП Текст письма: Тематика: Акции с промокодами и Мобильное приложение Канал поступления обращения: По телефону Дата поступления обращения:--- Телефон:  Учетная запись:  Электронна--- Суть обращения: Клиенту поступило уведомление по чужому треку,Низкая,Низкая,(4) Низкий,5х8 (9:00-13:00 - 14:00-18:00),Москва,120:00:00,2025-04-04 11:35:51.397000,2025-04-04 11:35:51,2025-03-14 11:36:46.612000,00:00:55,Не просрочен,2025-03-28 11:45:58.968000,2025-12-15 09:56:08.164000,00:00:03,00:00:51,00:00:00,00:00:00,00:00:00,00:00:00,00:00:00,00:00:00,80:09:12,Уточнение не предоставлено,(1 линия),1,855,Тема письма: Акция с промокодами/Клиент не может оплатить промокодом/промокод исчез из МП Текст письма: Тематика: Акции с промокодами и Мобильное приложение Канал поступления обращения: По телефону Дата поступления обращения:--- Телефон: Учетная запись: Электронна--- Суть обращения: Клиенту поступило уведомление по чужому треку,54d3441aba5f0fa4626d2ddaeefdaa8596a697c0cf7d6a3d8b22fdba0fbd0bd2,conflicting_category;repeated_text,review,1
38728622,2025-03-14 15:24:12.145000,Закрыт,Внешний пользователь,"Мобильное приложение ""Почта России""",Мобильное приложение,Прочее,Запрос на обслуживание,"Тема письма: Дополнение   Текст письма:     Отправлено с iPhone   марта  г., в--- написал(а):                                                                                                                                                                                    При ответе добавьте комментарий выше                                                                            Здравствуйте!                                                          В запрос под номером                      добавлен комментарий                                                                                                                                                                                                                                                      Пользо--- добавил комментарий:  Уточните, пожалуйста, корректный-трек номер. В нашей системе отслеживания нет информации по трек-номеру .                                                                                                                                                                                 Услуга:  Мобильное приложение ""Почта России""  Вид запроса: Прочее                  Контак---                                                                                                                                                                                                                                                 Описание: Тема письма: Обращение от ..  Текст письма:    <ebdc-bf-f-b-aced>                                   Отправлено с iPhone                                                                                       февр.  г., в :, Юл---> написал(а):                                                                                                                                                                                                        Отправлено с iPhone                                                        Добрый вечер. Проблема в мобильном приложении,где специалист приняв заявку описала.От вас поступил ответ-трек номер и тд,дело не в треке и --- о другом,почему в мобильном приложении не отображаются полученные мной письма по коду в отделении Почта России?                                                        Мобильное приложение активировано по данному номеру телефона.                                                            февр.  г., в--- написал(а):                                                                                                                                                                                                                                                                                                                                                                                                                                                                                                                                                                                                                                                                                                                                                                          При ответе добавьте комментарий выше                                                                                                                                             Здравствуйте!                                                                                                          В запрос под номером                                     добавлен комментарий                                                                                                                                                                                                                                                                                                                                                                                                                                                                                                                                                                                                                                                                                 Пользова--- добавил комментарий:  Добрый день.  Просьба уточнить:                                                                     Трек номер отправления (если трек номера нет, необходимы следующие данные-дата/время отправления, адрес и индекс получателя, индекс ОПС, из которого было отправлено почтовое отправление, ---.                                  Под каким логином (номером телефона) вы авторизованы в мобильном приложении Почта России.                                   С уважением, Отдел поддержки пользователей Услуга:  Мобильное приложение ""Почта России""  Вид запроса: Автодобавление почтовых отправлений                                  Контактный телефон:   Контак---                                                                                                                                                                                                                                                                                                                                                                                                                                                                                                                                                                                                                                          Описание: Тема письма: Проблемы с учетной записью при входе в Мобильное приложение или сайт Почты России Текст письма: Тематика: Проблемы с учетной записью при входе в МП/Сайт Канал поступления обращения: По телефону Дата поступления обращени--- Телефон:  Электронная поч--- Суть обращения: У клиента в мобильном приложении с ноября  не отображаются отправления , которые она получила , просит исправить ошибку или предоставить информацию                                                                                                                                                                                                                                                                                                                                                                                                                                                                                                                                                                                                                                                                                                                                                                                                                                                                          <fde-f-be--fae>                                                                                                                                                                                                                                                                                                                                                                                                                                     <bbd-f-fb-aa-ab>",Средняя,Низкая,(3) Средний,5х8 (9:00-13:00 - 14:00-18:00),Москва,120:00:00,2025-04-04 15:24:12.145000,2025-04-04 15:24:12,2025-03-14 15:32:45.981000,00:08:33,Не просрочен,2025-03-14 15:32:45.920000,2025-12-15 09:51:08.496000,00:05:30,00:03:02,00:00:00,00:00:00,00:00:00,00:00:00,00:00:00,00:00:00,00:00:00,Не согласован,(1 линия),0,868,"Тема письма: Дополнение Текст письма: Отправлено с iPhone марта г., в--- написал(а): При ответе добавьте комментарий выше Здравствуйте! В запрос под номером добавлен комментарий Пользо--- добавил комментарий: Уточните, пожалуйста, корректный-трек номер. В нашей системе отслеживания нет информации по трек-номеру . Услуга: Мобильное приложение ""Почта России"" Вид запроса: Прочее Контак--- Описание: Тема письма: Обращение от .. Текст письма: <ebdc-bf-f-b-aced> Отправлено с iPhone февр. г., в :, Юл---> написал(а): Отправлено с iPhone Добрый вечер. Проблема в мобильном приложении,где специалист приняв заявку описала.От вас поступил ответ-трек номер и тд,дело не в треке и --- о другом,почему в мобильном приложении не отображаются полученные мной письма по коду в отделении Почта России? Мобильное приложение активировано по данному номеру телефона. февр. г., в--- написал(а): При ответе добавьте комментарий выше Здравствуйте! В запрос под номером добавлен комментарий Пользова--- добавил комментарий: Добрый день. Просьба уточнить: Трек номер отправления (если трек номера нет, необходимы следующие данные-дата/время отправления, адрес и индекс получателя, индекс ОПС, из которого было отправлено почтовое отправление, ---. Под каким логином (номером телефона) вы авторизованы в мобильном приложении Почта России. С уважением, Отдел поддержки пользователей Услуга: Мобильное приложение ""Почта России"" Вид запроса: Автодобавление почтовых отправлений Контактный телефон: Контак--- Описание: Тема письма: Проблемы с учетной записью при входе в Мобильное приложение или сайт Почты России Текст письма: Тематика: Проблемы с учетной записью при входе в МП/Сайт Канал поступления обращения: По телефону Дата поступления обращени--- Телефон: Электронная поч--- Суть обращения: У клиента в мобильном приложении с ноября не отображаются отправления , которые она получила , просит исправить ошибку или предоставить информацию <fde-f-be--fae> <bbd-f-fb-aa-ab>",b069508703b84ed1661c121a70ea3ed67aa2a258b8ce8e2b8c297287521a25ce,conflicting_category;repeated_text,review,1
38757779,2025-03-18 10:13:29.915000,Закрыт,Внутренний пользователь,Партионный прием (Priem.pochta.ru),Silkway/Силквей,Проблемы в работе Silkway,Инцидент,"ДОБРОЕ УТРО! КАЗНАЧЕЙСТВО (ЦОКЕР) ПРИНОСИТ НАМ ПИСЬМА, КОТОЫЕ МЫ ПРИНИМАЕМ ПАРТИОННЫМ ПРИЕМОМ. ПИСЬМО ПРИНИМАЕТСЯ, ПЕЧАТАЕМ ФОРМУ БН. ПРИ СБОРЕ ИСХОДЯЩЕЙ ПОЧТЫ ВЫХОДИТ ОКНО. ДАЛЕЕ, В ЖУНАЛЕ РПО. ОТРАЖАЕТСЯ, ЧТО ТАКИЕ ТРЕК НОМЕРА УЖЕ СУЩЕСВУЮТ (ПИСЬМА БЫЛИ РАНЕЕ ПРИНЯТЫ В НАШЕМ ОТДЕЛЕНИИ). КАК БЫТЬ В ДАННОЙ СИТУАЦИИ? РПО          ",Низкая,Высокая,(3) Средний,График объекта обслуживания с учетом календаря выходных дней,Москва,53:59:30,2025-03-20 16:12:59.915000,2025-03-20 16:12:59,2025-03-18 12:17:10.961000,02:04:00,Не просрочен,2025-03-23 12:32:26.700000,2025-12-15 09:29:38.137000,01:56:16,00:00:29,00:00:16,00:06:38,00:00:00,00:00:00,00:00:00,00:00:00,00:00:00,Решение предоставлено,(2 линия),0,910,"ДОБРОЕ УТРО! КАЗНАЧЕЙСТВО (ЦОКЕР) ПРИНОСИТ НАМ ПИСЬМА, КОТОЫЕ МЫ ПРИНИМАЕМ ПАРТИОННЫМ ПРИЕМОМ. ПИСЬМО ПРИНИМАЕТСЯ, ПЕЧАТАЕМ ФОРМУ БН. ПРИ СБОРЕ ИСХОДЯЩЕЙ ПОЧТЫ ВЫХОДИТ ОКНО. ДАЛЕЕ, В ЖУНАЛЕ РПО. ОТРАЖАЕТСЯ, ЧТО ТАКИЕ ТРЕК НОМЕРА УЖЕ СУЩЕСВУЮТ (ПИСЬМА БЫЛИ РАНЕЕ ПРИНЯТЫ В НАШЕМ ОТДЕЛЕНИИ). КАК БЫТЬ В ДАННОЙ СИТУАЦИИ? РПО",66fdd7c3acfb12bfdf12f5472f978604fcdb676ad3f5cb115fe7772644ba1c32,conflicting_category;repeated_text,review,0
38814396,2025-03-21 14:33:45.460000,Закрыт,Внутренний пользователь,Партионный прием (Priem.pochta.ru),Сервис партионного приема,Ошибки загрузки страницы/зависания,Инцидент,"КАЗНАЧЕЙСТВО (ЦОКР) ПРИНОСИТ НАМ ПИСЬМА, КОТОРЫЕ МЫ ПРИНИМАЕМ ПАРТИОННЫМ ПРИЕМОМ. ПИСЬМО ПРИНИМАЕТСЯ, ПЕЧАТАЕМ ФОРМУ БН. ПРИ СБОРЕ ИСХОДЯЩЕЙ ПОЧТЫ ВЫХОДИТ ОКНО. ДАЛЕЕ, В ЖУНАЛЕ РПО ОТРАЖАЕТСЯ, ЧТО ТАКИЕ ТРЕК НОМЕРА УЖЕ СУЩЕСВУЮТ (ПИСЬМА БЫЛИ РАНЕЕ ПРИНЯТЫ В НАШЕМ ОТДЕЛЕНИИ). КАК БЫТЬ В ДАННОЙ СИТУАЦИИ? РПО              ",Высокая,Низкая,(3) Средний,График объекта обслуживания с учетом календаря выходных дней,Москва,117:59:14,2025-03-26 12:32:59.460000,2025-03-26 12:32:59,2025-03-22 06:53:18.544000,03:27:00,Не просрочен,2025-03-27 07:00:47.320000,2025-12-15 08:47:33.604000,15:26:32,00:31:52,00:13:48,00:07:18,00:00:00,00:00:00,00:00:00,00:00:00,00:00:00,Решение предоставлено,(2 линия),0,980,"КАЗНАЧЕЙСТВО (ЦОКР) ПРИНОСИТ НАМ ПИСЬМА, КОТОРЫЕ МЫ ПРИНИМАЕМ ПАРТИОННЫМ ПРИЕМОМ. ПИСЬМО ПРИНИМАЕТСЯ, ПЕЧАТАЕМ ФОРМУ БН. ПРИ СБОРЕ ИСХОДЯЩЕЙ ПОЧТЫ ВЫХОДИТ ОКНО. ДАЛЕЕ, В ЖУНАЛЕ РПО ОТРАЖАЕТСЯ, ЧТО ТАКИЕ ТРЕК НОМЕРА УЖЕ СУЩЕСВУЮТ (ПИСЬМА БЫЛИ РАНЕЕ ПРИНЯТЫ В НАШЕМ ОТДЕЛЕНИИ). КАК БЫТЬ В ДАННОЙ СИТУАЦИИ? РПО",66fdd7c3acfb12bfdf12f5472f978604fcdb676ad3f5cb115fe7772644ba1c32,conflicting_category;repeated_text,review,1
38881208,2025-03-27 11:40:05.496000,Закрыт,Внешний пользователь,"Мобильное приложение ""Почта России""",Мобильное приложение,Прочее,Запрос на обслуживание,"Тема письма: Акция с промокодами/Клиент не может оплатить промокодом/промокод исчез из МП  Текст письма: Тематика: Акции с промокодами и Мобильное приложение Канал поступления обращения: По телефону Дата поступления обращения: : .. --- Телефон:   Электронна--- Суть обращения: Сформировали предофрмленное письмо, на стадии оплаты выдает сообщение об ошибка ""Что то пошло не так, попробуйте позже"", оплата не проходит, трек-номер не формируется. Просьба разобраться в данной ситуациию.",Средняя,Низкая,(3) Средний,5х8 (9:00-13:00 - 14:00-18:00),Москва,120:00:00,2025-04-17 11:40:05.496000,2025-04-17 11:40:05,2025-03-27 12:51:33.407000,01:11:27,Не просрочен,2025-04-01 13:06:48.239000,2025-12-15 07:56:42.917000,01:10:21,00:01:06,00:00:00,00:00:00,00:00:00,00:00:00,00:00:00,00:00:00,00:00:00,Дублирование,(1 линия),0,1063,"Тема письма: Акция с промокодами/Клиент не может оплатить промокодом/промокод исчез из МП Текст письма: Тематика: Акции с промокодами и Мобильное приложение Канал поступления обращения: По телефону Дата поступления обращения: : .. --- Телефон: Электронна--- Суть обращения: Сформировали предофрмленное письмо, на стадии оплаты выдает сообщение об ошибка ""Что то пошло не так, попробуйте позже"", оплата не проходит, трек-номер не формируется. Просьба разобраться в данной ситуациию.",1d067b46edf488a763794911f7fc18a9faa35a82a77ba2d3dff29ba9d760c530,conflicting_category;repeated_text,review,1
38881410,2025-03-27 11:48:12.768000,Закрыт,Внешний пользователь,"Мобильное приложение ""Почта России""",Мобильное приложение,Прочее,Запрос на обслуживание,"Тема письма: Акция с промокодами/Клиент не может оплатить промокодом/промокод исчез из МП  Текст письма: Тематика: Акции с промокодами и Мобильное приложение Канал поступления обращения: По телефону Дата поступления обращения: : --- Телефон:  Учетная --- Электронная по--- Суть обращения: У клиентки в приложении Почта России перестали отслеживаться посылки с .. , которые направлены к ней.",Средняя,Низкая,(3) Средний,5х8 (9:00-13:00 - 14:00-18:00),Москва,120:00:00,2025-04-17 11:48:12.768000,2025-04-17 11:48:12,2025-03-27 13:04:09.920000,01:11:47,Не просрочен,2025-04-01 13:35:40.868000,2025-12-15 07:56:52.576000,01:11:46,00:00:00,00:00:00,00:00:00,00:00:00,00:00:00,00:00:00,00:00:00,00:00:00,Дублирование,(1 линия),0,1064,"Тема письма: Акция с промокодами/Клиент не может оплатить промокодом/промокод исчез из МП Текст письма: Тематика: Акции с промокодами и Мобильное приложение Канал поступления обращения: По телефону Дата поступления обращения: : --- Телефон: Учетная --- Электронная по--- Суть обращения: У клиентки в приложении Почта России перестали отслеживаться посылки с .. , которые направлены к ней.",154b4b01ca7e9d349e3010945a5042ed0c0ad445e4498bd57e4665b2a263ef04,conflicting_category;repeated_text,review,1
38882391,2025-03-27 12:28:04.773000,Закрыт,Внешний пользователь,"Мобильное приложение ""Почта России""",Мобильное приложение,Прочее,Запрос на обслуживание,Тема письма: Акция с промокодами/Клиент не может оплатить промокодом/промокод исчез из МП  Текст письма: Тематика: Акции с промокодами и Мобильное приложение Канал поступления обращения: По телефону Дата поступления обращения: : --- Телефон:  Электронная по--- Суть обращения: Не приходят смс сообщения о поступившей корреспонденции,Средняя,Низкая,(3) Средний,5х8 (9:00-13:00 - 14:00-18:00),Москва,120:00:00,2025-04-17 12:28:04.773000,2025-04-17 12:28:04,2025-03-27 13:02:38.095000,00:31:55,Не просрочен,2025-04-01 13:35:57.758000,2025-12-15 07:56:26.712000,00:31:54,00:00:00,00:00:00,00:00:00,00:00:00,00:00:00,00:00:00,00:00:00,00:00:00,Дублирование,(1 линия),0,1069,Тема письма: Акция с промокодами/Клиент не может оплатить промокодом/промокод исчез из МП Текст письма: Тематика: Акции с промокодами и Мобильное приложение Канал поступления обращения: По телефону Дата поступления обращения: : --- Телефон: Электронная по--- Суть обращения: Не приходят смс сообщения о поступившей корреспонденции,52a48850a9bf3fa8704cbf200603d93f1fd92111c5560d9a223c1a68192a0fae,conflicting_category;repeated_text,review,1
38882882,2025-03-27 12:51:17.524000,Закрыт,Внешний пользователь,"Мобильное приложение ""Почта России""",Мобильное приложение,Не проходит оплата/возврат,Запрос на обслуживание,"Тема письма: Акция с промокодами/Клиент не может оплатить промокодом/промокод исчез из МП Текст письма: Тематика: Акции с промокодами и Мобильное приложение Канал поступления обращения: По телефону Дата поступления обращения: : .. --- Телефон:  Электронн--- Суть обращения: Сформировали предофрмленное письмо, на стадии оплаты выдает сообщение об ошибка ""Что то пошло не так, попробуйте позже"", оплата не проходит, трек-номер не формируется. Просьба разобраться в данной ситуациию.",Низкая,Низкая,(4) Низкий,5х8 (9:00-13:00 - 14:00-18:00),Москва,120:00:00,2025-04-17 12:51:17.524000,2025-04-17 12:51:17,2025-03-27 13:45:09.400000,00:08:42,Не просрочен,2025-04-10 13:45:47.584000,2025-12-15 07:56:12.562000,00:08:42,00:00:00,00:00:00,00:00:00,00:00:00,00:00:00,00:00:00,00:00:00,80:00:00,Уточнение не предоставлено,(1 линия),1,1072,"Тема письма: Акция с промокодами/Клиент не может оплатить промокодом/промокод исчез из МП Текст письма: Тематика: Акции с промокодами и Мобильное приложение Канал поступления обращения: По телефону Дата поступления обращения: : .. --- Телефон: Электронн--- Суть обращения: Сформировали предофрмленное письмо, на стадии оплаты выдает сообщение об ошибка ""Что то пошло не так, попробуйте позже"", оплата не проходит, трек-номер не формируется. Просьба разобраться в данной ситуациию.",1d067b46edf488a763794911f7fc18a9faa35a82a77ba2d3dff29ba9d760c530,conflicting_category;repeated_text,review,0
38883106,2025-03-27 13:02:29.985000,Закрыт,Внешний пользователь,"Мобильное приложение ""Почта России""",Мобильное приложение,Проблема с push/sms/email,Запрос на обслуживание,Тема письма: Акция с промокодами/Клиент не может оплатить промокодом/промокод исчез из МП Текст письма: Тематика: Акции с промокодами и Мобильное приложение Канал поступления обращения: По телефону Дата поступления обращения: : --- Телефон:  Электронная по--- Суть обращения: Не приходят смс сообщения о поступившей корреспонденции,Низкая,Низкая,(4) Низкий,5х8 (9:00-13:00 - 14:00-18:00),Москва,120:00:00,2025-04-17 13:00:00,2025-04-17 13:00:00,2025-04-02 07:40:40.249000,05:59:52,Не просрочен,2025-04-07 08:00:50.303000,2025-12-15 07:56:10.290000,00:00:00,05:59:52,00:00:00,00:00:00,00:00:00,00:00:00,00:00:00,00:00:00,22:00:07,Решение предоставлено,(1 линия),1,1075,Тема письма: Акция с промокодами/Клиент не может оплатить промокодом/промокод исчез из МП Текст письма: Тематика: Акции с промокодами и Мобильное приложение Канал поступления обращения: По телефону Дата поступления обращения: : --- Телефон: Электронная по--- Суть обращения: Не приходят смс сообщения о поступившей корреспонденции,52a48850a9bf3fa8704cbf200603d93f1fd92111c5560d9a223c1a68192a0fae,conflicting_category;repeated_text,review,1
38883140,2025-03-27 13:03:58.016000,Закрыт,Внешний пользователь,"Мобильное приложение ""Почта России""",Мобильное приложение,Автодобавление почтовых отправлений,Запрос на обслуживание,"Тема письма: Акция с промокодами/Клиент не может оплатить промокодом/промокод исчез из МП Текст письма: Тематика: Акции с промокодами и Мобильное приложение Канал поступления обращения: По телефону Дата поступления обращения: : --- Телефон:  Учетная --- Электронная по--- Суть обращения: У клиентки в приложении Почта России перестали отслеживаться посылки с .. , которые направлены к ней",Низкая,Низкая,(4) Низкий,5х8 (9:00-13:00 - 14:00-18:00),Москва,120:00:00,2025-04-18 09:00:13.952000,2025-04-18 09:00:13,2025-03-29 09:15:12.397000,07:59:46,Не просрочен,2025-04-12 09:15:44.952000,2025-12-15 07:56:10.014000,00:00:00,07:59:45,00:00:00,00:00:00,00:00:00,00:00:00,00:00:00,00:00:00,84:00:13,Уточнение не предоставлено,(1 линия),2,1076,"Тема письма: Акция с промокодами/Клиент не может оплатить промокодом/промокод исчез из МП Текст письма: Тематика: Акции с промокодами и Мобильное приложение Канал поступления обращения: По телефону Дата поступления обращения: : --- Телефон: Учетная --- Электронная по--- Суть обращения: У клиентки в приложении Почта России перестали отслеживаться посылки с .. , которые направлены к ней",154b4b01ca7e9d349e3010945a5042ed0c0ad445e4498bd57e4665b2a263ef04,conflicting_category;repeated_text,review,0
38883979,2025-03-27 13:46:15.452000,Закрыт,Внутренний пользователь,Партионный прием (Priem.pochta.ru),Сервис партионного приема,Импорт списков из ЛК ЮЛ,Запрос на обслуживание,"Добрый день! Оператор при приеме списка № от .. от ооо ""переработка"" не корректно приняла список и рпо  не принялось. Можно ли восстановить этот список Индекс ОПС:           Номер окна:           Номер телефона для связи с ОПС:           Последовательность действий:     прием-партионный прием рпо      Время возникновения ошибки:     .. :",Высокая,Высокая,(1) Наивысший,График объекта обслуживания с учетом календаря выходных дней,Москва,147:59:44,2025-04-02 17:45:59.452000,2025-04-02 17:45:59,2025-03-27 14:33:56.611000,00:47:00,Не просрочен,2025-04-01 15:04:01.182000,2025-12-15 07:53:54.349000,00:03:05,00:21:08,00:04:00,00:19:16,00:00:00,00:00:00,00:00:00,00:00:00,00:00:00,Решение предоставлено,(2 линия),0,1079,"Добрый день! Оператор при приеме списка No от .. от ооо ""переработка"" не корректно приняла список и рпо не принялось. Можно ли восстановить этот список Индекс ОПС: Номер окна: Номер телефона для связи с ОПС: Последовательность действий: прием-партионный прием рпо Время возникновения ошибки: .. :",d54cdb38235b2c51e473de13fc551c4b2604d1e9cadd26bbd02c7687781d77d3,conflicting_category;repeated_text,review,1
38885050,2025-03-27 14:35:26.417000,Закрыт,Внутренний пользователь,Партионный прием (Priem.pochta.ru),Сервис партионного приема,Импорт списков из ЛК ЮЛ,Запрос на обслуживание,"Добрый день! Оператор при приеме списка № от .. от ооо ""переработка"" не корректно приняла список и рпо  не принялось. Можно ли восстановить этот список Индекс ОПС:          Номер окна:          Номер телефона для связи с ОПС:          Последовательность действий:    прием-партионный прием рпо      Время возникновения ошибки:    .. :",Высокая,Низкая,(3) Средний,График объекта обслуживания с учетом календаря выходных дней,Москва,161:59:33,2025-04-03 08:34:59.417000,2025-04-03 08:34:59,2025-03-27 15:11:30.144000,00:36:00,Не просрочен,2025-04-01 15:34:19.485000,2025-12-15 07:53:39.684000,00:00:05,00:00:06,00:00:38,00:35:12,00:00:00,00:00:00,00:00:00,00:00:00,00:00:00,Решение предоставлено,(2 линия),0,1082,"Добрый день! Оператор при приеме списка No от .. от ооо ""переработка"" не корректно приняла список и рпо не принялось. Можно ли восстановить этот список Индекс ОПС: Номер окна: Номер телефона для связи с ОПС: Последовательность действий: прием-партионный прием рпо Время возникновения ошибки: .. :",d54cdb38235b2c51e473de13fc551c4b2604d1e9cadd26bbd02c7687781d77d3,conflicting_category;repeated_text,review,1
38885982,2025-03-27 15:26:53.360000,Закрыт,Внутренний пользователь,Партионный прием (Priem.pochta.ru),Сервис партионного приема,Ошибки загрузки страницы/зависания,Инцидент,"Добрый день! Оператор при приеме списка № от .. от ооо ""переработка"" не корректно приняла список и рпо  не принялось. Можно ли восстановить этот список Индекс ОПС:          Номер окна:          Номер телефона для связи с ОПС:          Последовательность действий:    прием-партионный прием рпо      Время возникновения ошибки:    .. :",Высокая,Низкая,(3) Средний,График объекта обслуживания с учетом календаря выходных дней,Москва,95:59:06,2025-03-31 15:25:59.360000,2025-03-31 15:25:59,2025-03-27 15:37:48.951000,00:11:00,Не просрочен,2025-04-01 16:03:38.766000,2025-12-15 07:53:26.844000,00:00:16,00:02:51,00:00:38,00:07:08,00:00:00,00:00:00,00:00:00,00:00:00,00:00:00,Дублирование,(2 линия),0,1087,"Добрый день! Оператор при приеме списка No от .. от ооо ""переработка"" не корректно приняла список и рпо не принялось. Можно ли восстановить этот список Индекс ОПС: Номер окна: Номер телефона для связи с ОПС: Последовательность действий: прием-партионный прием рпо Время возникновения ошибки: .. :",d54cdb38235b2c51e473de13fc551c4b2604d1e9cadd26bbd02c7687781d77d3,conflicting_category;repeated_text,review,1
38887567,2025-03-27 16:44:10.506000,Закрыт,Внешний пользователь,"Мобильное приложение ""Почта России""",Мобильное приложение,Прочее,Запрос на обслуживание,"Тема письма: Проблемы с QR-кодом в мобильном приложении  Текст письма: Тематика: Акции с промокодами и Мобильное приложение Канал поступления обращения: По телефону Дата поступления обращения: : --- Телефон:  Учетная запись:  Элект--- Суть обращения: У клиента не работает QR код. В течение  минут прогружается, клиент не может получить РПО",Средняя,Низкая,(3) Средний,5х8 (9:00-13:00 - 14:00-18:00),Москва,120:00:00,2025-04-17 16:44:10.506000,2025-04-17 16:44:10,2025-03-27 17:09:23.129000,00:25:12,Не просрочен,2025-04-01 17:32:44.738000,2025-12-15 07:51:17.709000,00:21:08,00:04:03,00:00:00,00:00:00,00:00:00,00:00:00,00:00:00,00:00:00,00:00:00,Дублирование,(1 линия),0,1096,"Тема письма: Проблемы с QR-кодом в мобильном приложении Текст письма: Тематика: Акции с промокодами и Мобильное приложение Канал поступления обращения: По телефону Дата поступления обращения: : --- Телефон: Учетная запись: Элект--- Суть обращения: У клиента не работает QR код. В течение минут прогружается, клиент не может получить РПО",a894aa0b56a972749d58254710c093a5a48ab98f855eff958d0480b9077588b6,conflicting_category;repeated_text,review,1
38887927,2025-03-27 17:09:13.189000,Закрыт,Внешний пользователь,"Мобильное приложение ""Почта России""",Мобильное приложение,Проблема с QR-код(подключение/отключение),Запрос на обслуживание,"Тема письма: Проблемы с QR-кодом в мобильном приложении Текст письма: Тематика: Акции с промокодами и Мобильное приложение Канал поступления обращения: По телефону Дата поступления обращения: : --- Телефон:  Учетная запись:  Элект--- Суть обращения: У клиента не работает QR код. В течение  минут прогружается, клиент не может получить РПО",Низкая,Низкая,(4) Низкий,5х8 (9:00-13:00 - 14:00-18:00),Москва,120:00:00,2025-04-17 17:09:13.189000,2025-04-17 17:09:13,2025-03-27 17:17:10.300000,00:07:57,Не просрочен,2025-04-10 17:45:47.035000,2025-12-15 07:51:11.974000,00:07:44,00:00:11,00:00:00,00:00:00,00:00:00,00:00:00,00:00:00,00:00:00,80:28:36,Уточнение не предоставлено,(1 линия),1,1098,"Тема письма: Проблемы с QR-кодом в мобильном приложении Текст письма: Тематика: Акции с промокодами и Мобильное приложение Канал поступления обращения: По телефону Дата поступления обращения: : --- Телефон: Учетная запись: Элект--- Суть обращения: У клиента не работает QR код. В течение минут прогружается, клиент не может получить РПО",a894aa0b56a972749d58254710c093a5a48ab98f855eff958d0480b9077588b6,conflicting_category;repeated_text,review,1
38890161,2025-03-28 06:36:07.271000,Закрыт,Внешний пользователь,"Мобильное приложение ""Почта России""",Мобильное приложение,Ошибка в приложении (восстановление работоспособности),Инцидент,Тема письма: Тема отсутствует.  Текст письма: Описание отсутствует (пустое тело письма).,Высокая,Низкая,(3) Средний,5х8 (9:00-13:00 - 14:00-18:00),Москва,40:00:00,2025-04-11 18:00:00,2025-04-11 18:00:00,2025-04-06 09:05:59.692000,00:00:00,Не просрочен,2025-04-06 09:05:59.628000,2025-12-15 07:50:45.334000,00:00:00,00:00:00,00:00:00,00:00:00,00:00:00,00:00:00,00:00:00,00:00:00,48:00:00,Не согласован,(1 линия),4,1114,Тема письма: Тема отсутствует. Текст письма: Описание отсутствует (пустое тело письма).,ad1e533cb81de11e0ae2e5f9c3065f72f44fc5056c11a9c85f9598d0856d9a22,conflicting_category;repeated_text,review,1
38891163,2025-03-28 08:12:13.239000,Закрыт,Внешний пользователь,"Мобильное приложение ""Почта России""",Мобильное приложение,Прочее,Запрос на обслуживание,Тема письма: Тема отсутствует.  Текст письма: Описание отсутствует (пустое тело письма).,Средняя,Низкая,(3) Средний,5х8 (9:00-13:00 - 14:00-18:00),Москва,120:00:00,2025-04-25 12:34:16.566000,2025-04-25 12:34:16,2025-04-05 08:13:27.618000,04:25:43,Не просрочен,2025-04-05 08:13:27.543000,2025-12-15 07:50:20.772000,01:04:26,03:21:17,00:00:00,00:00:00,00:00:00,00:00:00,00:00:00,00:00:00,43:34:16,По сроку давности,(1 линия),2,1119,Тема письма: Тема отсутствует. Текст письма: Описание отсутствует (пустое тело письма).,ad1e533cb81de11e0ae2e5f9c3065f72f44fc5056c11a9c85f9598d0856d9a22,conflicting_category;repeated_text,review,1
38891640,2025-03-28 08:36:08.787000,Закрыт,Внешний пользователь,"Мобильное приложение ""Почта России""",Мобильное приложение,Прочее,Запрос на обслуживание,"Тема письма: Акция с промокодами/Клиент не может оплатить промокодом/промокод исчез из МП  Текст письма: Тематика: Акции с промокодами и Мобильное приложение Канал поступления обращения: По телефону Дата поступления обращения: : ..--- Телефон:  Электронна--- Суть обращения: Заявитель просит помочь отвязать банковскую карту в приложении Почта России,",Средняя,Низкая,(3) Средний,5х8 (9:00-13:00 - 14:00-18:00),Москва,120:00:00,2025-04-17 18:00:00,2025-04-17 18:00:00,2025-03-28 10:11:16.478000,01:11:16,Не просрочен,2025-04-02 10:32:52.614000,2025-12-15 07:50:20.485000,01:01:11,00:10:04,00:00:00,00:00:00,00:00:00,00:00:00,00:00:00,00:00:00,00:00:00,Дублирование,(1 линия),0,1120,"Тема письма: Акция с промокодами/Клиент не может оплатить промокодом/промокод исчез из МП Текст письма: Тематика: Акции с промокодами и Мобильное приложение Канал поступления обращения: По телефону Дата поступления обращения: : ..--- Телефон: Электронна--- Суть обращения: Заявитель просит помочь отвязать банковскую карту в приложении Почта России,",07eaaf3bdf4cfd0771cb9cfa08f06c479ec49f753fed562d0b0331c4c2ba2d1b,conflicting_category;repeated_text,review,1
38894124,2025-03-28 10:10:56.770000,Закрыт,Внешний пользователь,"Мобильное приложение ""Почта России""",Мобильное приложение,Не проходит оплата/возврат,Запрос на обслуживание,"Тема письма: Акция с промокодами/Клиент не может оплатить промокодом/промокод исчез из МП Текст письма: Тематика: Акции с промокодами и Мобильное приложение Канал поступления обращения: По телефону Дата поступления обращения: : ..--- Телефон:  Электронна--- Суть обращения: Заявитель просит помочь отвязать банковскую карту в приложении Почта России,",Низкая,Низкая,(4) Низкий,5х8 (9:00-13:00 - 14:00-18:00),Москва,120:00:00,2025-04-30 14:57:49.836000,2025-04-30 14:57:49,2025-04-10 15:02:34.629000,08:04:44,Не просрочен,2025-04-15 15:30:49.952000,2025-12-15 07:47:31.650000,00:00:04,08:04:40,00:00:00,00:00:00,00:00:00,00:00:00,00:00:00,00:00:00,67:46:53,Решение предоставлено,(1 линия),1,1127,"Тема письма: Акция с промокодами/Клиент не может оплатить промокодом/промокод исчез из МП Текст письма: Тематика: Акции с промокодами и Мобильное приложение Канал поступления обращения: По телефону Дата поступления обращения: : ..--- Телефон: Электронна--- Суть обращения: Заявитель просит помочь отвязать банковскую карту в приложении Почта России,",07eaaf3bdf4cfd0771cb9cfa08f06c479ec49f753fed562d0b0331c4c2ba2d1b,conflicting_category;repeated_text,review,0
38900828,2025-03-28 15:22:48.211000,Закрыт,Внутренний пользователь,Партионный прием (Priem.pochta.ru),Сервис партионного приема,Ошибки загрузки страницы/зависания,Инцидент,"Индекс ОПС:          Номер окна:          Номер телефона для связи с ОПС:          Последовательность действий:    списки отклонены в еас , не можем отправить исходящую почту на отправку посылки, посылки были обработаны в препост      Время возникновения ошибки:    .. :",Высокая,Низкая,(2) Высокий,График объекта обслуживания с учетом календаря выходных дней,Владивосток (UTC+10  MSK+7),76:59:39,2025-04-01 08:14:59.211000,2025-04-01 08:14:59,2025-03-31 12:33:06.405000,17:45:00,Не просрочен,2025-04-05 13:01:44.604000,2025-12-15 07:41:48.119000,00:00:06,00:00:06,00:06:38,57:12:54,00:00:00,00:00:00,00:00:00,00:00:00,11:50:31,Решение предоставлено,(2 линия),2,1166,"Индекс ОПС: Номер окна: Номер телефона для связи с ОПС: Последовательность действий: списки отклонены в еас , не можем отправить исходящую почту на отправку посылки, посылки были обработаны в препост Время возникновения ошибки: .. :",f8f13184b12de8251d2f8a62fe40a72f218c8260664397bc53afcbf8a670c7cc,conflicting_category;repeated_text,review,1
38901582,2025-03-28 16:20:01.736000,Закрыт,Внешний пользователь,"Мобильное приложение ""Почта России""",Мобильное приложение,Прочее,Запрос на обслуживание,"Тема письма: Проблемы с QR-кодом в мобильном приложении  Текст письма: Тематика: Акции с промокодами и Мобильное приложение Канал поступления обращения: По телефону Дата поступления обращения: : .. --- Суть обращения: При получении куар кода, возникают сложности так как номер телефона был изменен. После госуслуг система прописывает о том, что я зарегистрирован на другой № телефона",Средняя,Низкая,(3) Средний,5х8 (9:00-13:00 - 14:00-18:00),Москва,120:00:00,2025-04-18 16:20:01.736000,2025-04-18 16:20:01,2025-03-28 16:41:20.494000,00:21:18,Не просрочен,2025-04-02 17:03:37.238000,2025-12-15 07:41:39.147000,00:20:24,00:00:54,00:00:00,00:00:00,00:00:00,00:00:00,00:00:00,00:00:00,00:00:00,Дублирование,(1 линия),0,1178,"Тема письма: Проблемы с QR-кодом в мобильном приложении Текст письма: Тематика: Акции с промокодами и Мобильное приложение Канал поступления обращения: По телефону Дата поступления обращения: : .. --- Суть обращения: При получении куар кода, возникают сложности так как номер телефона был изменен. После госуслуг система прописывает о том, что я зарегистрирован на другой No телефона",c48af6db1b35a02ad07eeaddbfb54aa242386fc9aafdf010b227744c322b9b60,conflicting_category;repeated_text,review,1
38901769,2025-03-28 16:41:14.154000,Закрыт,Внешний пользователь,"Мобильное приложение ""Почта России""",Мобильное приложение,Проблема с QR-код(подключение/отключение),Запрос на обслуживание,"Тема письма: Проблемы с QR-кодом в мобильном приложении Текст письма: Тематика: Акции с промокодами и Мобильное приложение Канал поступления обращения: По телефону Дата поступления обращения: : .. --- Суть обращения: При получении куар кода, возникают сложности так как номер телефона был изменен. После госуслуг система прописывает о том, что я зарегистрирован на другой № телефона",Низкая,Низкая,(4) Низкий,5х8 (9:00-13:00 - 14:00-18:00),Москва,120:00:00,2025-04-29 11:08:12.671000,2025-04-29 11:08:12,2025-04-08 18:29:00.794000,05:51:47,Не просрочен,2025-04-13 18:30:48.500000,2025-12-15 07:41:35.927000,00:15:44,05:36:02,00:00:00,00:00:00,00:00:00,00:00:00,00:00:00,00:00:00,51:26:58,Решение предоставлено,(1 линия),2,1182,"Тема письма: Проблемы с QR-кодом в мобильном приложении Текст письма: Тематика: Акции с промокодами и Мобильное приложение Канал поступления обращения: По телефону Дата поступления обращения: : .. --- Суть обращения: При получении куар кода, возникают сложности так как номер телефона был изменен. После госуслуг система прописывает о том, что я зарегистрирован на другой No телефона",c48af6db1b35a02ad07eeaddbfb54aa242386fc9aafdf010b227744c322b9b60,conflicting_category;repeated_text,review,1
38903148,2025-03-29 06:36:41.196000,Закрыт,Внутренний пользователь,"Мобильное приложение ""Почта России""",Мобильное приложение,Проблема с QR-код(подключение/отключение),Запрос на обслуживание,"Добрый день, по обращению    прошу предоставить инфо--- Х--- Д--- ема: Мобильное приложение Почты России  Текст:   Добрый день!   Я вижу что ---дрять современные технологии (QR-коды) в своей работе.   Так получилось, что я ничего не знаю про смартфоны.   Скажите пожалуйста, какие системные требования должны быть у смартфона, чтобы на нём могло работать мобильное приложение Почты России?    Сколько должно быть оперативной памяти в смартфоне - ,  Гигабайта?   Сколько  должно быть ядер в процессоре?   Какая операционная система должна быть установлена?  Android подойдёт? Android какой версии должен быть?    Если Вы затрудняетесь ответить на эти вопросы, то может быть Вы будете так добры переслать это письмо Вашим техническим специалистам. Например, программистам которые работают над этим мобильным приложением. И они уже мне ответят. --     С уважением,   Д--- Х---",Низкая,Высокая,(3) Средний,5х8 (9:00-13:00 - 14:00-18:00),Москва,120:00:00,2025-04-18 18:00:00,2025-04-18 18:00:00,2025-03-29 08:25:08.771000,00:00:00,Не просрочен,2025-04-03 08:31:00,2025-12-15 07:41:15.298000,00:00:00,00:00:00,00:00:00,00:00:00,00:00:00,00:00:00,00:00:00,00:00:00,00:00:00,Дублирование,(1 линия),0,1193,"Добрый день, по обращению прошу предоставить инфо--- Х--- Д--- ема: Мобильное приложение Почты России Текст: Добрый день! Я вижу что ---дрять современные технологии (QR-коды) в своей работе. Так получилось, что я ничего не знаю про смартфоны. Скажите пожалуйста, какие системные требования должны быть у смартфона, чтобы на нём могло работать мобильное приложение Почты России? Сколько должно быть оперативной памяти в смартфоне - , Гигабайта? Сколько должно быть ядер в процессоре? Какая операционная система должна быть установлена? Android подойдёт? Android какой версии должен быть? Если Вы затрудняетесь ответить на эти вопросы, то может быть Вы будете так добры переслать это письмо Вашим техническим специалистам. Например, программистам которые работают над этим мобильным приложением. И они уже мне ответят. -- С уважением, Д--- Х---",56e5b2da521c787d7fac70fe499fa9e8a2d4f0de867748a46a6ff7d7e197f37a,conflicting_category;repeated_text,review,1
38903279,2025-03-29 07:24:29.193000,Закрыт,Внутренний пользователь,Партионный прием (Priem.pochta.ru),Сервис партионного приема,Импорт списков из ЛК ЮЛ,Запрос на обслуживание,"Индекс ОПС:           Номер окна:           Номер телефона для связи с ОПС:           Последовательность действий:     списки отклонены в еас , не можем отправить исходящую почту на отправку посылки, посылки были обработаны в  пре      Время возникновения ошибки:     .. :",Высокая,Высокая,(1) Наивысший,График объекта обслуживания с учетом календаря выходных дней,Владивосток (UTC+10  MSK+7),107:03:17,2025-04-11 07:08:59.193000,2025-04-11 07:08:59,2025-04-08 14:38:39.970000,22:51:00,Не просрочен,2025-04-13 15:00:57.446000,2025-12-15 07:41:14.359000,00:04:10,00:13:09,00:00:17,42:15:16,00:00:00,00:00:00,00:00:00,00:00:00,204:40:12,Решение предоставлено,(2 линия),1,1195,"Индекс ОПС: Номер окна: Номер телефона для связи с ОПС: Последовательность действий: списки отклонены в еас , не можем отправить исходящую почту на отправку посылки, посылки были обработаны в пре Время возникновения ошибки: .. :",f8f13184b12de8251d2f8a62fe40a72f218c8260664397bc53afcbf8a670c7cc,conflicting_category;repeated_text,review,1
38903376,2025-03-29 07:59:23.021000,Закрыт,Внешний пользователь,"Мобильное приложение ""Почта России""",Мобильное приложение,Прочее,Запрос на обслуживание,"Добрый день, по обращению    прошу предоставить инфо--- Х--- Д--- ема: Мобильное приложение Почты России  Текст:   Добрый день!   Я вижу что ---дрять современные технологии (QR-коды) в своей работе.   Так получилось, что я ничего не знаю про смартфоны.   Скажите пожалуйста, какие системные требования должны быть у смартфона, чтобы на нём могло работать мобильное приложение Почты России?    Сколько должно быть оперативной памяти в смартфоне - ,  Гигабайта?   Сколько  должно быть ядер в процессоре?   Какая операционная система должна быть установлена?  Android подойдёт? Android какой версии должен быть?    Если Вы затрудняетесь ответить на эти вопросы, то может быть Вы будете так добры переслать это письмо Вашим техническим специалистам. Например, программистам которые работают над этим мобильным приложением. И они уже мне ответят. --     С уважением,   Д--- Х---",Средняя,Низкая,(3) Средний,5х8 (9:00-13:00 - 14:00-18:00),Москва,120:00:00,2025-04-18 18:00:00,2025-04-18 18:00:00,2025-03-31 11:01:25.046000,02:01:25,Не просрочен,2025-03-31 13:00:10.706000,2025-12-15 07:41:13.017000,00:00:00,00:00:00,00:58:56,01:02:28,00:00:00,00:00:00,00:00:00,00:00:00,00:00:00,Решение предоставлено,(2 линия),0,1196,"Добрый день, по обращению прошу предоставить инфо--- Х--- Д--- ема: Мобильное приложение Почты России Текст: Добрый день! Я вижу что ---дрять современные технологии (QR-коды) в своей работе. Так получилось, что я ничего не знаю про смартфоны. Скажите пожалуйста, какие системные требования должны быть у смартфона, чтобы на нём могло работать мобильное приложение Почты России? Сколько должно быть оперативной памяти в смартфоне - , Гигабайта? Сколько должно быть ядер в процессоре? Какая операционная система должна быть установлена? Android подойдёт? Android какой версии должен быть? Если Вы затрудняетесь ответить на эти вопросы, то может быть Вы будете так добры переслать это письмо Вашим техническим специалистам. Например, программистам которые работают над этим мобильным приложением. И они уже мне ответят. -- С уважением, Д--- Х---",56e5b2da521c787d7fac70fe499fa9e8a2d4f0de867748a46a6ff7d7e197f37a,conflicting_category;repeated_text,review,1
38904709,2025-03-29 11:49:32.386000,Закрыт,Внутренний пользователь,"Мобильное приложение ""Почта России""",Мобильное приложение,Прочее,Запрос на обслуживание,"при попытке привязать электронную подпись через гос услуги выходит сообщение о том, что она уже привязана. М--- Але--- . Ответ предоставить клиенту на электронную почту. ",Средняя,Высокая,(2) Высокий,5х8 (9:00-13:00 - 14:00-18:00),Москва,120:00:00,2025-04-18 18:00:00,2025-04-18 18:00:00,2025-03-29 11:57:34.412000,00:00:00,Не просрочен,2025-04-03 12:01:05.775000,2025-12-15 07:38:43.603000,00:00:00,00:00:00,00:00:00,00:00:00,00:00:00,00:00:00,00:00:00,00:00:00,00:00:00,Дублирование,(1 линия),0,1207,"при попытке привязать электронную подпись через гос услуги выходит сообщение о том, что она уже привязана. М--- Але--- . Ответ предоставить клиенту на электронную почту.",c006ac5b5a10b73d0f07ba5768d33885252c2bc9930e82f86eb0f548cc675c09,conflicting_category;repeated_text,review,1
38904745,2025-03-29 11:55:47.941000,Закрыт,Внешний пользователь,"Мобильное приложение ""Почта России""",Мобильное приложение,Проблема с QR-код(подключение/отключение),Запрос на обслуживание,"при попытке привязать электронную подпись через гос услуги выходит сообщение о том, что она уже привязана. М--- Але--- . Ответ предоставить клиенту на электронную почту. ",Низкая,Низкая,(4) Низкий,5х8 (9:00-13:00 - 14:00-18:00),Москва,120:00:00,2025-04-18 18:00:00,2025-04-18 18:00:00,2025-03-29 11:57:19.424000,00:00:00,Не просрочен,2025-04-12 12:15:47.022000,2025-12-15 07:38:41.856000,00:00:00,00:00:00,00:00:00,00:00:00,00:00:00,00:00:00,00:00:00,00:00:00,80:00:00,Уточнение не предоставлено,(1 линия),1,1208,"при попытке привязать электронную подпись через гос услуги выходит сообщение о том, что она уже привязана. М--- Але--- . Ответ предоставить клиенту на электронную почту.",c006ac5b5a10b73d0f07ba5768d33885252c2bc9930e82f86eb0f548cc675c09,conflicting_category;repeated_text,review,1
38904975,2025-03-29 12:36:09.244000,Закрыт,Внешний пользователь,"Мобильное приложение ""Почта России""",Мобильное приложение,Прочее,Запрос на обслуживание,Тема письма: Акция с промокодами/Клиент не может оплатить промокодом/промокод исчез из МП  Текст письма: Тематика: Акции с промокодами и Мобильное приложение Канал поступления обращения: По телефону Дата поступления обращения: : .--- Телефон:  Индекс ОПС:  Электронная--- Суть обращения: В приложении не возможно записаться в ПО.,Средняя,Низкая,(3) Средний,5х8 (9:00-13:00 - 14:00-18:00),Москва,120:00:00,2025-04-18 18:00:00,2025-04-18 18:00:00,2025-03-29 13:34:18.841000,00:00:00,Не просрочен,2025-04-03 14:01:10.705000,2025-12-15 07:41:22.261000,00:00:00,00:00:00,00:00:00,00:00:00,00:00:00,00:00:00,00:00:00,00:00:00,00:00:00,Дублирование,(1 линия),0,1215,Тема письма: Акция с промокодами/Клиент не может оплатить промокодом/промокод исчез из МП Текст письма: Тематика: Акции с промокодами и Мобильное приложение Канал поступления обращения: По телефону Дата поступления обращения: : .--- Телефон: Индекс ОПС: Электронная--- Суть обращения: В приложении не возможно записаться в ПО.,78886197ceb4fd5e6110c0bf7e1b65def461171f421d15e0dc9ad676b9eb21c1,conflicting_category;repeated_text,review,1
38905217,2025-03-29 13:33:54.991000,Закрыт,Внешний пользователь,"Мобильное приложение ""Почта России""",Мобильное приложение,Проблема с ОПС/доставкой,Запрос на обслуживание,Тема письма: Акция с промокодами/Клиент не может оплатить промокодом/промокод исчез из МП Текст письма: Тематика: Акции с промокодами и Мобильное приложение Канал поступления обращения: По телефону Дата поступления обращения: : .--- Телефон:  Индекс ОПС:  Электронная--- Суть обращения: В приложении не возможно записаться в ПО.,Низкая,Низкая,(4) Низкий,5х8 (9:00-13:00 - 14:00-18:00),Москва,120:00:00,2025-05-06 18:00:00,2025-05-06 18:00:00,2025-04-11 19:29:12.643000,00:00:00,Не просрочен,2025-04-16 19:30:53.544000,2025-12-15 07:38:34.312000,00:00:00,00:00:00,00:00:00,00:00:00,00:00:00,00:00:00,00:00:00,00:00:00,80:00:00,Решение предоставлено,(1 линия),1,1219,Тема письма: Акция с промокодами/Клиент не может оплатить промокодом/промокод исчез из МП Текст письма: Тематика: Акции с промокодами и Мобильное приложение Канал поступления обращения: По телефону Дата поступления обращения: : .--- Телефон: Индекс ОПС: Электронная--- Суть обращения: В приложении не возможно записаться в ПО.,78886197ceb4fd5e6110c0bf7e1b65def461171f421d15e0dc9ad676b9eb21c1,conflicting_category;repeated_text,review,1
38905248,2025-03-29 13:40:01.325000,Закрыт,Внешний пользователь,"Мобильное приложение ""Почта России""",Мобильное приложение,Прочее,Запрос на обслуживание,Тема письма: Акция с промокодами/Клиент не может оплатить промокодом/промокод исчез из МП  Текст письма: Тематика: Акции с промокодами и Мобильное приложение Канал поступления обращения: По телефону Дата поступления обращения: : ..--- Телефон:  Электронная--- Суть обращения: Не рассчисчитывает посылки Пишет оформление невозможна.,Средняя,Низкая,(3) Средний,5х8 (9:00-13:00 - 14:00-18:00),Москва,120:00:00,2025-04-18 18:00:00,2025-04-18 18:00:00,2025-03-29 15:24:48.585000,00:00:00,Не просрочен,2025-04-03 15:31:12.243000,2025-12-15 07:38:54.281000,00:00:00,00:00:00,00:00:00,00:00:00,00:00:00,00:00:00,00:00:00,00:00:00,00:00:00,Дублирование,(1 линия),0,1220,Тема письма: Акция с промокодами/Клиент не может оплатить промокодом/промокод исчез из МП Текст письма: Тематика: Акции с промокодами и Мобильное приложение Канал поступления обращения: По телефону Дата поступления обращения: : ..--- Телефон: Электронная--- Суть обращения: Не рассчисчитывает посылки Пишет оформление невозможна.,55f57b321a9f3831f387d5d3ac7e60933103c2120cbf1ff8607299e55eeda663,conflicting_category;repeated_text,review,1
38905758,2025-03-29 15:22:05.993000,Закрыт,Внутренний пользователь,"Мобильное приложение ""Почта России""",Мобильное приложение,Прочее,Запрос на обслуживание,"Клиент оформляет мелкие пакеты в приложении Почты России.  --- и возможности исправить нет. Клиент - Елена, приложение переводит имя- Yelena. Когда приносит посылку в отделение, операторы не могут по куаркоду клиента зайти в систему. Выдает ошибку, несовпадение данных клиента. У них в программе - Elena. И ни кл, ни они это исправить не можем.  На Госуслугах все  данные только на русско--- + предоставить отве---",Средняя,Низкая,(3) Средний,5х8 (9:00-13:00 - 14:00-18:00),Москва,120:00:00,2025-04-18 18:00:00,2025-04-18 18:00:00,2025-03-29 19:00:31.447000,00:00:00,Не просрочен,2025-04-03 19:30:49.682000,2025-12-15 07:38:27.191000,00:00:00,00:00:00,00:00:00,00:00:00,00:00:00,00:00:00,00:00:00,00:00:00,00:00:00,Дублирование,(1 линия),0,1224,"Клиент оформляет мелкие пакеты в приложении Почты России. --- и возможности исправить нет. Клиент - Елена, приложение переводит имя- Yelena. Когда приносит посылку в отделение, операторы не могут по куаркоду клиента зайти в систему. Выдает ошибку, несовпадение данных клиента. У них в программе - Elena. И ни кл, ни они это исправить не можем. На Госуслугах все данные только на русско--- + предоставить отве---",24b531726be53f4a8a0ec527d45662713312e3115a29159fc58fa9fd276a9206,conflicting_category;repeated_text,review,1
38905760,2025-03-29 15:23:25.139000,Закрыт,Внешний пользователь,"Мобильное приложение ""Почта России""",Мобильное приложение,Тарификация посылок,Запрос на обслуживание,Тема письма: Акция с промокодами/Клиент не может оплатить промокодом/промокод исчез из МП Текст письма: Тематика: Акции с промокодами и Мобильное приложение Канал поступления обращения: По телефону Дата поступления обращения: : ..--- Телефон:  Электронная--- Суть обращения: Не рассчитывает посылки. Пишет оформление невозможно.,Низкая,Низкая,(4) Низкий,5х8 (9:00-13:00 - 14:00-18:00),Москва,120:00:00,2025-04-18 18:00:00,2025-04-18 18:00:00,2025-03-29 15:52:07.489000,00:00:00,Не просрочен,2025-04-03 16:01:10.814000,2025-12-15 07:38:27.157000,00:00:00,00:00:00,00:00:00,00:00:00,00:00:00,00:00:00,00:00:00,00:00:00,00:00:00,Отменено пользователем,(1 линия),1,1225,Тема письма: Акция с промокодами/Клиент не может оплатить промокодом/промокод исчез из МП Текст письма: Тематика: Акции с промокодами и Мобильное приложение Канал поступления обращения: По телефону Дата поступления обращения: : ..--- Телефон: Электронная--- Суть обращения: Не рассчитывает посылки. Пишет оформление невозможно.,55f57b321a9f3831f387d5d3ac7e60933103c2120cbf1ff8607299e55eeda663,conflicting_category;repeated_text,review,0
38906325,2025-03-29 18:58:42.048000,Закрыт,Внешний пользователь,"Мобильное приложение ""Почта России""",Мобильное приложение,Предложение по изменению,Запрос на обслуживание,"Клиент оформляет мелкие пакеты в приложении Почты России.   --- и возможности исправить нет. Клиент - Елена, приложение переводит имя- Yelena.  Когда приносит посылку в отделение, операторы не могут по куаркоду клиента зайти в систему. Выдает ошибку, несовпадение данных клиента.  У них в программе - Elena. И ни кл, ни они это исправить не можем.  На Госуслугах все  данные только на русском языке Мазур Елен---",Низкая,Низкая,(4) Низкий,5х8 (9:00-13:00 - 14:00-18:00),Москва,120:00:00,2025-04-18 18:00:00,2025-04-18 18:00:00,2025-04-01 11:03:12.302000,01:05:10,Не просрочен,2025-04-06 11:32:12.942000,2025-12-15 07:38:20.655000,00:00:05,00:10:30,00:04:40,00:44:38,00:00:00,00:00:00,00:00:00,00:00:00,08:58:01,Решение предоставлено,(2 линия),3,1231,"Клиент оформляет мелкие пакеты в приложении Почты России. --- и возможности исправить нет. Клиент - Елена, приложение переводит имя- Yelena. Когда приносит посылку в отделение, операторы не могут по куаркоду клиента зайти в систему. Выдает ошибку, несовпадение данных клиента. У них в программе - Elena. И ни кл, ни они это исправить не можем. На Госуслугах все данные только на русском языке Мазур Елен---",24b531726be53f4a8a0ec527d45662713312e3115a29159fc58fa9fd276a9206,conflicting_category;repeated_text,review,0
38906937,2025-03-30 05:40:01.477000,Закрыт,Внешний пользователь,"Мобильное приложение ""Почта России""",Мобильное приложение,Прочее,Запрос на обслуживание,"Тема письма: Акция с промокодами/Клиент не может оплатить промокодом/промокод исчез из МП  Текст письма: Тематика: Акции с промокодами и Мобильное приложение Канал поступления обращения: По телефону Дата поступления обращения: :--- Телефон:  Адрес заявителя: , Российская Федерация, край Алтайский, г Барнаул, ул Антона Петрова, д. , кв.  Паспорт: ** **  Учетная запись:  Электронна--- Суть обращения: Датой .. РПО , РПО ,РПО ,РПО  у всех писем были заказаны электронные уведомления. Письма  и в отслеживании есть операция Электронное уведомление доступно для скачивания. Но уведомления на эл. почту и в центр уведомлений на сайте Почта.ру на  ничего не почтупило. Прошу оказать техническую помощь в получение мною уведомлений они мне необходимы.",Средняя,Низкая,(3) Средний,5х8 (9:00-13:00 - 14:00-18:00),Москва,120:00:00,2025-04-18 18:00:00,2025-04-18 18:00:00,2025-03-30 07:22:07.083000,00:00:00,Не просрочен,2025-04-04 07:30:40.113000,2025-12-15 07:38:12.614000,00:00:00,00:00:00,00:00:00,00:00:00,00:00:00,00:00:00,00:00:00,00:00:00,00:00:00,Дублирование,(1 линия),0,1234,"Тема письма: Акция с промокодами/Клиент не может оплатить промокодом/промокод исчез из МП Текст письма: Тематика: Акции с промокодами и Мобильное приложение Канал поступления обращения: По телефону Дата поступления обращения: :--- Телефон: Адрес заявителя: , Российская Федерация, край Алтайский, г Барнаул, ул Антона Петрова, д. , кв. Паспорт: ** ** Учетная запись: Электронна--- Суть обращения: Датой .. РПО , РПО ,РПО ,РПО у всех писем были заказаны электронные уведомления. Письма и в отслеживании есть операция Электронное уведомление доступно для скачивания. Но уведомления на эл. почту и в центр уведомлений на сайте Почта.ру на ничего не почтупило. Прошу оказать техническую помощь в получение мною уведомлений они мне необходимы.",fb328ef4c7043006bfa5415b12ef1eeba508266ec389342411d9769addd1d3d2,conflicting_category;repeated_text,review,1
38906954,2025-03-30 07:19:12.749000,Закрыт,Внешний пользователь,"Мобильное приложение ""Почта России""",Мобильное приложение,Проблема с авторизацией/ЭЗП/Бонусами/Доверенностями,Запрос на обслуживание,"Тема письма: Акция с промокодами/Клиент не может оплатить промокодом/промокод исчез из МП Текст письма: Тематика: Акции с промокодами и Мобильное приложение Канал поступления обращения: По телефону Дата поступления обращения: :--- Телефон:  Адрес заявителя: , Российская Федерация, край Алтайский, г Барнаул, ул Антона Петрова, д. , кв.  Паспорт: ** **  Учетная запись:  Электронна--- Суть обращения: Датой .. РПО , РПО ,РПО ,РПО  у всех писем были заказаны электронные уведомления. Письма и в отслеживании есть операция Электронное уведомление доступно для скачивания. Но уведомления на эл. почту и в центр уведомлений на сайте Почта.ру на ничего не почтупило. Прошу оказать техническую помощь в получение мною уведомлений они мне необходимы.",Низкая,Низкая,(4) Низкий,5х8 (9:00-13:00 - 14:00-18:00),Москва,120:00:00,2025-04-18 18:00:00,2025-04-18 18:00:00,2025-03-31 12:15:05.627000,03:15:05,Не просрочен,2025-04-14 12:15:49.551000,2025-12-15 07:38:16.020000,00:00:00,00:00:00,00:11:05,03:04:00,00:00:00,00:00:00,00:00:00,00:00:00,80:00:43,Уточнение не предоставлено,(2 линия),1,1235,"Тема письма: Акция с промокодами/Клиент не может оплатить промокодом/промокод исчез из МП Текст письма: Тематика: Акции с промокодами и Мобильное приложение Канал поступления обращения: По телефону Дата поступления обращения: :--- Телефон: Адрес заявителя: , Российская Федерация, край Алтайский, г Барнаул, ул Антона Петрова, д. , кв. Паспорт: ** ** Учетная запись: Электронна--- Суть обращения: Датой .. РПО , РПО ,РПО ,РПО у всех писем были заказаны электронные уведомления. Письма и в отслеживании есть операция Электронное уведомление доступно для скачивания. Но уведомления на эл. почту и в центр уведомлений на сайте Почта.ру на ничего не почтупило. Прошу оказать техническую помощь в получение мною уведомлений они мне необходимы.",fb328ef4c7043006bfa5415b12ef1eeba508266ec389342411d9769addd1d3d2,conflicting_category;repeated_text,review,1
38923176,2025-03-31 11:39:14.215000,Закрыт,Внутренний пользователь,"Мобильное приложение ""Почта России""",Мобильное приложение,Прочее,Запрос на обслуживание,"Добрый день.  Добрый день, отправляла письмо в УК через приложение, дважды оплатила отправку и ни разу письмо не ушло. Что дальше делать? и как мне вернуть стоимость одной отправки? это всё, что у меня высвечивается, трек видимо не присвоился, а деньги дважды по , списали. Не выдает ошибки, выходит такое окно (выше см.) я нажимаю оплатить и отправить, оно переводит на оплату, ввожу данные деньги списываются, а форма (оплатить и отправить) так и висит.   Гичк---, ",Средняя,Высокая,(2) Высокий,5х8 (9:00-13:00 - 14:00-18:00),Москва,120:00:00,2025-04-21 11:39:14.215000,2025-04-21 11:39:14,2025-03-31 12:47:14.503000,01:08:00,Не просрочен,2025-04-05 13:02:51.234000,2025-12-15 07:26:10.730000,01:06:20,00:01:38,00:00:00,00:00:00,00:00:00,00:00:00,00:00:00,00:00:00,00:00:00,Дублирование,(1 линия),0,1270,"Добрый день. Добрый день, отправляла письмо в УК через приложение, дважды оплатила отправку и ни разу письмо не ушло. Что дальше делать? и как мне вернуть стоимость одной отправки? это всё, что у меня высвечивается, трек видимо не присвоился, а деньги дважды по , списали. Не выдает ошибки, выходит такое окно (выше см.) я нажимаю оплатить и отправить, оно переводит на оплату, ввожу данные деньги списываются, а форма (оплатить и отправить) так и висит. Гичк---,",2d27f39993cd7ca9a890efe99478e7c18e3fc0bedde670687feef33c3ddd0f27,conflicting_category;repeated_text,review,1
38924429,2025-03-31 12:46:51.748000,Закрыт,Внешний пользователь,"Мобильное приложение ""Почта России""",Мобильное приложение,Не проходит оплата/возврат,Запрос на обслуживание,"Добрый день.  Добрый день, отправляла письмо в УК через приложение, дважды оплатила отправку и ни разу письмо не ушло. Что дальше делать? и как мне вернуть стоимость одной отправки? это всё, что у меня высвечивается, трек видимо не присвоился, а деньги дважды по , списали. Не выдает ошибки, выходит такое окно (выше см.) я нажимаю оплатить и отправить, оно переводит на оплату, ввожу данные деньги списываются, а форма (оплатить и отправить) так и висит. Гичк---, ",Низкая,Низкая,(4) Низкий,5х8 (9:00-13:00 - 14:00-18:00),Москва,120:00:00,2025-05-15 09:12:06.939000,2025-05-15 09:12:06,2025-04-19 12:09:05.892000,07:47:53,Не просрочен,2025-04-19 12:09:05.641000,2025-12-15 07:23:48.386000,00:13:08,07:34:44,00:00:00,00:00:00,00:00:00,00:00:00,00:00:00,00:00:00,108:25:15,Не согласован,(1 линия),2,1273,"Добрый день. Добрый день, отправляла письмо в УК через приложение, дважды оплатила отправку и ни разу письмо не ушло. Что дальше делать? и как мне вернуть стоимость одной отправки? это всё, что у меня высвечивается, трек видимо не присвоился, а деньги дважды по , списали. Не выдает ошибки, выходит такое окно (выше см.) я нажимаю оплатить и отправить, оно переводит на оплату, ввожу данные деньги списываются, а форма (оплатить и отправить) так и висит. Гичк---,",2d27f39993cd7ca9a890efe99478e7c18e3fc0bedde670687feef33c3ddd0f27,conflicting_category;repeated_text,review,0
38926503,2025-03-31 14:04:02.593000,Закрыт,Внешний пользователь,"Мобильное приложение ""Почта России""",Мобильное приложение,Прочее,Запрос на обслуживание,"Тема письма: Акция с промокодами/Клиент не может оплатить промокодом/промокод исчез из МП  Текст письма: Тематика: Акции с промокодами и Мобильное приложение Канал поступления обращения: По телефону Дата поступления обращения: : --- Телефон:  Учетная запись:  Электронная п--- Суть обращения: Я направил и оплатил ЭЗП.Далее письмо не отправлено,висит статус Платеж подтвержден.Прошу отправить данное рпо на адрес получателя.",Средняя,Низкая,(3) Средний,5х8 (9:00-13:00 - 14:00-18:00),Москва,120:00:00,2025-04-21 14:04:02.593000,2025-04-21 14:04:02,2025-03-31 14:23:59.655000,00:19:57,Не просрочен,2025-04-05 14:32:50.288000,2025-12-15 07:23:23.448000,00:19:12,00:00:44,00:00:00,00:00:00,00:00:00,00:00:00,00:00:00,00:00:00,00:00:00,Дублирование,(1 линия),0,1285,"Тема письма: Акция с промокодами/Клиент не может оплатить промокодом/промокод исчез из МП Текст письма: Тематика: Акции с промокодами и Мобильное приложение Канал поступления обращения: По телефону Дата поступления обращения: : --- Телефон: Учетная запись: Электронная п--- Суть обращения: Я направил и оплатил ЭЗП.Далее письмо не отправлено,висит статус Платеж подтвержден.Прошу отправить данное рпо на адрес получателя.",97c8cd1fcef1cd3c800dd896440cc3895addb7e15edb68cda29d989f41554903,conflicting_category;repeated_text,review,1
38926976,2025-03-31 14:23:50.973000,Закрыт,Внешний пользователь,"Мобильное приложение ""Почта России""",Мобильное приложение,Проблема с авторизацией/ЭЗП/Бонусами/Доверенностями,Запрос на обслуживание,"Тема письма: Акция с промокодами/Клиент не может оплатить промокодом/промокод исчез из МП Текст письма: Тематика: Акции с промокодами и Мобильное приложение Канал поступления обращения: По телефону Дата поступления обращения: : --- Телефон:  Учетная запись:  Электронная п--- Суть обращения: Я направил и оплатил ЭЗП.Далее письмо не отправлено,висит статус Платеж подтвержден.Прошу отправить данное рпо на адрес получателя.",Низкая,Низкая,(4) Низкий,5х8 (9:00-13:00 - 14:00-18:00),Москва,120:00:00,2025-04-25 17:39:52.053000,2025-04-25 17:39:52,2025-04-05 18:34:01.958000,00:20:07,Не просрочен,2025-04-10 19:00:42.418000,2025-12-15 07:23:13.822000,00:18:46,00:01:20,00:00:00,00:00:00,00:00:00,00:00:00,00:00:00,00:00:00,35:16:01,Решение предоставлено,(1 линия),1,1288,"Тема письма: Акция с промокодами/Клиент не может оплатить промокодом/промокод исчез из МП Текст письма: Тематика: Акции с промокодами и Мобильное приложение Канал поступления обращения: По телефону Дата поступления обращения: : --- Телефон: Учетная запись: Электронная п--- Суть обращения: Я направил и оплатил ЭЗП.Далее письмо не отправлено,висит статус Платеж подтвержден.Прошу отправить данное рпо на адрес получателя.",97c8cd1fcef1cd3c800dd896440cc3895addb7e15edb68cda29d989f41554903,conflicting_category;repeated_text,review,1
39657404,2025-05-30 13:34:37.202000,Закрыт,Внутренний пользователь,Портал pochta.ru,,Ошибки оплаты,Запрос на обслуживание,"Здравствуйте! З--- . платеж прошел. не выдаёт мне конверт распечатать.  Треки , , ",Высокая,Высокая,(1) Наивысший,"5x9 (Пн-Чт 9:00-18:00, Пт 9:00-16:45)",Москва,80:00:00,2025-06-16 15:04:37.202000,2025-06-16 15:04:37,2025-05-30 14:00:24.407000,00:25:46,Не просрочен,2025-06-04 14:32:50.347000,2025-12-14 22:18:36.630000,00:23:56,00:01:50,00:00:00,00:00:00,00:00:00,00:00:00,00:00:00,00:00:00,00:00:00,Дублирование,(1 линия),0,1318,"Здравствуйте! З--- . платеж прошел. не выдаёт мне конверт распечатать. Треки , ,",914a83874a38a0ca7885bf7925271f1bebcfcfcfa5f3645266daeb669a0e1389,conflicting_category;repeated_text;missing_service_component,review,0
39657890,2025-05-30 14:00:14.504000,Закрыт,Внешний пользователь,Портал pochta.ru,,Письма\бандероли,Запрос на обслуживание,"Здравствуйте! З--- . платеж прошел. не выдаёт мне конверт распечатать.  Треки , , ",Средняя,Низкая,(3) Средний,"5x9 (Пн-Чт 9:00-18:00, Пт 9:00-16:45)",Москва,120:00:00,2025-06-23 11:45:14.504000,2025-06-23 11:45:14,2025-05-30 16:20:17.209000,02:20:02,Не просрочен,2025-06-04 16:31:58.544000,2025-12-14 22:18:20.084000,01:07:32,00:00:17,00:30:11,00:42:00,00:00:00,00:00:00,00:00:00,00:00:00,00:00:00,Решение предоставлено,(2 линия),0,1320,"Здравствуйте! З--- . платеж прошел. не выдаёт мне конверт распечатать. Треки , ,",914a83874a38a0ca7885bf7925271f1bebcfcfcfa5f3645266daeb669a0e1389,conflicting_category;repeated_text;missing_service_component,review,1
39659162,2025-05-30 14:36:09.935000,Закрыт,Внутренний пользователь,Портал pochta.ru,,Ошибки оплаты,Запрос на обслуживание,"Здравствуйте! З--- . платеж прошел. не выдаёт мне конверт распечатать.  Треки , , ",Высокая,Высокая,(1) Наивысший,"5x9 (Пн-Чт 9:00-18:00, Пт 9:00-16:45)",Москва,80:00:00,2025-06-16 16:06:09.935000,2025-06-16 16:06:09,2025-05-30 16:03:21.353000,01:27:11,Не просрочен,2025-06-04 16:32:03.894000,2025-12-14 22:17:40.796000,01:03:41,00:23:29,00:00:00,00:00:00,00:00:00,00:00:00,00:00:00,00:00:00,00:00:00,Дублирование,(1 линия),0,1321,"Здравствуйте! З--- . платеж прошел. не выдаёт мне конверт распечатать. Треки , ,",914a83874a38a0ca7885bf7925271f1bebcfcfcfa5f3645266daeb669a0e1389,conflicting_category;repeated_text;missing_service_component,review,0
40162616,2025-07-14 13:48:08.712000,Закрыт,Виртуальный помощник почты России,Портал pochta.ru,,Электронные обращения,Запрос на обслуживание,"ФИО: , комментарий: ",Средняя,Низкая,(3) Средний,"5x9 (Пн-Чт 9:00-18:00, Пт 9:00-16:45)",Москва,120:00:00,2025-08-01 10:18:08.712000,2025-08-01 10:18:08,2025-07-15 15:55:15.320000,02:07:59,Не просрочен,2025-07-20 16:01:41.603000,2025-12-14 17:45:42.430000,00:01:00,00:01:16,01:57:03,00:08:31,00:00:00,00:00:00,00:00:00,00:00:00,08:00:00,Решение предоставлено,(2 линия),1,1342,"ФИО: , комментарий:",77a4fa53cfcf07e756bacc98c16e699bb2041adb5ccdd7d7cda6a973b1c34e35,short_text_review;empty_or_test_template;missing_service_component,review,1
40205739,2025-07-17 14:54:03.675000,Закрыт,Виртуальный помощник почты России,Портал pochta.ru,,Прочее,Запрос на обслуживание,"ФИО: тест, комментарий: тест",Низкая,Низкая,(4) Низкий,"5x9 (Пн-Чт 9:00-18:00, Пт 9:00-16:45)",Москва,120:00:00,2025-08-06 12:39:03.675000,2025-08-06 12:39:03,2025-07-17 16:23:20.198000,01:29:16,Не просрочен,2025-07-17 16:23:20.118000,2025-12-14 17:30:31.297000,00:45:50,00:42:36,00:00:00,00:00:00,00:00:00,00:00:00,00:00:00,00:00:00,00:00:00,Спам,(1 линия),0,1346,"ФИО: тест, комментарий: тест",138d4165a3d2aeb2c1b759ec105c942eded70bf87dc3d50365cc56817693af27,short_text_review;empty_or_test_template;missing_service_component,review,1
40417479,2025-08-05 06:36:05.609000,Закрыт,Внешний пользователь,Портал pochta.ru,,Отслеживание отправлений,Запрос на обслуживание,Тема письма: Где потерялись письмо?   Текст письма:             --     Отправлено из Mail для Android,Низкая,Низкая,(4) Низкий,"5x9 (Пн-Чт 9:00-18:00, Пт 9:00-16:45)",Москва,120:00:00,2025-08-22 14:30:00,2025-08-22 14:30:00,2025-08-05 08:11:17.469000,00:00:00,Не просрочен,2025-08-10 08:32:06.935000,2025-12-14 15:25:47.626000,00:00:00,00:00:00,00:00:00,00:00:00,00:00:00,00:00:00,00:00:00,00:00:00,00:00:00,Решение предоставлено,(1 линия),0,1407,Тема письма: Где потерялись письмо? Текст письма: -- Отправлено из Mail для Android,f0a5c352971299cab2279bdd4e49ee2c2b9098c9d5d9ae9a9d5ca9fe5b099e88,conflicting_category;repeated_text;missing_service_component,review,1
40432248,2025-08-05 19:40:10.270000,Закрыт,Внешний пользователь,Портал pochta.ru,,Электронные обращения,Запрос на обслуживание,"Тема письма: Поиск утерянного отправления   Текст письма:        Добрый день---, .. в : приобрела в ОПС  номер  г. Гродно (Беларусь), Гродненский филиал РУП ""Белпочта"" открытки в количестве трёх штук и марки три штуки для отправки в Российскую Федерацию.   Две открытки, направлялись в г. Нижний Новгород (Россия) и были получены адресатами  и  июля  года соответственно.   Третья открытка предназначалась получателю для адресата г. Москва ул. Михайлова д. а корп. , кв. . Получатель - я.   По состоянию на .. открытка адресатом г. Москва, ул. Михайлова д. а корп. , кв.  - не получена.   Похожая ситуация была в феврале  года, когда получатель в Нижнем Новгороде получил открытку из Беларуси (Минск), а получатель из г. Москвы, по выше указанному адресу - нет.   Складывается статистика, что или потеря происходит на почтовом отделении  или при доставке непосредственно в почтовый ящик.   Прикладываю фискальные чеки оплаты со всей информацией и чек оплаты из приложения банка.   Прошу проверить на стороне Почты России и установить причину, почему открытки теряются на стороне почтового отделения.   Почта Беларуси выпустила со своей стороны все три почтовые отправления.   Согласно статье  Федерального закона «О почтовой связи» № -ФЗ, операторы почтовой связи несут ответственность за утрату, порчу (повреждение), недоставку почтовых отправлений или нарушение контрольных сроков их пересылки, если эти события произошли не по их вине, а вследствие обстоятельств непреодолимой силы или свойств вложения. В случае утраты, порчи или нарушения сроков доставки, за которые ответственность несут сами операторы, они обязаны возместить ущерб в соответствии с законодательством.",Средняя,Низкая,(3) Средний,"5x9 (Пн-Чт 9:00-18:00, Пт 9:00-16:45)",Москва,120:00:00,2025-08-25 15:45:00,2025-08-25 15:45:00,2025-08-05 19:50:38.511000,00:00:00,Не просрочен,2025-08-05 19:50:38.438000,2025-12-14 15:13:20.743000,00:00:00,00:00:00,00:00:00,00:00:00,00:00:00,00:00:00,00:00:00,00:00:00,00:00:00,Не согласован,(1 линия),0,1435,"Тема письма: Поиск утерянного отправления Текст письма: Добрый день---, .. в : приобрела в ОПС номер г. Гродно (Беларусь), Гродненский филиал РУП ""Белпочта"" открытки в количестве трёх штук и марки три штуки для отправки в Российскую Федерацию. Две открытки, направлялись в г. Нижний Новгород (Россия) и были получены адресатами и июля года соответственно. Третья открытка предназначалась получателю для адресата г. Москва ул. Михайлова д. а корп. , кв. . Получатель - я. По состоянию на .. открытка адресатом г. Москва, ул. Михайлова д. а корп. , кв. - не получена. Похожая ситуация была в феврале года, когда получатель в Нижнем Новгороде получил открытку из Беларуси (Минск), а получатель из г. Москвы, по выше указанному адресу - нет. Складывается статистика, что или потеря происходит на почтовом отделении или при доставке непосредственно в почтовый ящик. Прикладываю фискальные чеки оплаты со всей информацией и чек оплаты из приложения банка. Прошу проверить на стороне Почты России и установить причину, почему открытки теряются на стороне почтового отделения. Почта Беларуси выпустила со своей стороны все три почтовые отправления. Согласно статье Федерального закона «О почтовой связи» No -ФЗ, операторы почтовой связи несут ответственность за утрату, порчу (повреждение), недоставку почтовых отправлений или нарушение контрольных сроков их пересылки, если эти события произошли не по их вине, а вследствие обстоятельств непреодолимой силы или свойств вложения. В случае утраты, порчи или нарушения сроков доставки, за которые ответственность несут сами операторы, они обязаны возместить ущерб в соответствии с законодательством.",9a219f117b5775a67ee42b3de145bd4c895e32d4fcc6e28dc884174528ec1766,conflicting_category;repeated_text;missing_service_component,review,1
40507147,2025-08-12 09:50:04.088000,Закрыт,Внешний пользователь,Портал pochta.ru,,Электронные обращения,Запрос на обслуживание,Тема письма: Тема отсутствует.  Текст письма: Описание отсутствует (пустое тело письма).,Средняя,Низкая,(3) Средний,"5x9 (Пн-Чт 9:00-18:00, Пт 9:00-16:45)",Москва,120:00:00,2025-08-29 15:20:04.088000,2025-08-29 15:20:04,2025-08-12 10:01:52.083000,00:11:47,Не просрочен,2025-08-12 10:01:52.025000,2025-12-14 14:40:31.530000,00:00:36,00:11:01,00:00:00,00:00:00,00:00:00,00:00:00,00:00:00,00:00:00,00:00:00,Не согласован,(1 линия),0,1621,Тема письма: Тема отсутствует. Текст письма: Описание отсутствует (пустое тело письма).,ad1e533cb81de11e0ae2e5f9c3065f72f44fc5056c11a9c85f9598d0856d9a22,conflicting_category;repeated_text;missing_service_component,review,1
40579819,2025-08-19 10:20:13.571000,Закрыт,Внешний пользователь,Портал pochta.ru,,Электронные обращения,Запрос на обслуживание,Тема письма: Где письмо ?   Текст письма:            --     Отправлено из Mail для Android,Средняя,Низкая,(3) Средний,"5x9 (Пн-Чт 9:00-18:00, Пт 9:00-16:45)",Москва,120:00:00,2025-09-05 15:50:13.571000,2025-09-05 15:50:13,2025-08-24 08:27:50.195000,00:17:36,Не просрочен,2025-08-24 08:27:50.102000,2025-12-14 13:48:09.931000,00:07:38,00:09:57,00:00:00,00:00:00,00:00:00,00:00:00,00:00:00,00:00:00,30:22:09,Не согласован,(1 линия),1,1720,Тема письма: Где письмо ? Текст письма: -- Отправлено из Mail для Android,f0a5c352971299cab2279bdd4e49ee2c2b9098c9d5d9ae9a9d5ca9fe5b099e88,conflicting_category;repeated_text;missing_service_component,review,1
40629654,2025-08-23 10:31:05.884000,Закрыт,Внешний пользователь,Портал pochta.ru,,Письма\бандероли,Запрос на обслуживание,Тема письма: Тема отсутствует.  Текст письма:                 --   Отправлено из Mail для Android,Средняя,Низкая,(3) Средний,"5x9 (Пн-Чт 9:00-18:00, Пт 9:00-16:45)",Москва,120:00:00,2025-09-11 14:30:00,2025-09-11 14:30:00,2025-08-23 11:50:47.233000,00:00:00,Не просрочен,2025-08-28 12:00:48.600000,2025-12-14 13:15:25.356000,00:00:00,00:00:00,00:00:00,00:00:00,00:00:00,00:00:00,00:00:00,00:00:00,00:00:00,Дублирование,(1 линия),0,1797,Тема письма: Тема отсутствует. Текст письма: -- Отправлено из Mail для Android,fcd5e9e535d1f974e2bb1ebded15bbfb5f09fa078578d418356067a9705f104b,conflicting_category;repeated_text;missing_service_component,review,1
40633961,2025-08-24 18:51:10.409000,Закрыт,Внешний пользователь,Портал pochta.ru,,Электронные обращения,Запрос на обслуживание,"Тема письма: Re: Ответ на обращение №   Текст письма:            Ответ не по сути запроса.    Нет ответа по обращению в части работы почтового отделения .         --   Отправлено из Mail для Android    воскресенье,  августа г., : +: от Почта Р---:                                                          Уважаемый клиент,      Во вложении к данному письму направляем ответ на Ваше обращение №      АО ""Почта России""          ",Средняя,Низкая,(3) Средний,"5x9 (Пн-Чт 9:00-18:00, Пт 9:00-16:45)",Москва,120:00:00,2025-09-11 14:30:00,2025-09-11 14:30:00,2025-08-24 19:08:10.373000,00:00:00,Не просрочен,2025-08-24 19:08:10.285000,2025-12-14 13:12:16.722000,00:00:00,00:00:00,00:00:00,00:00:00,00:00:00,00:00:00,00:00:00,00:00:00,00:00:00,Не согласован,(1 линия),0,1806,"Тема письма: Re: Ответ на обращение No Текст письма: Ответ не по сути запроса. Нет ответа по обращению в части работы почтового отделения . -- Отправлено из Mail для Android воскресенье, августа г., : +: от Почта Р---: Уважаемый клиент, Во вложении к данному письму направляем ответ на Ваше обращение No АО ""Почта России""",3f1cbf8cb50172bf6d816c58d9291d7f3c7b79bb6b533be87b97b46a4dc3bc20,conflicting_category;repeated_text;missing_service_component,review,1
40633962,2025-08-24 18:51:11.618000,Закрыт,Внешний пользователь,Портал pochta.ru,,Электронные обращения,Запрос на обслуживание,"Тема письма: Re: Ответ на обращение №   Текст письма:            Ответ не по сути запроса.    Нет ответа по обращению в части работы почтового отделения .         --   Отправлено из Mail для Android    воскресенье,  августа г., : +: от Почта Р---:                                                          Уважаемый клиент,      Во вложении к данному письму направляем ответ на Ваше обращение №      АО ""Почта России""          ",Средняя,Низкая,(3) Средний,"5x9 (Пн-Чт 9:00-18:00, Пт 9:00-16:45)",Москва,120:00:00,2025-09-11 14:30:00,2025-09-11 14:30:00,2025-08-24 19:08:17.702000,00:00:00,Не просрочен,2025-08-24 19:08:17.612000,2025-12-14 13:12:16.692000,00:00:00,00:00:00,00:00:00,00:00:00,00:00:00,00:00:00,00:00:00,00:00:00,00:00:00,Не согласован,(1 линия),0,1807,"Тема письма: Re: Ответ на обращение No Текст письма: Ответ не по сути запроса. Нет ответа по обращению в части работы почтового отделения . -- Отправлено из Mail для Android воскресенье, августа г., : +: от Почта Р---: Уважаемый клиент, Во вложении к данному письму направляем ответ на Ваше обращение No АО ""Почта России""",3f1cbf8cb50172bf6d816c58d9291d7f3c7b79bb6b533be87b97b46a4dc3bc20,conflicting_category;repeated_text;missing_service_component,review,1
40633963,2025-08-24 18:51:12.494000,Закрыт,Внешний пользователь,Портал pochta.ru,,Электронные обращения,Запрос на обслуживание,"Тема письма: Re: Ответ на обращение №   Текст письма:            Ответ не по сути запроса.    Нет ответа по обращению в части работы почтового отделения .         --   Отправлено из Mail для Android    воскресенье,  августа г., : +: от Почта Р---:                                                          Уважаемый клиент,      Во вложении к данному письму направляем ответ на Ваше обращение №      АО ""Почта России""          ",Средняя,Низкая,(3) Средний,"5x9 (Пн-Чт 9:00-18:00, Пт 9:00-16:45)",Москва,120:00:00,2025-09-11 14:30:00,2025-09-11 14:30:00,2025-08-24 19:08:20.821000,00:00:00,Не просрочен,2025-08-24 19:08:20.729000,2025-12-14 13:12:16.662000,00:00:00,00:00:00,00:00:00,00:00:00,00:00:00,00:00:00,00:00:00,00:00:00,00:00:00,Не согласован,(1 линия),0,1808,"Тема письма: Re: Ответ на обращение No Текст письма: Ответ не по сути запроса. Нет ответа по обращению в части работы почтового отделения . -- Отправлено из Mail для Android воскресенье, августа г., : +: от Почта Р---: Уважаемый клиент, Во вложении к данному письму направляем ответ на Ваше обращение No АО ""Почта России""",3f1cbf8cb50172bf6d816c58d9291d7f3c7b79bb6b533be87b97b46a4dc3bc20,conflicting_category;repeated_text;missing_service_component,review,1
40634001,2025-08-24 19:31:04.890000,Закрыт,Внешний пользователь,Портал pochta.ru,,Прочее,Запрос на обслуживание,"Тема письма: Re: Ответ на обращение №   Текст письма:            Ответ не по сути запроса.    Нет ответа по обращению в части работы почтового отделения .         --   Отправлено из Mail для Android    воскресенье,  августа г., : +: от Почта Р---:                                                          Уважаемый клиент,      Во вложении к данному письму направляем ответ на Ваше обращение №      АО ""Почта России""          ",Низкая,Низкая,(4) Низкий,"5x9 (Пн-Чт 9:00-18:00, Пт 9:00-16:45)",Москва,120:00:00,2025-09-11 14:30:00,2025-09-11 14:30:00,2025-08-24 19:37:05.378000,00:00:00,Не просрочен,2025-08-24 20:41:06.529000,2025-12-14 13:12:16.251000,00:00:00,00:00:00,00:00:00,00:00:00,00:00:00,00:00:00,00:00:00,00:00:00,00:00:00,Дублирование,(1 линия),0,1809,"Тема письма: Re: Ответ на обращение No Текст письма: Ответ не по сути запроса. Нет ответа по обращению в части работы почтового отделения . -- Отправлено из Mail для Android воскресенье, августа г., : +: от Почта Р---: Уважаемый клиент, Во вложении к данному письму направляем ответ на Ваше обращение No АО ""Почта России""",3f1cbf8cb50172bf6d816c58d9291d7f3c7b79bb6b533be87b97b46a4dc3bc20,conflicting_category;repeated_text;missing_service_component,review,1
40634013,2025-08-24 19:41:05.858000,Закрыт,Внешний пользователь,Портал pochta.ru,,Прочее,Запрос на обслуживание,"Тема письма: Re: Ответ на обращение №   Текст письма:            Ответ не по сути запроса.    Нет ответа по обращению в части работы почтового отделения .         --   Отправлено из Mail для Android    воскресенье,  августа г., : +: от Почта Р---:                                                          Уважаемый клиент,      Во вложении к данному письму направляем ответ на Ваше обращение №      АО ""Почта России""          ",Низкая,Низкая,(4) Низкий,"5x9 (Пн-Чт 9:00-18:00, Пт 9:00-16:45)",Москва,120:00:00,2025-09-11 14:30:00,2025-09-11 14:30:00,2025-08-24 19:42:37.571000,00:00:00,Не просрочен,2025-08-24 19:42:37.474000,2025-12-14 13:12:16.190000,00:00:00,00:00:00,00:00:00,00:00:00,00:00:00,00:00:00,00:00:00,00:00:00,00:00:00,Не согласован,(1 линия),0,1810,"Тема письма: Re: Ответ на обращение No Текст письма: Ответ не по сути запроса. Нет ответа по обращению в части работы почтового отделения . -- Отправлено из Mail для Android воскресенье, августа г., : +: от Почта Р---: Уважаемый клиент, Во вложении к данному письму направляем ответ на Ваше обращение No АО ""Почта России""",3f1cbf8cb50172bf6d816c58d9291d7f3c7b79bb6b533be87b97b46a4dc3bc20,conflicting_category;repeated_text;missing_service_component,review,1
40634102,2025-08-24 20:41:05.278000,Закрыт,Внешний пользователь,Портал pochta.ru,,Прочее,Запрос на обслуживание,"Тема письма: Re: Ответ на обращение №   Текст письма:            Ответ не по сути запроса.    Нет ответа по обращению в части работы почтового отделения .         --   Отправлено из Mail для Android    воскресенье,  августа г., : +: от Почта Р---:                                                          Уважаемый клиент,      Во вложении к данному письму направляем ответ на Ваше обращение №      АО ""Почта России""          ",Низкая,Низкая,(4) Низкий,"5x9 (Пн-Чт 9:00-18:00, Пт 9:00-16:45)",Москва,120:00:00,2025-09-11 14:30:00,2025-09-11 14:30:00,2025-08-25 07:33:07.790000,00:00:00,Не просрочен,2025-08-25 09:41:06.090000,2025-12-14 13:12:15.791000,00:00:00,00:00:00,00:00:00,00:00:00,00:00:00,00:00:00,00:00:00,00:00:00,00:00:00,Решение предоставлено,(1 линия),0,1812,"Тема письма: Re: Ответ на обращение No Текст письма: Ответ не по сути запроса. Нет ответа по обращению в части работы почтового отделения . -- Отправлено из Mail для Android воскресенье, августа г., : +: от Почта Р---: Уважаемый клиент, Во вложении к данному письму направляем ответ на Ваше обращение No АО ""Почта России""",3f1cbf8cb50172bf6d816c58d9291d7f3c7b79bb6b533be87b97b46a4dc3bc20,conflicting_category;repeated_text;missing_service_component,review,1
40634103,2025-08-24 20:41:07.003000,Закрыт,Внешний пользователь,Портал pochta.ru,,Прочее,Запрос на обслуживание,"Тема письма: Re: Ответ на обращение №   Текст письма:            Ответ не по сути запроса.    Нет ответа по обращению в части работы почтового отделения .         --   Отправлено из Mail для Android    воскресенье,  августа г., : +: от Почта Р---:                                                          Уважаемый клиент,      Во вложении к данному письму направляем ответ на Ваше обращение №      АО ""Почта России""          ",Низкая,Низкая,(4) Низкий,"5x9 (Пн-Чт 9:00-18:00, Пт 9:00-16:45)",Москва,120:00:00,2025-09-11 14:30:00,2025-09-11 14:30:00,2025-08-25 07:33:27.990000,00:00:00,Не просрочен,2025-08-25 09:41:06.922000,2025-12-14 13:12:15.761000,00:00:00,00:00:00,00:00:00,00:00:00,00:00:00,00:00:00,00:00:00,00:00:00,00:00:00,Решение предоставлено,(1 линия),0,1813,"Тема письма: Re: Ответ на обращение No Текст письма: Ответ не по сути запроса. Нет ответа по обращению в части работы почтового отделения . -- Отправлено из Mail для Android воскресенье, августа г., : +: от Почта Р---: Уважаемый клиент, Во вложении к данному письму направляем ответ на Ваше обращение No АО ""Почта России""",3f1cbf8cb50172bf6d816c58d9291d7f3c7b79bb6b533be87b97b46a4dc3bc20,conflicting_category;repeated_text;missing_service_component,review,1
40657328,2025-08-26 15:11:11.671000,Закрыт,Внешний пользователь,Портал pochta.ru,,Прочее,Запрос на обслуживание,"Тема письма: Re[]: Ответ на обращение №   Текст письма:            Ответ не предоставлен      --   Отправлено из Mail для Android    воскресенье,  августа г., : +: от Екатерин---:                    Ответ не по сути запроса.    Нет ответа по обращению в части работы почтового отделения .         --   Отправлено из   Mail для Android    воскресенье,  августа г., : +: от Почта Р---:                                                           Уважаемый клиент,      Во вложении к данному письму направляем ответ на Ваше обращение №      АО ""Почта России""          ",Низкая,Низкая,(4) Низкий,"5x9 (Пн-Чт 9:00-18:00, Пт 9:00-16:45)",Москва,120:00:00,2025-09-15 12:56:11.671000,2025-09-15 12:56:11,2025-08-26 15:16:48.888000,00:05:37,Не просрочен,2025-08-26 16:21:07.771000,2025-12-14 12:59:20.307000,00:05:32,00:00:04,00:00:00,00:00:00,00:00:00,00:00:00,00:00:00,00:00:00,00:00:00,Решение предоставлено,(1 линия),0,1854,"Тема письма: Re[]: Ответ на обращение No Текст письма: Ответ не предоставлен -- Отправлено из Mail для Android воскресенье, августа г., : +: от Екатерин---: Ответ не по сути запроса. Нет ответа по обращению в части работы почтового отделения . -- Отправлено из Mail для Android воскресенье, августа г., : +: от Почта Р---: Уважаемый клиент, Во вложении к данному письму направляем ответ на Ваше обращение No АО ""Почта России""",3f1cbf8cb50172bf6d816c58d9291d7f3c7b79bb6b533be87b97b46a4dc3bc20,conflicting_category;repeated_text;missing_service_component,review,1
40657329,2025-08-26 15:11:13.059000,Закрыт,Внешний пользователь,Портал pochta.ru,,Прочее,Запрос на обслуживание,"Тема письма: Re[]: Ответ на обращение №   Текст письма:            Ответ не предоставлен      --   Отправлено из Mail для Android    воскресенье,  августа г., : +: от Екатерин---:                    Ответ не по сути запроса.    Нет ответа по обращению в части работы почтового отделения .         --   Отправлено из   Mail для Android    воскресенье,  августа г., : +: от Почта Р---:                                                           Уважаемый клиент,      Во вложении к данному письму направляем ответ на Ваше обращение №      АО ""Почта России""          ",Низкая,Низкая,(4) Низкий,"5x9 (Пн-Чт 9:00-18:00, Пт 9:00-16:45)",Москва,120:00:00,2025-09-15 12:56:13.059000,2025-09-15 12:56:13,2025-08-26 15:16:40.492000,00:05:27,Не просрочен,2025-08-26 16:21:07.188000,2025-12-14 12:59:20.273000,00:05:22,00:00:04,00:00:00,00:00:00,00:00:00,00:00:00,00:00:00,00:00:00,00:00:00,Решение предоставлено,(1 линия),0,1855,"Тема письма: Re[]: Ответ на обращение No Текст письма: Ответ не предоставлен -- Отправлено из Mail для Android воскресенье, августа г., : +: от Екатерин---: Ответ не по сути запроса. Нет ответа по обращению в части работы почтового отделения . -- Отправлено из Mail для Android воскресенье, августа г., : +: от Почта Р---: Уважаемый клиент, Во вложении к данному письму направляем ответ на Ваше обращение No АО ""Почта России""",3f1cbf8cb50172bf6d816c58d9291d7f3c7b79bb6b533be87b97b46a4dc3bc20,conflicting_category;repeated_text;missing_service_component,review,1
40704553,2025-08-30 08:32:28.232000,Закрыт,Внешний пользователь,Портал pochta.ru,,"Сервис ""Открытки""",Запрос на обслуживание,"Добр---, .. в : приобрела в ОПС номер  г. Гродно (Беларусь), Гродненский филиал РУП ""Белпочта"" открытки в количестве трёх штук и марки три штуки для отправки в Российскую Федерацию. Две открытки, направлялись в г. Нижний Новгород (Россия) и были получены адресатами  и  июля  года соответственно. Третья открытка предназначалась получателю для адресата г. Москва ул. Михайлова д. а корп. , кв. . Получатель - я. По состоянию на .. открытка адресатом г. Москва, ул. Михайлова д. а корп. , кв.  - не получена. Похожая ситуация была в феврале  года, когда получатель в Нижнем Новгороде получил открытку из Беларуси (Минск), а получатель из г. Москвы, по выше указанному адресу - нет. Складывается статистика, что или потеря происходит на почтовом отделении  или при доставке непосредственно в почтовый ящик. Прикладываю фискальные чеки оплаты со всей информацией и чек оплаты из приложения банка. Прошу проверить на стороне Почты России и установить причину, почему открытки теряются на стороне почтового отделения. Почта Беларуси выпустила со своей стороны все три почтовые отправления. Согласно статье  Федерального закона «О почтовой связи» № -ФЗ, операторы почтовой связи несут ответственность за утрату, порчу (повреждение), недоставку почтовых отправлений или нарушение контрольных сроков их пересылки, если эти события произошли не по их вине, а вследствие обстоятельств непреодолимой силы или свойств вложения. В случае утраты, порчи или нарушения сроков доставки, за которые ответственность несут сами операторы, они обязаны возместить ущерб в соответствии с законодательством.  -- Отправлено из Mail для Android понедельник,  августа",Низкая,Средняя,(4) Низкий,"5x9 (Пн-Чт 9:00-18:00, Пт 9:00-16:45)",Москва,120:00:00,2025-09-18 14:30:00,2025-09-18 14:30:00,2025-09-02 09:09:14.004000,09:09:13,Не просрочен,2025-09-02 09:31:04.761000,2025-12-14 12:41:17.540000,00:00:00,00:00:00,06:37:35,00:01:59,00:00:00,00:00:00,00:00:00,00:00:00,00:00:00,Отменено пользователем,(1 линия),0,1921,"Добр---, .. в : приобрела в ОПС номер г. Гродно (Беларусь), Гродненский филиал РУП ""Белпочта"" открытки в количестве трёх штук и марки три штуки для отправки в Российскую Федерацию. Две открытки, направлялись в г. Нижний Новгород (Россия) и были получены адресатами и июля года соответственно. Третья открытка предназначалась получателю для адресата г. Москва ул. Михайлова д. а корп. , кв. . Получатель - я. По состоянию на .. открытка адресатом г. Москва, ул. Михайлова д. а корп. , кв. - не получена. Похожая ситуация была в феврале года, когда получатель в Нижнем Новгороде получил открытку из Беларуси (Минск), а получатель из г. Москвы, по выше указанному адресу - нет. Складывается статистика, что или потеря происходит на почтовом отделении или при доставке непосредственно в почтовый ящик. Прикладываю фискальные чеки оплаты со всей информацией и чек оплаты из приложения банка. Прошу проверить на стороне Почты России и установить причину, почему открытки теряются на стороне почтового отделения. Почта Беларуси выпустила со своей стороны все три почтовые отправления. Согласно статье Федерального закона «О почтовой связи» No -ФЗ, операторы почтовой связи несут ответственность за утрату, порчу (повреждение), недоставку почтовых отправлений или нарушение контрольных сроков их пересылки, если эти события произошли не по их вине, а вследствие обстоятельств непреодолимой силы или свойств вложения. В случае утраты, порчи или нарушения сроков доставки, за которые ответственность несут сами операторы, они обязаны возместить ущерб в соответствии с законодательством. -- Отправлено из Mail для Android понедельник, августа",9a219f117b5775a67ee42b3de145bd4c895e32d4fcc6e28dc884174528ec1766,conflicting_category;repeated_text;missing_service_component,review,0
