request_id,text,category,duplicate_group,source_record,is_top15
37811141,"Тема письма: Тема отсутствует. Текст письма: Добрый вечер. А используя вашу программу PrePost, откуда можно взять ШПИ номера для отправлений? А также может ли программа печать на конвертах которые имеют строки для написания, если нет будет ли данный функционал в дальнейшем?",Проблема из почты,318bb64aa472b2273a7c96a5c589309397d77f06e236966a9145ae2759d8abac,2,0
37811296,"Тема письма: Запрос срочный! Министерство экономики Краснодарского края Текст письма: Уважаемые коллеги! Подскажите пожалуйста сколько можно ждать когда Вы разработает сервис на ОС Linux prepost, чтобы было действительно без подключения к интернету? Ждём от Вас ответ в короткие сроки! С Уважением Министерство экономики Краснодарского края. -- Отправлено из Mail для Android",Проблема из почты,ac39ef2076bc607d6b551d141b1e1ecb01d60079c948fb81a997318dd3d63939,3,0
37903661,"Тема письма: Программа для офлайн. Текст письма: Коллеги, добрый день! Прошу выслать ПО для подготовки партионных отправлений в офлайн режиме, на сайте ссылка для скачивания не работает. Если размер ПО превышает Мб, прошу направить ссылку для скачивания или отправить на эл. почту: Отдел информационной безопасности Акционерное общество «Высокотехнологический научно-исследовательский институт неорганических материалов имени академика",Проблема из почты,83c06ca8debec9b4814b5de3870a6473534e3051ed676a74821e039a326e40c4,4,0
37968424,"Инн: по этому отправлению, оператор не принял письмо, сообщив о проблеме в программе. Оператор оформила письмо под другим трек номером непосредственно в отделении почты (), за которое я заплатила с банковской карты руб. Как аннулировать отправление под номером и вернуть деньги на счёт компании ?Ответы на ваши вопросы в Базе Знаний. Вы также можете посмотреть видеоинструкции по работе с личным кабинетом на YouTube канале. С уважением, Команда сервиса otpravka.pochta.ru АО «Почта России»",Импорт списков из ЛК ЮЛ,9fd2c83e62b5e27f6aead68d91f5d70264d16e4cd33f482fa605368a2c789c30,5,1
38092908,Тема письма: По номеру договора при вводе отправителя Текст письма: При вводе отправителя необходимо ввести Договор. Какой номер требуется ввести? -- Отправлено из Mail для Android,Проблемы в работе Препост/PrePost,4666df2b2e9fa4e3ce3560bbebd630990c3e0b1943c4e459bd0549c6137ff02b,7,1
38108746,"Тема письма: Срочный запрос министерства экономики Краснодарского края Текст письма: Уважаемые коллеги! Когда сделаете сервис prepost без подключения к интернету, инструкция пользователя будет по шаговая, то есть подробная, чтобы уведомления о вручении ф. можно было распечатывать. Простые письма ф. сделайте форму, как заказные, отчёт по расходу ежедневный местный, то есть за определённый период в формате пдф. На счёт предыдущих Ваших версий желать только лучшего, просто безобразие сплош и ряд, а толку нет сервис не доработанный. Хотим увидеть продвинутую Вашу программу в действительности. С уважением министерство экономики Краснодарского края! -- Отправлено из Mail для Android",Проблема из почты,6fb994e524f16ee56e51a78248e951e1516a0c1c59c705af9f5857a6eb794fd0,8,0
38135950,"Инн: Пользо--- добавил комментарий: Пришлите, пожалуйста, реестр ф по партии, которую пытаетесь сдать. Ответы на ваши вопросы в Базе Знаний. Вы также можете посмотреть видеоинструкции по работе с личным кабинетом на YouTube канале. С уважением, Команда сервиса otpravka.pochta.ru АО «Почта России»",Импорт списков из ЛК ЮЛ,0c58ef48c82fa233fc6ebd69557d3ac028dc81b036ce33377bf86749ef0ae250,10,1
38146410,"Тема письма: Сервис PrePost Текст письма: подскажите в данной программе формируются списки, конверты и реестры. но как их передать в почтовую сеть? что бы на отделение у меня приняли и данные с конверта встали в почтовые сервисы? С уважением, Сектор документационного обеспечения",Проблема из почты,5232b918a8824402aa71ab966f88859df43f9ea41f42e0153bd592391bdddbdc,11,0
38539850,"Здравствуйте. Коллеги, ответ необходимо предоставить непосредственно клиенту на e-mail Клиенту не поступает код подтверждения при подключении QR ни в смс, ни в пуш.",Проблема с QR-код(подключение/отключение),a1fbda149de8f40ee230fcd82d634966dac5d645470067cc2294d6d8a7104f4d,13,1
38540240,"Добрый день, поступило ИСО прошу направить информацию для ответа клиенту.Тема: Денежный перевод через мобильное приложение ""Почта России"" Текст: Добрый день! Я---, .. г. совершила перевод денежных средств в сумме р. через мобильное приложение ""Почта России"" на---. Денежные средства были списаны с моей банковской карты Сбер. Сразу после списания денежных средств мобильное приложение ""Почта России"" зависло и не выдало мне номера отправления с помощью которого Получатель мог бы получить данный перевод наличными в почтовом отделении. Прошу помочь в решении данной проблемы: . Либо отменить данный денежный перевод и вернуть мне средства. . Либо продублировать мне номер отправления. . Если есть ещё варианты, прошу проинформировать. Хочу добавить, что уже обращалась в почтовое отделение и трижды звонила на горячую линию, вопрос так и не был решён. Прикрепляю справку по банковской операции. Спасибо. --",Розыск почтовых переводов(Онлайн канал),dc7db9045b0a77462abf891cc5f91ad9df44f1f0521e38608e6eae79ab5b308b,14,0
38540275,"Добрый день, коллеги. Прошу принять в работу на основании комментария специалиста: Судебным участкам Департамента по обеспечению деятельности мировых судей г. Москвы вернули две партии РПО. Причина возврата задвоение ШПИ. Прошу проверить ШПИ номера. клиент ключевой ТОП по г. Москве - прошу отнестись с пониманием. Во вложении акты и конверты",Проблемы в работе ИС Возвраты,7f004b05110f4cd5524926862838e9752c0cc6dea08211466349efccb5c53304,15,0
38541272,при приеме посылки класса на адрес до востребования выскакивает,Проблемы в работе Silkway,f762263499667459d3b1a0d8fd497c0ef6d2431070d02f45769a214196b6beb2,18,0
38542041,Гайнуллин --- Android Pocophone X У меня куар действует всего сек. А у всех мин. Помогите решить проблему.,Проблема с QR-код(подключение/отключение),458a6c6a2a875eb70d95af7d2ec407866d242fa5da83a0cb710a3cc7d0defd49,23,1
38542073,"Добрый день! Посетители многие жалуются, что в приложении Почта России не работает услуга Q код. Электронная подпись у посетителя есть, но приложение не выдает Q код. Пробовали вместе с посетителями действительно Q код не поступает.",Проблема с QR-код(подключение/отключение),bf6651bac82ccc2b2219df56bd9a70fc945ee06668239efbd8b5abcc8d8b6153,24,1
38542321,"Тема письма: ПЭП, Е. Жалоба Текст письма: Тематика: Простая электронная подпись Канал поступления обращения: По телефону Дата поступления обращения: : .. Телефон: Номер ШПИ: Электронная почта клиента: Суть обращения: кл с большим опозданием приходят смс код для кюар кода . кл делала запроса на код по итогу через час пришли все кода . просьба проверить причину задержки",Проблема с QR-код(подключение/отключение),454a7551cc2c99595b933f00696a480ef5ec570f106abf1faa38625cae7be80c,25,1
38542722,РПО из списка не попали на склад. При проверке в сервисе партионный прием вышла ошибка,Проблема с загрузкой данных в 1С,aa2badac15d8f2391bdc6be3c36e2390fa325c50c49d9c0e7b2fd58342741e95,28,0
38542848,"Дата поступления обращения: : .. Телефон: Номер ШПИ: Электронная почта клиента: С большим опозданием приходят смс код для кюар кода, делала запроса на код по итогу через час пришли все кода. Просьба проверить причину задержки.",Проблема с QR-код(подключение/отключение),959dc7c111c4a662c8951e397c6aa8006d50d8f208e645a3f49c81bad37c00f1,29,1
38542992,"Тема письма: Акция с промокодами/Клиент не может оплатить промокодом/промокод исчез из МП Текст письма: Тематика: Акции с промокодами и Мобильное приложение Канал поступления обращения: По телефону Дата поступления обращения: : .. Телефон: Индекс ОПС: Номер ШПИ: Электронная почта клиента: Суть обращения: В приложении, система предлагает забрать отправление в ОПС, по адресу: г Москва, ул Шверника, дом к. . Клиент пришел на указанный адрес, столкнулся с тем, что ОПС временно работает по адресу:Винокурова ул, , к. , о чем, в приложении, нигде нет информации. Клиент просит разобраться. В сообщении, которое поступило на эл. адрес, также нет информации. Клиент просит разобраться.",Проблема с ОПС/доставкой,6c844821575ab7f1a67447cf7fd2aafba92b47b501200171753a1925ff717120,30,1
38543010,"Тема письма: Акция с промокодами/Клиент не может оплатить промокодом/промокод исчез из МП Текст письма: Тематика: Акции с промокодами и Мобильное приложение Канал поступления обращения: По телефону Дата поступления обращения: : .. Телефон: Индекс ОПС: Номер ШПИ: Электронная почта клиента: Суть обращения: В приложении, система предлагает забрать отправление в ОПС, по адресу: г Москва, ул Шверника, дом к. . Клиент пришел на указанный адрес, столкнулся с тем, что ОПС временно работает по адресу:Винокурова ул, , к. , о чем, в приложении, нигде нет информации. Клиент просит разобраться. В сообщении, которое поступило на эл. адрес, также нет информации. Клиент просит разобраться.",Проблема с ОПС/доставкой,6c844821575ab7f1a67447cf7fd2aafba92b47b501200171753a1925ff717120,31,1
38543566,"Добрый день! .. Список No (партия ) от клиента АО "" Завод Элекон "" отправлений прошли без указания габаритов, так как программа автоматически печатала ярлык, не дала в ручную ввести габариты! Коллеги, если выбрали не тот компонент ,просим запрос передать по назначению! Спасибо.",Ошибки загрузки страницы/зависания,218c286ea2f683cdb6266c7d4fe335a7614170156efc272dd06ba34592211f6e,33,1
38543794,"Тема письма: Услуги для населения/Самостоятельная регистрация отправлений Текст письма: Тематика: Самостоятельная регистрация отправлений Канал поступления обращения: По телефону Дата поступления обращения: : .. Телефон: Адрес заявителя: - Индекс ОПС: обл Волгоградская, г Волжский, пр-кт им Ленина, дом Номер ШПИ: - Адрес почтомата: - Учетная запись: Электронная почта клиента: Суть обращения: сотрудники не умеют обращаться с приложением и незнают свое дело .Как создать посылку на сайте международную",Не проходит оплата/возврат,fe273b490a57dfe1657746da646972de287ea924eec1a84c07a6e30b37d3ab2d,34,0
38543901,"Тема письма: Услуги для населения/Самостоятельная регистрация отправлений Текст письма: Тематика: Самостоятельная регистрация отправлений Канал поступления обращения: По телефону Дата поступления обращения: : .. Телефон: ---- Адрес заявителя: Индекс ОПС: Номер ШПИ: Адрес почтомата: Учетная запись: Электронная почта клиента: Суть обращения: При оформлении МПО в МП при нажатии кнопки оформить высвечивает: не удалось загрузить платежную систему.Оплата не списывается, деньги на карте есть.Не возможности оформить посылку. Оформляется через айфон.",Не проходит оплата/возврат,953f8b39b2299029cd03de340777da28065b58e66162bd59e46a55817cf088e6,35,0
38543924,"Тема письма: Услуги для населения/Самостоятельная регистрация отправлений Текст письма: Тематика: Самостоятельная регистрация отправлений Канал поступления обращения: По телефону Дата поступления обращения: : .. Телефон: ---- Адрес заявителя: Индекс ОПС: Номер ШПИ: Адрес почтомата: Учетная запись: Электронная почта клиента: Суть обращения: При оформлении МПО в МП при нажатии кнопки оформить высвечивает: не удалось загрузить платежную систему.Оплата не списывается, деньги на карте есть.Не возможности оформить посылку. Оформляется через айфон.",Не проходит оплата/возврат,953f8b39b2299029cd03de340777da28065b58e66162bd59e46a55817cf088e6,36,0
38543952,"Ответ на п--- Клиенту код для подключения сервиса поступает в пуш уведомлении, а не в смс на номер. Чтобы код посмотреть нужно прервать процесс оформления, в шторке код не показывает, при этом все разрешения приложению предоставлены. Приложение обновлено до последней версии, перезагружать тоже пробовал. Данные к--- +",Проблема с push/sms/email,6c9d225b6a671810bba3a26674004d2638da1730b05023d9391920d9cacbfd47,37,1
38543974,"Ответ на п--- Клиенту код для подключения сервиса поступает в пуш уведомлении, а не в смс на номер. Чтобы код посмотреть нужно прервать процесс оформления, в шторке код не показывает, при этом все разрешения приложению предоставлены. Приложение обновлено до последней версии, перезагружать тоже пробовал. Данные к--- +",Проблема с push/sms/email,6c9d225b6a671810bba3a26674004d2638da1730b05023d9391920d9cacbfd47,38,1
38544032,"Код подключен и отображается при запросе, однако при предъявлении его в окне почты при получении у оператора выходит ошибка, перезапуск приложения, вход выход из него и обновление ПД не помогают - в итоге товар приходится получать иным способом. Клиент формирует код в отделении. в отделении пишет у оператора - ошибка неправильный qr-код. В отделении говорят что ошибка программная и решить её может только служба поддержки. Решите этот вопрос по--- + Ответ предоста---",Проблема с QR-код(подключение/отключение),b6c57c15a9c802c5a680ab3482eac592acab17bd782853d17ef426af03c1bfa4,39,1
38544050,"Код подключен и отображается при запросе, однако при предъявлении его в окне почты при получении у оператора выходит ошибка, перезапуск приложения, вход выход из него и обновление ПД не помогают - в итоге товар приходится получать иным способом. Клиент формирует код в отделении. в отделении пишет у оператора - ошибка неправильный qr-код. В отделении говорят что ошибка программная и решить её может только служба поддержки. Решите этот вопрос по--- + Ответ предоста---",Проблема с QR-код(подключение/отключение),b6c57c15a9c802c5a680ab3482eac592acab17bd782853d17ef426af03c1bfa4,40,1
38544072,"Поступило обращение No следующего содержания, см. ниже Какой ответ предоставить клиенту?Тема: Без темы Текст: перерегистрируйте мне личный --- на новый номер телефона , иначе ваше дурацкое приложение меня не пускает в мой ЛК и не через почту и не через электронку. Это Просто издевательство какое то, а без этого приложения в отделении не обслуживают. Что за безобразие в вас там просиходит, не могу не отправить посылку не получить!!!!! -- Але--- Ков--- Отправлено из Почты Mail",Ошибка в приложении (восстановление работоспособности),b3627c4216d130daf32b302ca6d61439726b28376d37a6d88ed96b07b6c83fbd,41,1
38544614,Тема письма: Проблемы с QR-кодом в мобильном приложении Текст письма: Тематика: Акции с промокодами и Мобильное приложение Канал поступления обращения: По телефону Дата поступления обращения: : .. Телефон: Номер ШПИ: Электронная почта клиента: Суть обращения: При формировании QR кода появляется ошибка о несогласованности даты и времени,Проблема с QR-код(подключение/отключение),53b04978a5c8cbb6f9a1ace95b54195a66be80b1ab737a1591d419b1f8bb3270,42,1
38544632,Тема письма: Проблемы с QR-кодом в мобильном приложении Текст письма: Тематика: Акции с промокодами и Мобильное приложение Канал поступления обращения: По телефону Дата поступления обращения: : .. Телефон: Номер ШПИ: Электронная почта--- Суть обращения: При формировании QR кода появляется ошибка о несогласованности даты и времени,Проблема с QR-код(подключение/отключение),53b04978a5c8cbb6f9a1ace95b54195a66be80b1ab737a1591d419b1f8bb3270,43,1
38546311,"Не работает моб.приложение, перезагрузка не помогла. Версия IOS Щербак На--- (ответ предоставить клиенту на эл.почту)",Ошибка в приложении (восстановление работоспособности),fb291c2dbb44dddf862bf0ccb6bc603925ffc650bf6fe81f72dd0d1bb64f9a25,44,1
38546343,"Не работает моб.приложение, перезагрузка не помогла. Версия IOS Щербак На--- (ответ предоставить клиенту на эл.почту)",Ошибка в приложении (восстановление работоспособности),fb291c2dbb44dddf862bf0ccb6bc603925ffc650bf6fe81f72dd0d1bb64f9a25,45,1
38546890,"Здравствуйте. Кэш чистил, приложение останавливал и презапускал. Неоднократно Прил---",Проблема с QR-код(подключение/отключение),270e79e558f4c268b1b5a2ef7a42a331527caabfe17e49c42969d10664526939,51,1
38548487,"Текст письма: Тематика: Самостоятельная регистрация отправлений Телефон: Учетная запись: Электронная почта клиента: Суть обращения: не может отправить письмо до востребования, нет перехода на эту вкладку, просьба проверить",Прочее,60fd574a0e21adc0e5198c24eb8a54e8c30017e4ecd6169c66af99db348bf797,52,1
38548488,Почему у меня в приложении посылки других людей? все посылки не мои Ген---,Прочее,1204693ebb8b1f6eff1fc82c7f5f789466a6702abc01bcc1fbd15bdd5f4cfc34,53,1
38548510,Добрый день! Не могу восстановить пароль. Проблема сохраняется уже месяца. Фомин Д--- Просьба ответ предоставить на электр--- Спасибо.,Проблема с авторизацией/ЭЗП/Бонусами/Доверенностями,c2d1031957333ea8a7d36e83d7447b4f6fea14ddbdd5d54867099313bb1d8699,54,1
38548527,"Клиент - Здравствуйте. У Вас упало приложение? Уже дня не могу зайти. Приходят уведомления, а в приложение не могу зайти. Пишет сбой. Обновляла и перезаходила, ничего не меняется. Кор--- Наталь--- Samsung A",Ошибка в приложении (восстановление работоспособности),e1102488ad621648c943ba70fa33201aa76c7df22ee02786d28e4e942a0986a9,55,1
38548691,"Пан--- Ю--- После всех вводов цифр с пуш уведомлений, QR- код не подключается",Проблема с QR-код(подключение/отключение),c2a3d6330b47bf84f432393c7bcc602a497fba782b5e6c6e0363360d0a965ae3,57,1
38548929,"+. Фи--- Але--- Ана--- Хотел сегодня получить в отделении почты мелкий пакет. Мне сказали, что по смс больше не выдают. Типа нажмите в приложении Получить QR код. Я был залогинен в приложении, но сколько бы я ни жал кнопку Получить qr код - ничего не происходило. Я решил переустановить приложение и перезагрузить смартфон. Однако после переустановки стало даже невозможно войти в аккаунт",Ошибка в приложении (восстановление работоспособности),cd2e42205b7fe3472b6f59dd0ce1473e613a66666072c0112f320d419746d5ba,58,1
38549051,Индекс ОПС: Суть обращения: в мобильном приложении пишет не верный адрес этот адрес точный,Проблема с данными в личном кабинете клиента,4e962bfbd3c051bb92f90f971ca1b7f9b720eee5a440186ab8c1b6d1db0224f0,59,0
38549163,"доброго дня подскажите пожалуйста почему я плачу за услугу об оповещении перемещении посылки при этом их не получаю, трек-номер . Тяп--- Мари---",Проблема с push/sms/email,31e53c0bf1b8db9ee3d9d68faa2029ec358b2581075279d87d409d1b78496f50,62,1
38549232,Тема письма: Акция с промокодами/Клиент не может оплатить промокодом/промокод исчез из МП Текст письма: Тематика: Акции с промокодами и Мобильное приложение Канал поступления обращения: По телефону Дата поступления обращения: : .. Телефон: Номер ШПИ: - Электронная почта клиента:Суть обращения: Как отвязать банковскую карту в личном кабинете.,Прочее,d5a1b56e83431bad3a81257fb594460463df369bc447b1834da7aff6d1c94fc2,63,1
38549247,Рак--- Е--- адрес ул.Коммуны д / кв--- т мне нужно чтобы на заказные судебные приходили оповещения на почту либо смс,Проблема с push/sms/email,e7e921fe971130837af9e735c267a7a3fe206da5a795f79e7fe8022b64701a15,64,1
38549262,Суть обращения: Как отвязать банковскую карту в личном кабинете.,Не проходит оплата/возврат,bd55089405ce08fbc503e49abba4eb8bb4d9f35dd4904b699abe96c4d4bfd1d2,65,0
38549290,Тема письма: Акция с промокодами/Клиент не может оплатить промокодом/промокод исчез из МП Текст письма: Тематика: Акции с промокодами и Мобильное приложение Канал поступления обращения: По телефону Дата поступления обращения: : .. Телефон: Номер ШПИ: Электронная почта клиента: нет Суть обращения: на данный номер телефона приходят уведомления по данному рпо. Клиент просит отключить уведомления это не его рпо,Прочее,a1b7ecab75f74438cbed253c04c51253a9ebe45e2f5c6532c68a0a4694aa47aa,66,1
38549298,"Не могу подключить принятие по QR, когда захожу в анкету, коды приходят в приложение и невозможно ввести код потому, что закрывается сессия подтверждения доступа. В следующий же раз код оказывается недействительным и круг повторяется. Черкасов Иго---",Проблема с QR-код(подключение/отключение),14ffc2de0673f459ebede1e41d513947560f5bbcc1c6db208ca3f62a6e69f59f,67,1
38549349,"Не получается подключить QR-код при подключении вылезает требование подтверждения при помощи отпечатка пальца, всё выполняю, но продолжения никакого нет ПЭП подключена Тр--- Никит--- TECNO AD Google play",Прочее,e5dfd39b827fc76e42f2ce642d858caae2df6d689362e5bbb070f37baf869002,69,1
38549358,"Тема письма: Акция с промокодами/Клиент не может оплатить промокодом/промокод исчез из МП Текст письма: Тематика: Акции с промокодами и Мобильное приложение Канал поступления обращения: По телефону Дата поступления обращения: : .. Телефон: Адрес заявителя: - Индекс ОПС: - Номер ШПИ: - Адрес почтомата: - Учетная запись: - Электронная почта клиента: Суть обращения: Клиенту на e-mail приходят извещения на чужие отправления. Приходят судебные письма на адрес: Москва, ул.Юровская, д., кор., кв. , а у клиента тот же адрес, но без корпуса. Клиент просит исправить ошибку.",Прочее,6e1b94ead8c78dbc05cadf00d6946b4e1bd08152ac2954c1b213430955909ad6,70,1
38549902,"Здравствуйте. Коллеги, ответ необходимо предоставить непосредственно кл--- Под --- Не работает приложение почта России на ios, пишет ошибка при прохождении проверки безопасности Обновлять и переустанавливать пробовал. Не помогло.",Ошибка в приложении (восстановление работоспособности),f25b55e056fea0c7f21d61bee1e71b7b167a9901b3f725fe40411a25cf494c86,71,1
38552226,Тема письма: Акция с промокодами/Клиент не может оплатить промокодом/промокод исчез из МП Текст письма: Тематика: Акции с промокодами и Мобильное приложение Канал поступления обращения: По телефону Дата поступления обращения: : .. Телефон: Адрес заявителя: г. Барнаул Павловский тракт д. в Индекс ОПС: Номер ШПИ: Учетная запись: Электронная почта клиента: Суть обращения: При предоформлении на сацте Почта.ру заказных писем. выдается предупреждение : Отправление в ОПС возможно только через дня. Если мы приходим в отделение отправить письмо в дату оформления то оператор ОПС отсканировов штрих код не находит нашего трекномера в своей программе.А через три дня номер штрихкода уже становиться доступным для обработки в отделении.,Прочее,cc21c4ef34385a6c8d69673841845dbc6c52b723e53726e0a969c20cd68dc571,73,1
38552674,"Добрый день.При обращении клиента в почтовое отделение и предоставлении QR кода оператор сообщил, что QR код уже истек, даже после обновления спустя минут. QR код в приложении активен, работает и данные актуальные, но пользоваться им в отделении не возможно. Ответ предоставить клиенту, данные клиента:Шабала Артем Р---",Проблема с QR-код(подключение/отключение),70be77bacdb980fabaecc25e9ea5d0620440d04c5b545447b0e16aa7805c5a1a,74,1
38552716,"Тема письма: На последнем нажимаю на отпечаток пальца и вылетает обратно к месту на первом скриншоте Текст письма: вс, мар. г.---->: При ответе добавьте комментарий выше Здравствуйте! В запрос под номером добавлен комментарий --- добавил комментарий: Добрый день! Просьба приложить скриншот Услуга: Мобильное приложение ""Почта России"" Вид запроса: Прочее Контак--- Описание: Не получается подключить QR-код при подключении вылезает требование подтверждения при помощи отпечатка пальца, всё выполняю, но продолжения никакого нет ПЭП подключена Трунов Никит---",Прочее,e654493dde30fff9187dff1650df7988f1c69b3eb889d883de1d1f8c227aef6b,75,1
38553084,"Тема письма: Почта России Текст письма: Добрый день. С февраля не могу войти в мобильное приложение почты. Выдает табличку, что неизвестная причина и предлагает либо отменить вход, либо повторить. При повторной попытке происходит тоже самое. Что делать для возобновления работы мобильного приложения? -- Отправлено из мобильного приложения Яндекс Почты",Прочее,f0042bb28e9fdd14b35d456d597088d8bb3b4ce30c6e3dcbd21a41c01d6ea807,76,1
38553142,"Добрый день. Возникла проблема приёма простых писем созданных клиентами через личный кабинет. Индекс ОПС: Номер окна: Номер телефона для связи с ОПС: Последовательность действий: Фронт-зона, партионный прием - прием простых писем и бандеролей Время возникновения ошибки: .. :",Импорт списков из архива ф.103 (zip-архив),e8bc038219d395a762a07a908f0642c8d26a30963a0bee8452c349d38c16a118,77,1
38553380,Тема письма: Акция с промокодами/Клиент не может оплатить промокодом/промокод исчез из МП Текст письма: Тематика: Акции с промокодами и Мобильное приложение Канал поступления обращения: По телефону Дата поступления обращения: : .. ---ля: г. Барнаул Павловский тракт д. в Индекс ОПС: Номер ШПИ: Учетная запись: Электронная почта клиента: Суть обращения: При предоформлении на сацте Почта.ру заказных писем. выдается предупреждение : Отправление в ОПС возможно только через дня. Если мы приходим в отделение отправить письмо в дату оформления то оператор ОПС отсканировов штрих код не находит нашего трекномера в своей программе.А через три дня номер штрихкода уже становиться доступным для обработки в отделении.,Прочее,cc21c4ef34385a6c8d69673841845dbc6c52b723e53726e0a969c20cd68dc571,79,1
38553441,"Здравствуйте ! Не получается восстановить приложение. Не поступают сообщения ни на электронную почту, ни в СМС Евлентьева Татьяна Александ---, версия приложения ..., . просьба помочь его восстановить",Проблема с push/sms/email,53f9cd51d479ab1ce6c652179b180d0522379df21a7def3cbaa0b57e0e7bb6e3,80,1
38553463,"Вожу номер телефона и пороль, меня обратно выбрасывает и просит заново ввести пароль Ома--- Ната--- Отследить посылку, воити в профиль, показать Qr код просит пороль. Вожу и обратно эта картина.",Ошибка в приложении (восстановление работоспособности),135f399bd489a6c862767d15e380e9e350de5145eeb1c2a7b7681bc50526c527,81,1
38553942,Инк--- Виктор--- Не получается оплатить оплату письмо электронное,Не проходит оплата/возврат,0bd9055f63679b736994398d771f6c8542ed9917814dba61980acf6ab2027e9b,82,0
38554352,"Не открывается QR-код. Он не открывается при нажатии, раньше не пользовалась. ПЭП подключена, пробовали перезагрузить приложение, очистить кэш, не помогло. Кар--- Еле--- Ответ необходимо предоставить непосредственно клие---",Проблема с QR-код(подключение/отключение),c0e083afd319ba4c93c2aa855df415cabb6a7dab8f5667507ce3ef3b70b4c5bc,83,1
38554497,"ЗАПРОС КЛИЕНТУ: Уточните ,пожалуйста,в чём заключается проблема. ОТВЕТ: ОПС ВРЕМЕННО ПО ВРЕМЕННОМУ АДРЕСУ, ПОЧУМУ НА САЙТЕ И В МП ЗАПИСЬ ПО ОСНОВНОМУ АДРЕСУ? RP - первый запрос Галкин Мак--- На сайте Почты России указано: Почтовое отделение No Михалковская ул, Отделение временно работает по указанному адресу. Постоянный адрес: г Москва, г Москва, ул Онежская, дом . Дает записаться онлайн и в мобильном приложении в отделение по старому адресу.",Проблема с адресами,a8985c25243f0394ce859fc10fd8d265ae46c8746febd065bae9146997dc60a6,84,0
38555897,Тема письма: Услуги для населения/Самостоятельная регистрация отправлений Текст письма: Тематика: Самостоятельная регистрация отправлений Канал поступления обращения: По телефону Дата поступления обращения: : ..--- Телефон: Номер ШПИ: Электр--- Суть обращения: Клиент сам оформляет посылки в МП. Последние раза эти посылки не могут принять в ОПС. Говорят не проходят трек номера. Просьба разобраться в ситуации и помочь клиенту.,Прочее,e1f329351c603d6616095013b0f21c37589baf0e728fd478e341d8e0f7112c93,85,1
38557457,"Добрый день. При обращении клиента в почтовое отделение и предоставлении QR кода оператор сообщил, что QR код уже истек, даже после обновления спустя минут. QR код в приложении активен, работает и данные актуальные, но пользоваться им в отделении не возможно. Ответ предоставить клиенту, данные клиента: Ша--- А--- Р---",Проблема с QR-код(подключение/отключение),70be77bacdb980fabaecc25e9ea5d0620440d04c5b545447b0e16aa7805c5a1a,89,1
38558563,"Тема письма: Проблемы с учетной записью при входе в Мобильное приложение или сайт Почты России Текст письма: Тематика: Проблемы с учетной записью при входе в МП/Сайт Канал поступления обращения: По телефону Дата поступления обращения: : .--- Телефон: Номер ШПИ: LCCN Электронн--- Суть обращения: Клиент входит в ЛК водит логин пароль, нажимая на любой из разделов в приложении, его перебрасывает обратно на гл. страницу и просит ввести логин пароль. Клиент зарегистрирован в ЛК.",Проблема с авторизацией/ЭЗП/Бонусами/Доверенностями,e637c53b9f0b722251fa34f83695d865def8ff919334e8fe43506d5b401e09b0,91,1
38559033,Добрый день! Клиент жалуется на невозможность распечатки чеков ---- На синию строку нажимаю а это не ссылка а просто буквы написаны синим цветом. Прошу Вас прислать информацию на данный электронный адрес как мне распечатать элект---,Ошибка в приложении (восстановление работоспособности),61498a2a34004eb1f8bf073f081b29ef1ef3b15b7e92779b403c034d5491144d,94,1
38559123,"при формировании списка ф. почтовых отправлений с уведомлением, не формируются бланки ""Уведомления"" на печать.",Проблемы в работе Препост/PrePost,9fb4edd5b12ac402390ebdafb60c1f22574b53e6ff096bfc372304df6139dd96,95,1
38559333,Тема письма: Акция с промокодами/Клиент не может оплатить промокодом/промокод исчез из МП Текст письма: Тематика: Акции с промокодами и Мобильное приложение Канал поступления обращения: По телефону Дата поступления обращения: : ..--- Телефон: Номер ШПИ: Электронная почта --- Суть обращения: клиенту на его на номер телефона и на адрес эл почты поступают чужие отправления.,Прочее,0d2c5fae7e0382d0ff0e8752b0d8f6bc205d88a52e584788187c4bd04c0acd47,96,1
38559431,ПРИ ПРИЕМЕ ПАРТИОННОЙ ПОЧТЫ ПО ЕАС ОТ АДМИНИСТРАЦИЯ СЫКТЫВДИНСКИЙ ИНН ДОГОВОР /-Ф НЕ ЗАГРУЖАЮТСЯ ДАННЫЕ В АСКУ С /-,Проблемы в работе Silkway,eea1ae3c3707b5f2328e1c2943db440a8b5956d52e03ff2a0f9aac3e5bda3876,98,0
38559703,"при формировании списка ф. нет разряда ""Служебное"" окна d, d,d,W тел.",Проблемы в работе Препост/PrePost,a77a0575eaacbd6d303cf3c1b4ea191e9ac2394055b4ae6b77cf093a05074ae6,99,1
38560058,"Добрый день! Обращаюсь в который раз. У клиента ОСФР по СПБ и ЛО меняется идентификатор ЗОО заказных писем, раньше такого не было. Данная проблема продолжается месяца. Посмотрите по какой причине меняется ЗОО, как обойти проблему? Постоянный акты на переоформление , клиент принимать не хочет. Прошу разобраться в ситуации. С чем может быть связано? Индекс ОПС: Номер окна: Номер телефона для связи с ОПС: доб Последовательность действий: партионный прием, не считывается ЗОО Время возникновения ошибки: .. :",Импорт списков из архива ф.103 (zip-архив),4b10903c5fd12962e8863afb62458ecd44c7d313007c2fbae4d38bfb3a390f82,100,1
38560153,"Добрый день! не создаётся QR код ни на отправку ни на получение у клиентов , либо после создания через секунду исчезает. Индекс ОПС: Номер окна: Номер телефона для связи с ОПС: Последовательность действий: вручение и выдача рпо по QR коду Время возникновения ошибки: .. :",Проблема с QR-код(подключение/отключение),c2225db46f66471163cc6651bee8e0f29ab7bcf73bc055acd836fba111b5a027,101,1
38560182,"Тема письма: Акция с промокодами/Клиент не может оплатить промокодом/промокод исчез из МП Текст письма: Тематика: Акции с промокодами и Мобильное приложение Канал поступления обращения: По телефону Дата поступления обращения: : --- Телефон: Номер ШПИ: Учетная запись: да Электронна--- Суть обращения: .. оставляли обращение на сайте, номер не прогрузился и статус создано обращения на сайте,просьба провести проверку",Прочее,3a8b351bb7e746725d2914573a0e53179181f3a7c1588c73c75d02bb28e174dc,102,1
38560472,"Не открывается QR-код. Он не открывается при нажатии, раньше не пользовалась. ПЭП подключена, пробовали перезагрузить приложение, очистить кэш, не помогло. Ка--- Еле--- Ответ необходимо предоставить непосредственно клие---",Проблема с QR-код(подключение/отключение),c0e083afd319ba4c93c2aa855df415cabb6a7dab8f5667507ce3ef3b70b4c5bc,103,1
38562868,старый тариф на уведомление о вручении в PrePost #VATS,Проблемы в работе Препост/PrePost,6c7e1022bf761b0c25ab2ef8b7a04c8f47deab223eced167d80c0254b8e3a208,105,1
38563177,ДЛЯ УФПС ДЛЯ ЗРЮМОВОЙ Л Н При приеме партионной почты от рубцовского районного суда выходит ошибка Индекс ОПС: Номер окна: Номер телефона для связи с ОПС: Последовательность действий: Время возникновения ошибки: .. :,Импорт списков из архива ф.103 (zip-архив),36a93470415476e2442219f278006ab3a3e6713078d519f09657202bddb85887,107,1
38564782,"Добрый день. Не работает раздел отслеживания. Отправления не отображаются в списке, при вводе трек-номера в поисковую строку данные по отслеживанию не открываются. Куки/кэш очищены, проблема наблюдается во всех браузерах. Данные клиент: Т--- З--- Му---",Ошибка в приложении (восстановление работоспособности),16d7b72ebb3a2bb144b8b941f49c806bc0f349bc271e2ed4fddd78c0fc499e01,108,1
38564927,"Пл--- А--- Ал--- Клиент нажимает на лупу (поиск) и ничего не происходит,отправление не ищет.",Ошибка в приложении (восстановление работоспособности),4781732398883fbc53e69d97be5f80ced6b68ea210365f8df6b9839efde38af2,109,1
38565214,"Добрый день! СРОЧНЫЙ ВОПРОС!!! Подскажите, пожалуйста, что опять случилось с ЛК ЮЛ? Почему не работает отслеживание? Система показывает, что отправления есть у клиента для проверки движения, но отслежка для клиентов не работает. При чем наш трекинг работает без проблем. В чем проблема? Когда система будет восстановлена? Наименование организации: НАО ПКО ""ПКБ"" ИНН организации: Номер договора организации: .....-/- Сервис, в котором возникла проблема: Отслеживание",Ошибка в приложении (восстановление работоспособности),b8a5f4a76f5e685c66af690aca7fa4a4b2e5e30482a4ede6749c3e8137d60a2d,110,1
38566327,Пал--- ничего не отображается.,Ошибка в приложении (восстановление работоспособности),9bf00004260c4effec1aed8958b0475ea4822c6d51eb3af071fa6a9e5cca8e96,112,1
38567043,Не могу провести списки писем. Ошибку заскринить не успела. Выдавал поточный прием Индекс ОПС: Номер окна: Номер телефона для связи с ОПС: + Последовательность действий: Партионный прием РПО Время возникновения ошибки: .. :,Формирование и закрытие емкостей,7e5d5539e740ad8ccd6f69b24729892fa703a4c264c2dfbc03ff80d01f530dbb,114,1
38567095,Добрый день От прокуратуры был прием писем партионный список . Письма не можем отписать на страховой участок дает ошибку что нет в кладовой хотя письма список принят Во вложении скрин того что пишет на этот список программа ЕАС Индекс ОПС: Номер окна: Номер телефона для связи с ОПС: Последовательность действий: соблюдена Время возникновения ошибки: .. :,Импорт списков из ЛК ЮЛ,914ee121d9044ddab664db3721da54752f003e2ac7314ff40802725bea80a2f9,115,1
38567591,"Не можем оформить актовую посылку для выдачи клиенту, т.к. нет статуса возврата. Отправлять в Угольные копи нет физической возможности, т.к. вложение посылки утрачено. Есть возможность сделать э---? Индекс ОПС: Индекс ДТИ (выделенный участок):",Проблемы в работе ИС Возвраты,d51551ea2ecae5eea3334283e7d799ddcc88cfbbe2e40cbb0134ee4fccdee6f3,116,0
38568295,"Поступил запрос от АО Почта России на расхождение суммы платы за возврат с суммой платы за пересылку. Прошу пояснить каким образом в сервисе priem.pochta.ru рассчитывается сумма платы за возврат, которая автоматически подтягивается при обработке почты? в опс за РПО плата за пересылку составляет руб, а при обработке почты в ОПС сумма в ЕАС ОПС встала руб. Индекс ОПС: Индекс ДТИ (выделенный участок):",Проблемы в работе ИС Возвраты,9fbd47571da5d144a6d360bffe0fb4670e2e1172af5e35c454b659e5ed58423a,117,0
38568434,Тема письма: Акция с промокодами/Клиент не может оплатить промокодом/промокод исчез из МП Текст письма: Тематика: Акции с промокодами и Мобильное приложение Канал поступления обращения: По телефону Дата поступления обращения: : .. ФИ--- Телефон: Номер ШПИ: ******** Электрон--- Суть обращения: клиент отправил по кюр коду письмо не отображается в личном кабинете.,Прочее,16e09d631cb8495e8452d1963d159454c3c466384050d02db525f693d4b57bd1,118,1
38571122,--- Суть обращения: При регистрации куар кода в мобильном приложении не приходит смс код для регистрации самой услуги qr кода.,Проблема с QR-код(подключение/отключение),6555e5b6c346a6cfcbd3ea9c32f61edbb7ae9aecf785e83ff7742abb5049d924,120,1
38571329,Тема письма: Акция с промокодами/Клиент не может оплатить промокодом/промокод исчез из МП Текст письма: Тематика: Акции с промокодами и Мобильное приложение Канал поступления обращения: По телефону Дата поступления обращения: : .. ФИ--- Телефон: Номер ШПИ: Учетная запись: Электронн--- Суть обращения: Электронные извещения не приходят на мой телефон в СМС формате и в МП приложении в пуш-уведомления.,Прочее,91c517983d4fb5d0f6671725e08b3bfdacab8d6e784dcd208011806b3da933b8,122,1
38573265,При приеме писем выдает ошибку (во вложении) Индекс ОПС: Номер окна: Номер телефона для связи с ОПС: Последовательность действий: прием партии РПО по ЗОО Время возникновения ошибки: .. :,Импорт списков из ЛК ЮЛ,7b73833cc9cb5d960120bc724b58b1bee55332a2513332890388516cbd68224c,123,1
38573363,"Добрый день . на мой номер телефона присылаются заказы в сообщениях, я ничего никогда не заказывала через почту России, как я могу это отключить?Ры-- С--- К---",Автодобавление почтовых отправлений,dc81d8a19a745d3dfea7adc6183e932add2336fae2b4a736667410dd77544ff3,124,0
38574170,Тема письма: Сервис трекинга /Другое Текст письма: Тематика: Сервис Трекинга. Жалобы/предложения Канал поступления обращения: По телефону Дата поступления обращения: : .. --- Телефон: + Номер ШПИ: - Электронная поч--- Суть обращения: Почему то не отображаются письма из моего же родного города которые приходят. Другие видно.,Автодобавление почтовых отправлений,37355e03fba964446ac6af82f1453046b98654d202a90e7a8967dcbcb69b0f93,127,0
38574578,"Завершены все дочерние запросы: Запрос: RP Услуга: ПС. Сопровождение ЕАС ОПС Вид запроса: Устранение инцидента Результат работ: Возврат на переклассификацию Описание решения: Добрый день. Ранее была зарегистрирована проблема ""RP"", в рамках которой -ей линией поддержки ПТ было предоставлено решение: ""Просьба перевести баг на ЛК ФЛ, так как согласно https://www.pochta.ru/support/export-tnved https://www.pochta.ru/support/common/aktualnoe/ICS https://jira.russianpost.ru/browse/EORM- FW Код ТНВЭД.msg не был заполнен на портале код ТНВЭД"". R--N, ... + () -- не возможно принять предзаполненное мжд РПО, нет кнопки печати бланка, см. скриншоты. В ПЭП при этом такой проблемы нет. См. скриншоты.",Проблема с ОПС/доставкой,63062106a3a29b80ba60453ada79e76e637818f299fba7cace4a07d86df00baf,129,1
38574583,ПРИ ВНЕСЕНИИ ДАННЫХ C PrePost В ПРИЕМ.РУ ВЫХАЕТ ОШИБКУ СКАН ОШИБКИ ВО ВЛОЖЕНИИ,Проблемы в работе Препост/PrePost,5b663db097b60ce7acca055430b1783e4800dfa8652bb22af9a237709a9f8cb0,130,1
38574700,Тема письма: Тема отсутствует. Текст письма: Здравствуйте когда вы упростите или уберете синхронизацию времени и даты. А то убрали получение посылок по смс а народ из-за вас должен мучаться теперь и выносить изменения в настройки а телефон,Прочее,a94a721c4aa03fb96759b7e910df990aa017a697fc929f87b825f6b330d45500,131,1
38575098,"Тема письма: Проблемы с учетной записью при входе в Мобильное приложение или сайт Почты России Текст письма: Тематика: Проблемы с учетной записью при входе в МП/Сайт Канал поступления обращения: По телефону Дата поступления обращения: --- Телефон: Номер ШПИ: - Эл--- Суть обращения: Клиент зашел в МБ чтобы посмотреть свои отправления за декабря, но приложение потухло и пропали отправления за декабря. Приложение выключилось!",Прочее,b86741b12062669b8899f52bc39c0fa70250f898c50bf9a06c0a5c4efcce2900,132,1
38575140,"Тема письма: Тема отсутствует. Текст письма: День добрый, у меня не приходят сообщения о перемещении посылок. Все сообщения включены и в приложении и на сайте и пуль и на почту.",Проблема с push/sms/email,5aca8d010f90355a250c138415f018c88cfc62a80be0de6544df0a4bc02a47d5,133,1
38575175,"Тема письма: Fwd: Ответ на Ваш комментарий к приложению ""Почта России"" Текст письма: -------- Пересланное пись--- К--- Дата: понедельник, марта г., : +: Тема: Ответ на Ваш комментарий к приложению ""Почта России"" Здравствуйте! Сообщаем, что разработчик приложения Почта России ответил на отзыв, который Вы оставили мар. г. в Google Play. Почта России Your rating:★★★★★ Оказывается отменили получение по штрих коду, только по qr коду. Установил это приложение - пишет невозможно войти в аккаунт, попробуйте позже. Ответ разработчика: Добрый день. Пришлите, пожалуйста, описание проблем, возникших при работе приложения, на адр---. Спасибо. Изменить Чтобы более подробно обсудить свой вопрос с разработчиком, отправьте электронное сообщение компании Почта России или ответьте на это письмо. Комментарии разработчиков должны соответствовать этим правилам. Если Вы считаете, что разработчик нарушил их, свяжитесь со службой поддержки Google. Чтобы больше не получать подобные уведомления, откажитесь от них.С уважением, команда Google Play",Прочее,ab10395e82599762f83a6de79c8420b7a6c5d1b987c0862abe2e6e7310938420,134,1
38575453,"Здравствуйте! Ответ прошу направить на почту клиента. Её проблема: На почте сказали, что qr-код указан на чужую другую фамилию. Хотя данные в профиле указаны правильно. Скрин экрана не смогу отправить, потому что ошибку выдаёт у сотрудника отделения на почте, при получении товара. Написана другая фамилия, когда предъявляю qr-код. М--- А--- Альбе---",Проблема с QR-код(подключение/отключение),19bd6d01369635723d9c21cb6d65438f4c42616f9f79177c938f5590648b2da2,136,1
38575736,"Тема письма: Акция с промокодами/Клиент не может оплатить промокодом/промокод исчез из МП Текст письма: Тематика: Акции с промокодами и Мобильное приложение Канал поступления обращения: По телефону Дата поступления обращения: : ..--- Телефон: Номер ШПИ: Электронная--- Суть обращения: Я оформлял посылку в личном кабинете Почты России .. и в ОПС .. с меня было списано рублей, но данную посылку я стал отправлять и статус в личном кабинете не отправлено, но денежные средства на карту мне так и не вернули. Прошу разобраться в данной проблеме и вернуть мне денежные средства за не оказанную услугу.",Прочее,a221abfce63e9d6297dd6ede16f7b40d9675d0136e94817a30f160e03cc1030b,137,1
38575899,"Здравствуйте, у меня на телефоне Samsung Galaxy S перестало работать приложение почта России после обновления. Версия приложения почта России .... В приложении крутится кружок. При открывании сайта Доступ заблокированДанный запрос к сайту заблокирован из-за подозрительной активности. Просим убедиться, что VPN выключен. ID Запроса: ------DDDCC IP-адрес клиента: ... Временная метка: ---- + --",Ошибка в приложении (восстановление работоспособности),0252e14006767484db2ddbf1ba6aa9b0fe1fe916266d618db4cda25e5c40edc2,139,1
38576195,"При приеме международного РПО предоформленого в приложении - не принять в международную посылку мелкий пакет. направление США. Предположительно проблема в том, что в приложении нет строки ввести код ТЭНВД. Т.к. это единственное отличие в приеме на кассе и в приложении. При редактировании предзаполненного РПО тоже нельзя ввести код ТЭНВД. Добрый день. Ранее была зарегистрирована проблема ""RP"", в рамках которой -ей линией поддержки ПТ было предоставлено решение: ""Просьба перевести баг на ЛК ФЛ, так как согласно https://www.pochta.ru/support/export-tnved https://www.pochta.ru/support/common/aktualnoe/ICS https://jira.russianpost.ru/browse/EORM- FW Код ТНВЭД.msg не был заполнен на портале код ТНВЭД"".",Проблема с ОПС/доставкой,5f8c95736711362ce042ea05fdd70b7d8b3816ef899383feb33c56b4f5a83be6,141,1
38576688,Невозможно принять простую корреспонденцию от корпоративных клиентов путем считывания шпи с ф. Ошибка не индетифицирован ШПИ. Индекс ОПС: Номер окна: Номер телефона для связи с ОПС: Последовательность действий: принятие Время возникновения ошибки: .. :,Импорт списков из архива ф.103 (zip-архив),5c0bef057c0549f384e130db5d55cc065a2fb6b6a7edb35ec105029ad7595f08,143,1
38577275,Прошу предоставить доступ к Приём.ру. начальнику МСЦ,Создание и изменение пользователя с правами Администратор,ca4d724adb4f2f4585b5919e489e4402d6b035e36810e680ddb06c8fe5599450,145,0
38577589,"Что с мобильным приложением Почта России? При входе приложение выдает сообщение ""Для работы приложения, обновите сервисы Google Play"". Такая ситуация уже длительное время. Я в принципе давно не пользуюсь сервисами враждебного Google. Какое отношение приложение имеет к данным сервисам и что можно сделать? Спасибо. Ма--- Ген---. Honor X. Версия Android . На устройстве были предустановлены Google сервисы изготовителем. В данный момент на устройстве установлена версия приложения .... из RuStore. Последнюю версию, которую удалось запустить уже не помню но она гораздо ранняя. No тел. --.",Ошибка в приложении (восстановление работоспособности),96f3441045b72b9b27119447805a2ecd10c7342e1aab67bf6b570342345f55f4,146,1
38580160,"по договору /- ф РОСП КЛИЕНТОМ СФОРМИРОВАНЫ ПИСЬМА В ЭЛЕКТРОННОМ ВИДЕ НО НЕТ ВОЗМОЖНОСТИ С НИМИ ОБМЕНЯТЬСЯ ФАЙЛАМИ , ПРОСИМ ПОМОЧЬ В РЕШЕНИИ ЭТОГО ВОПРОСА Индекс ОПС: Номер окна: Номер телефона для связи с ОПС: Последовательность действий: ПРИЕМ Время возникновения ошибки: .. :",Ошибки загрузки страницы/зависания,3655b078c00803859630ca0e8a18f5ee391386e58b2bd3987a8387588ac100fe,149,1
38580261,"Добрый день! ИСО Тема: невозможно зайти на сайт Текст: Добрый день. При авторизации на сайте для отслеживания посылки выдается сообщение об ошибке. Сначала на сайте написано, что для того чтобы войти нужно ввести номер телефона, а при переходе по кнопке выдается окно с предложением ввести адрес почты (ПОЧЕМУ-ТО). И при вводе адреса и кода выдается сообщение об ошибке (см файл) -- C уважением, ---",Проблема с данными в личном кабинете клиента,139487398926318543398cf9412c97d3440d31bab9041aa58f436be578051db4,150,0
38580290,"Тема письма: Государственные услуги - Электронные заказные письма/Жалоба Текст письма: Тематика: Электронное заказное письмо Канал поступления обращения: По телефону Дата поступления обращения: : --- Телефон: Номер ШПИ: Электронная --- Суть обращения: .. Отправил отправление. Квитанция об оплате не пришло на электронную почту, так же в приложении нет квантанции",Ошибка в приложении (восстановление работоспособности),195ad4d67d84676f53463fccd4dd07067917705636a4529631979c424dcbda27,151,1
38580333,не проходит партионный приём Индекс ОПС: Номер окна: Номер телефона для связи с ОПС: Последовательность действий: не проходит партионный приём Время возникновения ошибки: .. :,Импорт списков из ЛК ЮЛ,3b3925f16c0da8d1ae0e40a2c07b769b898a60041292b4cca91f524ae6c15bf2,152,1
38580350,"Тема письма: Услуги для населения/Самостоятельная регистрация отправлений Текст письма: Тематика: Самостоятельная регистрация отправлений Канал поступления обращения: По телефону Дата поступления обращения: : .--- Телефон: Адрес заявителя: обл Тюменская, г Тюмень, ул Ю.-Р.Г.Эрвье, д. , к. Индекс ОПС: Номер ШПИ: . Электронн--- Суть обращения: При самостоятельной регистрации отправления через мобильное приложение нет возможности выбрать нужный абонентский ящик . ШПИ не присвоен. Прошу устранить проблему. Ответ направить на эл. почту КЛ.",Проблема с адресами,0c98ce0acfb9d2f24631186c219da1db3d50c4a836d720d033c6364a5400f9d6,153,0
38580496,Добрый день. Не могу получить посылку. Раньше была простая подпись или доверенность но вчера сказали что теперь только по кр коду. А он не работает. П--- Мак---,Проблема с QR-код(подключение/отключение),f0b1eb027fada8c867b560cf031a1db84d700e494bdac7b3760f450c0d817a15,154,1
38580835,"Добрый день! .. были приняты посылки по списку (партионный прием)! Не могу отправить их из отделения, т.к. пишет. что их нет в кладовой!!! Что делать??? Уже сегодня .., а посылки все у нас. Треки: , от АО ТД Тракт Индекс ОПС: Номер окна: Номер телефона для связи с ОПС: Последовательность действий: ... Время возникновения ошибки: .. : Услуга: ПС. Сопровождение ЕАС ОПС Вид запроса: Устранение инцидента Результат работ: Возврат на переклассификацию Описание решения: Запрос необходимо передать на поддержку плагина Партионный прием Операция прием не выгружена в ИС СОРПО",Передача статусов в Трекинг,0b67708787977ca7ddb08036ed5a7308d2d46e4cf5b5f179eb9160919fbe7e52,155,0
38581134,"Т--- А--- --- Смартфон Huawei Версия ... Здравствуйте. Непонятная ошибка в приложении. Актуальная версия, установленная через рустор. Не могу получить код. При нажатии любой из опций переводит на предыдущий экран. Электронная подпись подключена",Проблема с QR-код(подключение/отключение),24468de4bb49caf89ee526581c31277f8cf7731671a9d3aeb9415f8f25f271df,157,1
38581368,"Добрый день! Не можем принять простые письма по спискам, списков шт, и все не можем принять. Организация ; Управление финансов администрации г. Магнитогорска. Индекс ОПС: Номер окна: Номер телефона для связи с ОПС: Последовательность действий: Прием ППК от ЮЛ Время возникновения ошибки: .. :",Формирование и закрытие емкостей,c6102abc0dc3bf28bf4a20f8cd81e0ac143fbb0e8283afbaf627a4eb9856e492,160,1
38582834,Не поступают электронные извещения с октября. С--- Андрей Ал---. Ответ предоставить клиенту на электронную почту.,Прочее,fa4ccd3ba6460690cd2386e2d5aa3a4804f6bb38f06f510835f05d95b881dcf9,163,1
38583002,"@mail.ey Старый Новый Не могу привязать госуслуги, т.к. пишет что они привязаны к моему старому телефону, К которому доступа нет, необходимо удалить старый аккаунт. направьте ответ клиенту на эл.почту",Проблема с данными в личном кабинете клиента,58ad7d4f12cadfaa791624c6023f479ec65d8ce41a1928bbe46e85ce8edec0c7,165,0
38583012,"тел ДОБРОЕ УТРО! В ПРОГРАММЕ PrePost не обновились тарифы на простые и заказные уведомления, прошу изменить тарифы на действующие с .. Версия :..",Проблемы в работе Препост/PrePost,c7be59d977ca68aee62af5b26e17f274b7e754e19906b526a71f651a3f80c1d3,166,1
38584234,"Тема письма: Акция с промокодами/Клиент не может оплатить промокодом/промокод исчез из МП Текст письма: Тематика: Акции с промокодами и Мобильное приложение Канал поступления обращения: По телефону Дата поступления обращения:--- Телефон: Номер ШПИ: Учетная запись: Электронная почта --- Суть обращения: Клиенту на эл. почту приходит уведомление получить отправление, которое получено ..",Прочее,cc5ada0d37de909b38e1c4bf3b3042fb988dc0f7a884974be1c667035798ce09,168,1
38584235,Тема письма: Акция с промокодами/Клиент не может оплатить промокодом/промокод исчез из МП Текст письма: Тематика: Акции с промокодами и Мобильное приложение Канал поступления обращения: По телефону Дата поступления обращения: :--- Телефон: Адрес заявителя: Индекс ОПС: Номер ШПИ: Адрес почтомата: Учетная--- Электр--- Суть обращения: Возникли трудности в оформлении электронной доверенности,Прочее,967d88c18ecb286a2e5f75b5d594ea3573d8629daed04c6342db59eed0653411,169,1
38584237,Здравствуйте. Не подгружается список ППК в партионный прием. Скрины во вложении. Индекс ОПС: Номер окна: Номер телефона для связи с ОПС: Последовательность действий: партионный прием ППК Время возникновения ошибки: .. :,Импорт списков из архива ф.103 (zip-архив),42b129d393eb671e7fbd90deb35740504cc9c007bc229f76e0efa3e20a35f5cc,170,1
38585014,"Здравствуйте , партионные письма от ,, не идентифицируются РАСПР маршрутный лист ,,,,,,,,, МТУ РОСТРАНСНАДЗОРА маршрутный лист МФЦ ПОЛЮС маршрутный лист ГИБДД идентификатор -, -,,- Индекс ОПС: Номер окна: Номер телефона для связи с ОПС: Последовательность действий: . Время возникновения ошибки: .. :",Формирование и закрытие емкостей,c124b1fca72dbb6f18b3808bfe7661c2566e0057779f4d8d99cd9cc9c0caf939,171,1
38585099,при приеме рпо возникла ошибка.,Проблемы в работе Silkway,90cedf9b9b9cbc70d54041799f01b08962a433f829896a016a71a7d913d8967f,172,0
38585380,"Тема письма: Акция с промокодами/Клиент не может оплатить промокодом/промокод исчез из МП Текст письма: Тематика: Акции с промокодами и Мобильное приложение Канал поступления обращения: По телефону Дата поступления обращения: --- Телефон: Адрес заявителя: . Индекс ОПС: . Номер ШПИ: . Адрес почтомата: . Учетная запись: . Электронн--- Суть обращения: При входе в МП, клиент забыл, и пытался обновить пароль. Код не поступает по смс, и на Электронную почту",Прочее,5ef11065eda6683f558f40da67a6152da26ecb3ba645d27d62097429025e0954,173,1
38585879,"Ошибка принятия писем ф - F Индекс ОПС: Номер окна: Номер телефона для связи с ОПС: Раб. + () --,, Последовательность действий: парт прием Время возникновения ошибки: .. :",Импорт списков из ЛК ЮЛ,6e3bf4b92e7b7b7921f701532eb2bd34bb864e8220bf7641d861826683bdb2f5,174,1
38586345,"Здравствуйте! Не могу подключить qr код, нажимаю на кнопку подключить и ничего не происходит. приложение обновлено и переустановлено, кэш очищен---. +---",Проблема с QR-код(подключение/отключение),25c594d4ce26ff58145df380f42716463d5c37454a2ecea126d5bcb55954dd62,177,1
38586820,"Г--- Дмитри--- направьте пожалуйста ответ на эл.почту клиента Не проходит оплата предоплаченного письма . Оператор связи в почтовом отделении не может принять письмо, хотя письмо было заранее оформлено и оплачено в личном кабинете Почты России. При этом я не могу отменить оплату, а денежные средства списаны с банковской карты. (кнопка) «отменить оплату картой» не работают ни в приложении, ни в личном кабинете на сайте. Никакая ошибка не выходит. Ничего не происходит. Кнопка вроде бы визуально нажимается, но отмены оплаты не происходит",Не проходит оплата/возврат,7607500407b202f6bc40250bb61c4acbf029b25bb6400ecd7781c8e8c455a41f,178,0
38586914,Тема письма: Проблемы с учетной записью при входе в Мобильное приложение или сайт Почты России Текст письма: Тематика: Проблемы с учетной записью при входе в МП/Сайт Канал поступления обращения: По телефону Дата поступления обращения: : --- Телефон: Номер ШПИ: Электронная почта--- Суть обращения: При оформлении предзаполненного отправления не дает возможность вести данные по электронной почте. Мобильное приложение зависает и не пропускает далее.,Ошибка в приложении (восстановление работоспособности),f3e006349bfc3f1d69dde64432bf4e401a0f1de0bdc1e2d5ce98eecbdb1c7748,180,1
38587747,"Не можем напечатать к ВРУЧЕНИЮ ИЗВЕЩЕНИЕ, не дает выбрать тип емкости, пишет NO OPTION. В ГСП- завал писем, прошу СРОЧНО наладить. Недавно это произошло. ТЕл.----.","Проблема с печатью, открытием, формированием документации",a444a8bd7958d053c5459b18034202fb1cd319f492f5fdd98d0e5554f9347937,184,0
38587983,"Добрый день. прошу предоставить информацию по обращению Тема: Обращение КЦ Текст: Тематика: Дополнительные услуги и сервисы Подтема: Работа систем Канал поступления обращения: по телефону Дата поступления обращения: .., : Тип заявителя: физическое лицо ---е): Дериго Федор П--- ШПИ/номер: Номер ОПС, адрес: Индекс издания, адрес доставки: Суть обращения: У клиента есть МП ПР и есть ПЭП. Когда он подключает QR код, выподает ошибка нет ПЭП. Просьба помочь клиенту.",Ошибка в приложении (восстановление работоспособности),c55dfbf99e5a0a21080ffe13e28022b2626cf7b24176a66109cbf6ba550d13c2,185,1
38588207,не работает прием списка Индекс ОПС: Номер окна: Номер телефона для связи с ОПС: Последовательность действий: партионный прием Время возникновения ошибки: .. :,Импорт списков из ЛК ЮЛ,b05e6e9b52c251256f40935658f1a14be762aff1cfb46942026ab9d1cb990376,187,1
38588489,"Г--- Дмитри--- направьте пожалуйста ответ на эл.почту клиента Не проходит оплата предоплаченного письма . Оператор связи в почтовом отделении не может принять письмо, хотя письмо было заранее оформлено и оплачено в личном кабинете Почты России. При этом я не могу отменить оплату, а денежные средства списаны с банковской карты. (кнопка) «отменить оплату картой» не работают ни в приложении, ни в личном кабинете на сайте. Никакая ошибка не выходит. Ничего не происходит. Кнопка вроде бы визуально нажимается, но отмены оплаты не происходит",Не проходит оплата/возврат,7607500407b202f6bc40250bb61c4acbf029b25bb6400ecd7781c8e8c455a41f,188,0
38588660,"Тема письма: Акция с промокодами/Клиент не может оплатить промокодом/промокод исчез из МП Текст письма: Тематика: Акции с промокодами и Мобильное приложение Канал поступления обращения: По телефону Дата поступ---енко Денис Александрович Телефон: Номер ШПИ: Учетная запись: Электронн--- Суть обращения: Возникла проблема с заказом доставки на дом за мин. Клиент заказал доставку в :,однако статус в отслеживание в : проставлен,что отправление вручено,клиент утверждает,что вручено не было. Просьба разобраться в ситуации и доставить данное отправление. Либо предоставить документ,подтверждающий получение отправления.",Проблема с ОПС/доставкой,92576fa5042aee277a0be93613999ab4e961a321656e5761c4b3b168879af5a5,189,1
38588662,"Тема письма: Почта России Текст письма: Здравствуйте, третий день не открывается приложение. Что нужно сделать? -- Отправлено из мобильного приложения Яндекс Почты",Прочее,bbb34f1c3393433634ed5249fd91790ae26321eb2c0d064aaa952b5a46a744b7,190,1
38588863,"Б--- М--- Р---. проблема с куар кодом, не может подключить, пишет, что нудно обновить паспортные данные, хотя они обновлены. Ответ предоставить клиенту на электронную почту.",Проблема с QR-код(подключение/отключение),e6c3a90bb37f04eb77e7ffa953fcbf2199f84ffd56322135b09ccf2db149fad3,191,1
38588914,"В партионном приеме не дает скачать ярлык отправлений, предлагает сохранить, но потом файл в указанном при сохранении месте отсутствует Индекс ОПС: Номер окна: Номер телефона для связи с ОПС: Последовательность действий: указано выше Время возникновения ошибки: .. :",Ошибки загрузки страницы/зависания,c9bacc71b382e4e7ab65d6d5682503306cba692c789c886a9c9248875dcb9aed,192,1
38589475,"Тема письма: Акция с промокодами/Клиент не может оплатить промокодом/промокод исчез из МП Текст письма: Тематика: Акции с промокодами и Мобильное приложение Канал поступления обращения: По телефону Дата поступ---енко Денис Александрович Телефон: Номер ШПИ: Учетная запись: Электронн--- Суть обращения: Возникла проблема с заказом доставки на дом за мин. Клиент заказал доставку в :,однако статус в отслеживание в : проставлен,что отправление вручено,клиент утверждает,что вручено не было. Просьба разобраться в ситуации и доставить данное отправление. Либо предоставить документ,подтверждающий получение отправления.",Проблема с ОПС/доставкой,92576fa5042aee277a0be93613999ab4e961a321656e5761c4b3b168879af5a5,193,1
38589562,"Здравствуйте. Почему после скачивания приложения нет возможности войти в аккаунт? Ошибка ""Невозможно войти в аккаунт"". проблема длится на протяжении недель. Ранее клиентка несколько лет не пользовалась почтой. В--- Светлана---",Проблема с авторизацией/ЭЗП/Бонусами/Доверенностями,bed1b5532f6ec72de0b627b12c2bd20a91e5f65346e93571825fca3c6d1036c1,194,1
38591362,"После приема писем РПО из списка не прогрузились на склад. Была создана заявка RP . После ее закрытия ошибка на списке исчезла, но РПО так и не прогрузились на склад. Индекс ОПС: Номер окна: Номер телефона для связи с ОПС: + Последовательность действий: партионный прием Время возникновения ошибки: .. :",Проблема с загрузкой данных в 1С,32006d8dffe0949412ee497e9a58a4136088fe6d059e1be0f2e458392178726a,197,0
38591392,"Добрый день! Прошу связываться непосредственно с клиентом, по указанной почте в сообщение. Не может формируется QR-код, прошу помочь. ПЭП подключена . Приложение обновлено. Запрашивает пин-код для использования. Клиент не знает пин-код. Р--- Л---",Проблема с QR-код(подключение/отключение),cea0ec1d2d6af7e693b153e82196d7f6c77868aa77430626aaff01f1417b6767,198,1
38591563,"Тема письма: Акция с промокодами/Клиент не может оплатить промокодом/промокод исчез из МП Текст письма: Тематика: Акции с промокодами и Мобильное приложение Канал поступления обращения: По телефону Дата поступления обращения: : ..--- Телефон: Адрес заявителя: обл Свердловская, г Нижний Тагил, хохрякова Индекс ОПС: Номер ШПИ: Учетная запись: г Нижний Тагил, ул Матросова, д. , кв. Электро--- Суть обращения: просит приложение чтобы установил госсуслуги,это не государственный сайт я устанавлиивать не буду.Хочу как и ранее получать по штрих коду",Прочее,afe11e79d6358a9e1a643623251a1ad2ebca1092dfd156a2adacd022b592bb06,200,1
38591885,добрый день. для работы прошу связаться с клиентом проблема пропал трек номер в л---,Автодобавление почтовых отправлений,ed7077a546657eb71a01da2c1e492f356d67784f02abf474319c500242f16c8e,202,0
38592026,"добрый день. прошу связаться с клиентом Проблема с сайтом Текст: Добрый день. Плохо работает сайт. Текст: Не оформлютсч письма на дает трек номер, пишт сервис временно недоступен. С утра так ни чего---",Ошибка в приложении (восстановление работоспособности),d5f25ecab2978313555060fb3f9dd10c2fba37ff51b635d9dc08e2ad16e5f21e,204,1
38592216,"Добрый день. не принимаются простые письма по ф пишет Документ ""F"" не идентифицирован",Ошибки загрузки страницы/зависания,f473ddd5466086e95de4d33fb3598707450c12417fbc26b2f70f72b05ae50709,205,1
38592580,Добрый день. В партионном приеме не удается зарегистрировать РПО,Импорт списков из ЛК ЮЛ,8388d8fc5f529707cb898396598de07c63221183e88f383af9213714d4cb7b61,206,1
38592600,"Не можем сдать принятое отправление РПО . По плагиу оно принято, в форме сформированно , Но в журнале РПО его нет Индекс ОПС: Номер окна: Номер телефона для связи с ОПС: Последовательность действий: Бек зона, Исходящаа почта, создание емкости Время возникновения ошибки: .. :",Формирование и закрытие емкостей,f504d3a9daaed74f2a8599d7a57939901a8e01fa6387bf85953850db9db78d16,207,1
38592932,"Просим отменить прием рпо , принятый в партионной почте. Клиент попросил вернуть это письмо. Сумма руб. коп.Индекс ОПС: Номер окна: Номер телефона для связи с ОПС: + () Последовательность действий: отменить прием рпо в партионной почте Время возникновения ошибки: .. :",Импорт списков из ЛК ЮЛ,c6ac1889ad48d53fb46158bc5b6dcbe5a0c5e347ea16233172161868fc866142,208,1
38592943,"Добрый день! У меня приложение Почта России работает не корректно Скачал приложение Прчта России, не могу войти в аккаунт, перебрасывает в браузер Хром, который у меня заблокирован. Пользуюсь Яндекс браузером и имею аккаунт на сайте Почта России.Как мне активировать мой аккаунт в приложении? Или можно пользоваться в отделениях аккаунтом на сайте? Первый скриншот возникает после нажатия на ""Привет"" Приложение сообщает о том, что перезодит в браузер Хром и требует разрешить рекламу. В приложении нет моего профиля В свой профиль нормально вхожу через Яндекс Браузер. П--- Д--- Алек---",Ошибка в приложении (восстановление работоспособности),4970f8be549ff11f96769662bda7f34455c8ebe013327c93338988820ad542cb,209,1
38592972,"Почему мне на почту России в приложении и электронную почту приходят уведомления для совсем чужого человека, какой то Сахабиевой? Ш--- Г--- дами--- Я свою почту не могу зарегистрировать в приложении почта России так как пишется что почта зарегистрирована уже,это как так?",Ошибка в приложении (восстановление работоспособности),6991ca2d09d4c9f4b9e9c6f5c1e2c1abf44d4c9bea3934ad9e43155e0123d47c,210,1
38593421,"при приеме простых писем по спискам высвечиваются заказные списки, которые принимаются на других окнах Завершены все дочерние запросы: Запрос: RP Услуга: ПС. Сопровождение ЕАС ОПС Вид запроса: Устранение инцидента Результат работ: Возврат на переклассификацию Описание решения: Добрый день. RP инцидент необходимо переклассифицировать на группу поддержки плагина ""Партионная почта"". Просьба провести анализ и проконсультировать пользователя. При приеме простых писем по спискам высвечиваются заказные списки, которые принимаются на других окнах. Индекс ОПС: Номер окна: Номер телефона для связи с ОПС: Последовательность действий: партионный прием-прием простых писем и бандеролей-прием по спискам Время возникновения ошибки: .. :",Ошибки загрузки страницы/зависания,8b5cd5facb9190143b853dfa464d6170df91d661976307fa1d3da3b24764e52b,211,1
38593591,"Загружаем список ф., при приеме выдает ошибку РПО не идентифицировано, список во вложении Индекс ОПС: Номер окна: Номер телефона для связи с ОПС: ---- Екатерина Последовательность действий: Партионный прием- загружаем список Время возникновения ошибки: .. :",Импорт списков из архива ф.103 (zip-архив),ecc6b17a66de332dd00fd86595f58489e558a4f1b68557a0c4858afd9b50d947,212,1
38593959,В приложении из официального магазина на Honor OS (huawei) недоступен QR-код на отправку или получение РПО.,Прочее,c3db1ac63fffacfdebb3577be8231f581bd9570c20f52bef4aa543e7eb0dbc17,214,1
38593976,Тема письма: Тема отсутствует. Текст письма: А как работать то? -- edg,Ошибка в приложении (восстановление работоспособности),a2a3c332d661098428a2bfae57e29db3651436bec2ef107c5bc0f632b82fa3a2,215,1
38594150,"Помогите, не можем принять письма в программе пре пост, письма в программе сформировали и когда копирую файл с отправкой в партионный прием, выдает ошибку",Проблемы в работе Препост/PrePost,87405d309fb83371dabd86d95e2f3c237ce4480c5651fedf213e173b27867e3d,217,1
38594400,"НЕ можем принять простые письма от ссп в партионном приеме, т.к. не выходит правильный договор -одо-- Индекс ОПС: Номер окна: Номер телефона для связи с ОПС: - Последовательность действий: - Время возникновения ошибки: .. :",Импорт списков из архива ф.103 (zip-архив),07a5e1f42744d991355654f65e4d73c89efca0e67a5f8064da196e1650617503,219,1
38594629,"УКД Щелково Добрый день, у нас наблюдается проблематика в приём.ру: у нас верно прописаны планы направления, все индекса и интервалы указаны верно, что можно наблюдать в представленных ниже фотографиях, но отправление вместо направления Магадан УКД, согласно индексу адресования, автоматически попадает в ёмкость Магадан МСЦ. При попытке приписать вручную РПО к ёмкости Магадан УКД, появляется сообщение, которое также прикладываю нижу: ""согласно правилам сортировки это отправление должно быть помещено в ёмкость Магадан МСЦ"". Каким образом и почему так происходит? Виды отправлений, категории, индекса всё указано и прописано верно. Что с этим делать? """,Формирование и закрытие емкостей,925eb7a536b6fdff6842db3a02d0b5d15dafd140633b56afb20a6cb9e4649b75,221,1
38594701,"Добрый день! Прошу связываться непосредственно с клиентом, по указанной почте в сообщение. Не может формируется QR-код, прошу помочь. ПЭП подключена . Приложение обновлено. Запрашивает пин-код для использования. Клиент не знает пин-код. Р--- Л---",Проблема с QR-код(подключение/отключение),cea0ec1d2d6af7e693b153e82196d7f6c77868aa77430626aaff01f1417b6767,222,1
38594724,"Тема письма: Акция с промокодами/Клиент не может оплатить промокодом/промокод исчез из МП Текст письма: Тематика: Акции с промокодами и Мобильное приложение Канал поступления обращения: По телефону Дата поступления обращения: : .--- Телефон: Адрес заявителя: обл Свердловская, г Нижний Тагил, хохрякова Индекс ОПС: Номер ШПИ: Учетная запись: г Нижний Тагил, ул Матросова, д. , кв. Электро--- Суть обращения: просит приложение чтобы установил госсуслуги,это не государственный сайт я устанавлиивать не буду.Хочу как и ранее получать по штрих коду",Прочее,afe11e79d6358a9e1a643623251a1ad2ebca1092dfd156a2adacd022b592bb06,224,1
38594794,"Добрый день, прошу изменить направление рпо с возвратного на прямое. Индекс ОПС: Индекс ДТИ (выделенный участок):",Проблемы в работе ИС Возвраты,d21db304cc732043eea02b3bf16f29344c048fd035067c3c8bce8dfc027ceac3,226,0
38594899,"Тема письма: Сервис трекинга /Другое Текст письма: Тематика: Сервис Трекинга. Жалобы/предложения Канал поступления обращения: По телефону Дата поступления обращения: : .. Ф--- Телефон: Номер ШПИ: ******** Электронная почта--- Суть обращения: При отправлении письма через Q код в опс, в ЛК не отражается трек номер письма. Письмо было отправлено ...",Прочее,020a7b68a99fd59600be5ee0b4b1bcd92633577967691da52c4263562195eb40,227,1
38594932,"Тема письма: Приложения Текст письма: Начинаешь открывать приложение тут же появляется требование или предложение установить пин код блокировки экрана телефона. Ни одна приложения не требует или предлагает устанавливать пин код блокировки экрана. Зачем вам беспокоится о блокировке экрана моего телефона. После вхождения появляется вставка «найти посылку или письмо», строка, бегущая рекламы и следующая строка покажите «куар код оператору». Вы считаете вся населения страны знатоки по работе с приложениями? % взрослое населения страны не пользуется приложениями из-за их сложности по навигации. И у вас куча рекламы и суть показать куар код усложнен. И уберите «Далее потребуется его обновить» который стоит после действия куар кода минут. Вместо этого вынесите кнопку «обновить» принажатые которой произойдет повторяй вход в приложение. Даже сотрудники почти не могут понять, как обновит куар код, через минут. Приложение должно дать облегчение клиенту, сотруднику почти, а не усложнят их жизнь и работу. Любая банковская приложения имеет понятный интерфейс чем ваша. Я лично трижды приходил на почту получить посылку, которая ожидает на выдачу с .. в итоге так не смог получить, сотрудник по паспорту не находит посылку, а сама не может работать с приложением. Я . установил приложение и сегодня .. смог разобраться в нем. приложены установлено на смартфоне, но такой гадкой приложении как ваш в первый раз сталкиваюсь.",Прочее,bbc621366ee565d610f5f5753c229b20142eb352f978f1aee604080643e499dc,228,1
38594939,"Добрый день . прием партии простых писем ВГПО от КОГКУ "" государственное юридическое бюро и бюро комплексного обеспечения , тариф выгрузился по рубля ,а надо по рублю . Выбор не предусмотрен .",Импорт списков из ЛК ЮЛ,bf85f63a530083498ebb8f647f62792d8e2c88fe8fa0bf1e4ad3d3b25861f244,229,1
38596432,"Системой мониторинга обнаружена проблема: Информационная система: Программный продукт Мобильные приложения АО Почта России Время срабатывания триггера: .., : Сервис: Проверка мобильного приложения из Интернет (httpsSelftest mobile-api Selftest user-tracking-scheduling-jobs Зафиксировано Информационное сообщение в чате «REGIS Notice»",Событие из системы мониторинга,9aa49a2bc8f173e415c9f5829bdda1104fb7ddae3d2fdbe6bcfb7f2b7807dd60,235,0
38596446,"НЕ ВОЗМОЖНО ПРИНЯТЬ ПАРТИОННЫЙ ПРИЕМ, ПОЯВЛЯЕТСЯ ОКНО О НЕСООТВЕТСТИИ ЗОО И ШПИ",Импорт списков из архива ф.103 (zip-архив),4b2b9e170ad1d3b2e7e8c36aa50d583b416089fcf80eb4c15d24cbdc50964f2a,236,1
38596501,Системой мониторинга обнаружена проблема: Описание: Проверка мобильного приложения из Интернет (https://mobileapp.russianpost.ru/mobile-api/monitoring/selftest): Ошибка Узлы сети: Последние значения: Время возникновения проблемы: -- : Уровень проблемы: Высокий Заявка создана автоматически.,Событие из системы мониторинга,df98b9fd717e61fc9c59329936b682d14db4ea6a4065907c93b078127a15123f,237,0
38596527,Тема письма: Проблемы с учетной записью при входе в Мобильное приложение или сайт Почты России Текст письма: Тематика: Проблемы с учетной записью при входе в МП/Сайт Канал поступления обращения: По телефону Дата поступления обращения: : .. ФИ--- Телефон: Учетная запись: Электронная --- Суть обращения: У клиента проблема со входом в моб. приложение - постоянная загрузка.,Ошибка в приложении (восстановление работоспособности),a47c26f4e7b3eb8b61e341009275e4e8a8f6fbe6681126fc9b061a01845c0af6,239,1
38596537,"Недоступно мобильное приложение. Сработали триггеры в REGIS. Системой мониторинга обнаружена проблема: Информационная система: Программный продукт Мобильные приложения АО Почта России Время срабатывания триггера: .., : Сервис: Проверка мобильного приложения из Интернет (https://mobileapp.russianpost.ru/mobile-api/monitoring/selftest) Selftest mobile-api Selftest user-tracking-scheduling-jobs Зафиксировано Информационное сообщение в чате «REGIS Notice»",Критический инцидент (КИ),a117a65aca7f27a1fd71a4292166f068cd191bfc44f3c9ac4fd9a2e426a59d3e,240,0
38596563,"Тема письма: Просьба исправить приложение Текст письма: Здравствуйте! Пользуюсь приложением Почта России и сегодня на пункте выдачи столкнулась с проблемой получения QR-кода: заходишь в получение кода и ждешь получение пуш-сообщения с цифровым кодом, но они не всплывают и код увидеть невозможно. Настройки выставлены правильно, дело не в телефоне. Прикрепляю скриншот чтобы вам была понятна ситуация. Просьба решить проблему -- Отправлено из Mail для Android",Прочее,29c070111b1de644f2e6069e8997b733319f39a13bfd6768a33a79da813d49d2,241,1
38596599,Добрый день. у клиента не работает личный кабинетНкодиа Юлия Игоре--- Суть обращения: Не работает личный кабинет,Ошибка в приложении (восстановление работоспособности),f503df0e94c3e9ee1e5853ba5dd81669a9a62788413fc4a429bff8f17655f511,242,1
38596638,"Тема письма: Сервис трекинга /Другое Текст письма: Тематика: Сервис Трекинга. Жалобы/предложения Канал поступления обращения: По телефону Дата поступления обращения: : ..--- Телефон: Адрес заявителя: г.Архангельск просп. Новгородский д. кв. Индекс ОПС: Номер ШПИ: ... Элект--- Суть обращения: при вводе адреса проживания в моб.приложении ПР появляется комментарий:""Возможно такого адреса нет. Проверьте написание"". Просьба разобраться и помочь",Проблема с адресами,443e3bee61805e6f7fba6c3334d60949209d719df6b2b02fcbf3f55a25f667d2,243,0
38596654,"Тема письма: Проблемы с приложением Текст письма: Добрый день! Я оставил негативный отзыв, поскольку последняя версия приложения не позволяет мне залогиниться и находиться в системе. Я делал сброс пароля и входил снова - все тоже самое. Каждый раз предлагает авторизоваться и после того, как вводишь данные снова предлагает войти, не сообщая об ошибках. Соответственно не могу оформить и отслеживать отправление.",Прочее,91e2699e854c765120774ce40ad13b812e8cf15f1180cd66643b005c31a0575e,244,1
38596808,"Тема письма: Почта России Текст письма: Здравствуйте! До Нового года отправляли посылку из Москвы в Ессентуки. Адресат давно получил посылку. До сих пор мне периодически приходят сообщения на почту, что посылка в пути. Решите пожалуйста, проблему! Спасибо! -- Отправлено из Mail для Android",Прочее,209e6ee9907b6b92d51297b78ba52b4a69a09c0a0b9da67171f55ddecea925aa,247,1
38596844,"Тема письма: Не открывается приложение Текст письма: Здравствуйте. После обновления перестало открываться приложение. Пишет нет сервисов Гугл и закрывается. У меня Huawei P Smart , без гугл плей. Отправлено с моего телефона Huawei",Прочее,0a583a451f72694e220de8770066f7f0038e66649762340d0202a723e3291a28,248,1
38596948,Тема письма: Ответ Текст письма: В квитке по выдаче пенсии было указано с вопросами перейдите в лич. каб. в раздел пенсии и соц. выплаты. Так вот перейдя туда там нет раздела куда обращаться с вопросами по пенсии,Прочее,ee8600d3bf1b152f5a16ad4b64698e63cde254057b4ee08f0b608306128876fa,249,1
38596969,Тема письма: Проблемы с учетной записью при входе в Мобильное приложение или сайт Почты России Текст письма: Тематика: Проблемы с учетной записью при входе в МП/Сайт Канал поступления обращения: По телефону Дата поступления обращения: : .. ФИ--- Телефон: Учетная запись: Электронная --- Суть обращения: У клиента проблема со входом в моб. приложение - постоянная загрузка.,Ошибка в приложении (восстановление работоспособности),a47c26f4e7b3eb8b61e341009275e4e8a8f6fbe6681126fc9b061a01845c0af6,250,1
38596993,"Уже дней как не могу запустить приложение! Приложение обновлено, Данные приложения удалял, чистил кэш Х--- Н--- Алексан--- Android , Xiaomi Redmi Note Pro Платформа Miui .. Кое что уточню, запустить удаётся, если зажать на иконку приложения, и выбрать ""Добавить отправление"", и приложение ""грузит"", будто отсутствует интернет, но с интернетом всё в порядке. Как я понимаю - нет ответа от вашего сервера (от сервера Почты России) ко мне",Ошибка в приложении (восстановление работоспособности),321b5cd653413dc74ca4573e8675e271b4e0f7afb9f3214ea885ac17f6d96579,252,1
38597016,"Тема письма: Почта России Текст письма: Добрый день. Скачала приложение Почта России. Открываю. Или требует не а регистрироваться, но, когда вводу номер телефона и пароль,картинка на экране меняется , идёт заставка Почта России, далее на секунду появляется страница для введения поиска отправления и дальше снова Почта России и примите участие в опросе. Пробовала по всякому: и отказывалась, и принимала. При отказе начинается все по кругу по новой. При согласии открывается просто пустой белый экран. Зарегистрирована на сайте Почта России. Там тоже то отслеживается отправление, то нет информации об отправлениях. У меня на прошлой неделе уже была проблема при получении посылки в отделении. На подходе вторая посылка. Что за ерунда? Требуют переходить на цифровой сервис, но сплошные проблемы и никакой гарантии в сохранности личных данных. -- Отправлено из мобильного приложения Яндекс Почты",Прочее,314c4c41d8bf8f2b00c8efecd41f2ad51a54d8b5c878c1e5fb14c3fb150c71e4,253,1
38597045,"Тема письма: ПЭП, Е. Жалоба Текст письма: Тематика: Простая электронная подпись Канал поступления обращения: По телефону Дата поступления обращения: : .. ФИ--- Телефон: Индекс ОПС: край Краснодарский, г Сочи, пгт Дагомыс, ул Батумское шоссе, дом Электро--- Суть обращения: у клиента при оформлении в мобильном приложени при созданиии отправления нет возможности отключить смс уведомление стоимостью р за смс прошу отключить клиенту эту услугу",Прочее,94e313bb03b6a42ca833de72a5a4d0f70ee9a407f5db77354dbab086dedb4412,255,1
38597052,"Тема письма: Проблемы с учетной записью при входе в Мобильное приложение или сайт Почты России Текст письма: Тематика: Проблемы с учетной записью при входе в МП/Сайт Канал поступления обращения: По телефону Дата поступления обращения: : .. ---лектро--- Суть обращения: Клиент пытается зарегистрироваться в МП, нажимает на зарегистрироваться а ему пишет невозможен вход в аккаунт, попробуйте позже, просьба решить данную проблему",Прочее,83497ad37d571baf707627ab24d2ef66ea8ca736b06616b1c6f1c9f1ba0e6866,256,1
38597109,"добрый день. в ОПС Нема при приёме простых почтовых отправлений при сканировании штрихкода накладных выходит ошибка (всех, а не только из скриншота). прошу помочь Индекс ОПС: Номер окна: Номер телефона для связи с ОПС: Последовательность действий: партионный приём-ошибка Время возникновения ошибки: .. :",Ошибки загрузки страницы/зависания,43e75f7642c0f8f68e697a1482e30a72b37c4cfbd1880040543168c81d8bcf1d,258,1
38597143,"Тема письма: Работа приложения Текст письма: Не открывается QR код для получения отправлений. Приложение отправляет на сайт госуслуг, на сайте госуслуг информация, что я уже зарегистрирована в приложении почты и так по кругу. Переустановка приложения не помогла",Проблема с QR-код(подключение/отключение),b812e15d16a81956b5831b50195e74004a9216b7cc02027324395d1fa68a280f,259,1
38597176,"Тема письма: Не работает приложение почта России Текст письма: Добрый день! Не работает приложение Почта России. Все время крутится колёсико экрана загрузки, через - минут выдает ошибку. Скрин приложил. Проблема уже дня не меньше существует. Пробовал переустановить приложение - не помогло, даже самый первый вход в приложении совершить невозможно, та же ошибка вылезает.",Ошибка в приложении (восстановление работоспособности),8cf7cb0b8ce720122049d2b7ea092698a20162aed2fc222aa78a2c2dc12b2ed9,262,1
38597343,"Тема письма: Текст письма: Здравствуйте! Необходимо предоставить уточнения по Вашему зап---... ... Описание: ""Тема письма: в дополнение к вопросу Текст письма: Кстати, я бы даже с удовольствием купил бы на почте брелок к ключам, чтобы по нему получать - просто и быстро, это тоже было бы оч удобно. Пусть бы даже он был бы ""с продлением"", например, через каждые месяца, это нормально. Спасибо."" А, Извините, что не отвечал, просто это время не смотрел почту. :-) Это про RFID брелок (или карту или RFID-наклейку), аналог карт оплаты проезда или доступа в дом (через общую дверь), которые мы обычно прикладываем на устройство. Разработчики знают, что такое RFID и как он работает, там ничего сложного, достаточно написать программный модуль и подключить к компу ""устройство-читалку"" RFID reader. Поподробнее, для технич.специалистов: Я имею в виду, чтобы хорошо бы придумать разработку с RFID брелком (или картой), аналог карты Подорожник или Тройка (сейчас все такие RFID брелки, помимо своего уникального кода, имеют также внутри себя и небольшую память в несколько килобайт, но этого вполне достаточно для записывания кодов, предположим срок годности у которых будет обозначен, как каждые месяца - ну это будет зависеть от постановки задачи, можно любой срок действия, как у сим-карты допустим). Ну и достаточно будет иметь на почте RFID-читалку для этих брелков (они сейчас очень недорогие, не как раньше), т.е. это небольшая коробочка куда прикладывать брелок. Она обычно подключается к компу по USB и, соответственно эту RFID-читалку использует разработанная программа или модуль у уже готовой программы. А можно и виде RFID карточки - и в виде RFID брелка, ведь и так - и так можно одновременно - нет разницы :-) есть и просто RFID-метки в виде наклеек-кругляшков (""кабошоны""), куда можно записать эти данные, они на али оптом продаются еще дешевле, чем карты и брелки. К примеру, я таким RFID-Подорожник-брелком оплачиваю проезд в транспорте (по Подорожнику). Когда у меня заканчиваются поездки по Подорожнику-карте - я достаю Подорожник-брелок и оплачиваю им :-) Или прикладываю подобный брелок ко входной двери, для прохода. (Правда, следует учесть, что RFID бывают двух разных видов ""постарее"" в виде ""таблетки"" (у некоторых они еще используются) и ""поновее"" - в виде брелка или карты или наклейки, но те, что постарее и теми что поновее - друг с другом не совместимы по частотам. Но в данном случае - нам вариант ""таблетки"" и не нужен, поэтому ""старые"" таблетки уже почти не используются, кроме некоторых старых замков дверей. Ну, это же удобно - приложил брелок и получил по нему отправление (это типа авторизация - что ""Вася"" имеет права на получение)- без телефона, приложений, паспортов и т.п. А раз допустим, в месяца (ну или в какой-то иной срок) взял и продлил его действие (допустим, продлил этот брелок уже по паспорту - а это уже типа аутентификация - что ""Вася"" - это именно ""Вася""). :-)",Прочее,4d0440dfe94a8a1522df6667c486eaf29d39dc22bccbd1d3a52d0d34260bba13,263,1
38597351,"Тема письма: и еще в дополнение к предыдущему письму Текст письма: И еще по . Да, спасибо, я понял, для приложения нужен Андроид от .",Прочее,58d82bf599f5e88f3ab4d5e7aa47049336ae3b3ffb3d2933cc3aebb990815925,264,1
38597364,"Тема письма: И еще по . Текст письма: Ну, соответственно, можно скомбинировать вместе - код на сайте (например, действие сутки, как в OZ и WB) + с персональным RFID брелком (например, действие месяца). Вон, те же OZ и WB там разработчики не особо парятся - просто код с сайта говоришь (а в WB плюс еще последние цифры своего телефона), в данном случае я понимаю, что заведение посерьезнее - поэтому и предлагаю дополнить подобный код - RFID-брелком. Вот, как-то так.",Прочее,a2f2aa1c19e86b7cfaf716355736fbde38090b578f5fcfd466b9cdda127db050,265,1
38598516,"не открывается приложение , не формируется qr код",Прочее,3870f6f715d5c2aed4544c29b748154e5be9ee835b7ca18e38bde2dcd6d853c3,266,1
38598538,"Письма приняты, не прогрузился транспорт обмен Индекс ОПС: Номер окна: Номер телефона для связи с ОПС: Последовательность действий: Время возникновения ошибки: .. :",Формирование и закрытие емкостей,afcd482b662cadd9157ea6825335b03a3868c3aaa7d600820c48936df26999e6,267,1
38598564,В приложении не открывает куар код.,Проблема с QR-код(подключение/отключение),509f91a74040ccc99fd1823bceb8e015dddd663099bf9047f58bba6670fb15c0,268,1
38598578,"Системой мониторинга обнаружена проблема: Информационная система: Программный продукт Мобильные приложения АО Почта России Время срабатывания триггера: .., : Сервис: Проверка мобильного приложения из Интернет (https:// Selftest mobile-api Selftest user-tracking-scheduling-jobs Зафиксировано Информационное сообщение в чате «REGIS Notice»",Событие из системы мониторинга,9aa49a2bc8f173e415c9f5829bdda1104fb7ddae3d2fdbe6bcfb7f2b7807dd60,269,0
38598655,Системой мониторинга обнаружена проблема: Описание: Selftest user-tracking-scheduling-jobs: Ошибка Узлы сети: Последние значения: Время возникновения проблемы: -- : Уровень проблемы: Высокий Заявка создана автоматически.,Событие из системы мониторинга,49e1e8fdce31205f447cbc110ee8786f1c263965b1a6da10802476f5d5c6706a,271,0
38598657,Системой мониторинга обнаружена проблема: Описание: Selftest mobile-api: Ошибка Узлы сети: Последние значения: Время возникновения проблемы: -- : Уровень проблемы: Высокий Заявка создана автоматически.,Событие из системы мониторинга,a209be10eef50d120fa5e266cb986c5746ad90c2fc9100bdd483c0faa2e6bcf0,272,0
38598658,"Добрый день не работает мобильное приложение у клиентов при скачивании выдает неизвестную ошибку, при приеме не формирует Q-код, хотя у клиентов заполнен профиль.",Прочее,10dd3614a22e0cdd64708be517b48d520aeab1bd8f2295d11f76b91280ace571,273,1
38599724,"Добрый день! не можем сделать возврат рпо после обновления ,просто висит и не дает Индекс ОПС: Индекс ДТИ (выделенный участок):",Проблемы в работе ИС Возвраты,52a80161d971e1321e101095c50527990773837d253eb5cbcb9e488c2ef5275a,275,0
38599778,"Добрый утро! .. принимались письма в партионном приеме от организации ООО ТК Транс-Металл, ,,,,,в журнале РПО они не отражаются, не можем положить в емкость. Индекс ОПС: Номер окна: Номер телефона для связи с ОПС: Последовательность действий: Прием писем от организации Время возникновения ошибки: .. : Услуга: ПС. Сопровождение ЕАС ОПС Вид запроса: Устранение инцидента Результат работ: Возврат на переклассификацию Описание решения: Добрый день. Инцидент необходимо направить на поддержку плагина Партионный прием. Операция прием отсутствует в ИС СОРПО:",Передача статусов в Трекинг,38e6c452f3c88da47f59d6d9357e2f07cce88331430f9a31bce0a556f2c1dbfd,276,0
38599860,"Доброе утро! .. принимались письма от организации ООО ТК Транс-Металл,,,,,, в журнале РПо они не отражаются,не можем положить в емкость,для отправки",Передача статусов в Трекинг,e403c11139d65622f719dc3ae7bdea6dc9bc19a57b04ce05126c70647a0d820a,277,0
38600598,Добрый вечер.Подскажите пожалуйста в чем проблема.Не проходит список . Индекс ОПС: Номер окна: Номер телефона для связи с ОПС: -- Последовательность действий: Время возникновения ошибки: .. :,Импорт списков из архива ф.103 (zip-архив),767d5fac9ae3cf0d0786a54bcb3e189c2aafa8f9257456768d2569bf56ef04ef,278,1
38601412,приняла заказное письмо. не делается доввод данных.пишет данное рпо не найдено,Проблема с загрузкой данных в 1С,1eaefa777a00af8b1ac69fa1c89a47daa9780a7463b691b370aaa381ae121a77,280,0
38602067,"Коллеги, добрый день! В ОПС поступила заказная бандероль . С наложенным платежом. - почему у заказной бандероли НП? - почему НП выше ОЦ ?",Импорт списков из ЛК ЮЛ,29034c9ab66e318e3cc32c82a6019af755dc375a9c365468e2f36c26c9c22a8e,281,1
38602537,Индекс ОПС: ---ходим дост--- Электронная почта для отправки логи--- Дополнительная информация: Необходим доступ(Имя пользователя и пароль) для множественного приема простой корреспонденции от юридических лиц,Создание и изменение пользователя с правами Администратор,8f24210298acff58691a608976e0c7c33ca6dfbf7bf777b9d2607647bd7daacc,286,0
38602874,"Добрый день, коллеги. Прошу принять в работу. Не можем принять посылку от городского суда,выдаёт ошибку.Индекс ОПС: Номер окна: Номер телефона для связи с ОПС: Последовательность действий: не открывается партионный приём Время возникновения ошибки: .. :",Ошибки загрузки страницы/зависания,527e73f97be5689259b7d220bd6b61b18aa228c9fc6cfd953426ddabf73cba80,288,1
38602877,Индекс ОПС: ---ходим доступ--- Электронная почта для отправки логина/парол--- Дополнительная информация: Прошу предоставить доступ в Партионный приём оператору ---,Создание и изменение пользователя с правами Администратор,6e1daf4ba7701fea7660b0a687184526d6fe9655a0bfa93bf464e8fc9569bf84,289,0
38603532,"Тема письма: Тема отсутствует. Текст письма: Здравствуйте. Захожу на почту, запускаю приложение. А когда я в приложении нажимаю на QR-код. Приложение пишет ""Неизвестная ошибка"". Плохое приложение, не стабильное. Спасибо за внимание.",Прочее,895be77fe6ca98544dec50ae75fb146f8ed079fb523709daefd9eb2254e3b448,291,1
38603927,"Тема письма: Проблемы с учетной записью при входе в Мобильное приложение или сайт Почты России Текст письма: Тематика: Проблемы с учетной записью при входе в МП/Сайт Канал поступления обращения: По телефону Дата поступления обращения: : .--- Телефон: Адрес заявителя: , Респ Крым, р-н Симферопольский, с Мирное, ул Курортная, д. Индекс ОПС: Электронная по--- Суть обращения: У клиента проблемы со входом в личный кабинет. Установлено мобильно приложение, все обновления совершены. Программа пишет, попробуйте позднее или по тех.причинам вход не возможен.",Ошибка в приложении (восстановление работоспособности),dc55cbc595aecca758e26f5aabca3cf6220fc38ec113b2fc6c92c6645afba2dd,293,1
38604103,"Запрос клиента: ""Не получается пдключается QR-код. Вся информация в профиле заполнена. Электронная подптсь подключена. Ползунок просто не кликабельный и даже переустановка приложения не помогла""Щ---Анастаси--- Просьба предоставить ответ на электронную п---",Проблема с QR-код(подключение/отключение),3812a249e2dddeeac990f07ab3d5f09ca883d90cd022f335393897a6ecdc756a,295,1
38604119,"Добрый день, в рамках ИСО клиент жалуется, что не может войти в приложение АО Почта России, вот его текст: Получен ответ .. :: Здравствуйте, я не могу зайти в почта России в приложение. Произошло у вас там сбой, я не помню пароль вбиваю номер телефона смс не приходит, вбиваю эл. Почту тоже почему-то код письма не приходит что за причина мне не понятно, я не могу отслеживать посылку с Москвы и мне нужно получить без кура кода наверно тоже не могу?",Ошибка в приложении (восстановление работоспособности),da71ace0aa9c4ea7880310695315bc1b30be7bfeaeb7adcd3f273ee57213d447,296,1
38604484,"Добрый день, коллеги. У нашего отдела ОРКК МР Москвы есть общий доступ по логину и паролю к партионному приему, но когда по нему заходим в модуль возвратов, то зайти дает, но выдает такую табличку. Подскажите, это отсутствует доступ или какая-то общая ошибка? Нужно ли подавать заявку на что-то? Индекс ОПС: Индекс ДТИ (выделенный участок):",Проблемы в работе ИС Возвраты,767c3bccbd9a97ab56017006dfb02eeb12e301cbe813fbe3e375bcf660a979b6,297,0
38605087,"здравствуйте, моб.приложение не работает Шацкая ---",Ошибка в приложении (восстановление работоспособности),9c945fd2bb69f33e5560c205488b20c0981cac87997ee287a73eab4b16e9640c,301,1
38605650,"Тема письма: приложение почта россии Текст письма: добрый день, приложение перестало запускаться с территории Израиля. в чем причина? Е--- Тк---",Прочее,8635ac58b7783ccc150da8f0b547af0c73e2674a8d192f4346103de90775dfc6,303,1
38606564,"Тема письма: проблемы с приложением Текст письма: Добрый день. К сожалению не все отправления в мой адрес автоматически добавляются в приложении, некоторые приходится добавлять вручную. Последняя посылка () не появилась, пока я не узнал о ней и не добавил её номер сам. Это уже не первый раз. С уважением. Се--- Ж--- +",Автодобавление почтовых отправлений,6c167d1e4f2a465ebc7a2fce55be6578e0d4012b7faa1ebb613ba2d2e49aed69,305,0
38607125,"Здравствуйте,клиенту не поступает код подтверждения на эл.почту при создании личного кабинета. Зеленин Александр Сергее--- +----",Проблема с push/sms/email,194a37e5cd569f5a4e47e80ff1226fa5a54c9a596f02909fc87b996bc8575eb9,307,1
38607237,Добрый день список задание - отправитель ао тулагоргаз невозможно принять помогите с решением проблемы пож-та,Импорт списков из ЛК ЮЛ,a0a8e9888d28124aa89dacf00dfc3e056d479cb350f7bfc81ad6267bfed505c1,308,1
38607325,"Добрый день список просрочен, нужно поставить текущую дату. (скриншот)",Импорт списков из ЛК ЮЛ,f281c8a064c31385e9c37228369bb83a954bf22d6c1517e371db54299e05a23c,309,1
38607494,"Для контрагента НИИЯФ МГУ с ИНН / КПП / , по договору /-МР/-М- от .. не приходят списки из партионного приема с января",Проблема с загрузкой данных в 1С,016e4064ca728826249d94f48739e32ed90922111572d2228bdf701f35dbbd29,310,0
38607808,"Добрый день . прием партии простых писем ВГПО от КОГКУ "" государственное юридическое бюро и бюро комплексного обеспечения , тариф выгрузился по рубля ,а надо по рублю . Выбор не предусмотрен . Индекс ОПС: Номер окна: Номер телефона для связи с ОПС: Последовательность действий: фронт зона -партионный прием-прием простых писем Время возникновения ошибки: .. : Со стороны Тарификатора (https://tariff.pochta.ru/) по клиенту применяются индивидуальные тарифы, расчёт, показываемый Тарификатором, соответствует значениям клиента в АТиКСе, ошибок нет:",Импорт списков из ЛК ЮЛ,51fee0d3740faf802887683bb0b8bae1dbcfc1ae1b8cd9d08ae1554713c49c20,311,1
38608004,"В приложении не открывается QR код удалял, перезагружал , на последнем этапе снова отправляет назад Приходит код по смс,ввожу ,далее ""отлично"", нажимаю, но код не появляется Флажок QR код возвращается в неактивное положение З--- Ан---",Проблема с QR-код(подключение/отключение),2e82f310fd4ee201be7a3462e7bea31bb59ecce924423d2d4123f09e962005f1,312,1
38608348,При загрузке списков из пред. почтовой подготовки в личный кабинет выдает ошибку сервиса,Ошибки загрузки страницы/зависания,5a42bb5d1494bc5482c39d0b02b9013c4db4b0dd50d7cbb50727c54085160c38,313,1
38608644,пишет:екст: невозможно указать достоверный адрес -- Надежда М--- Отправлено из Почты Mail,Прочее,dfb58e23a69a865abc01b577a2191e480b3bc6782f8545f8eb0658117e0f7593,314,1
38609043,"Г--- Дмитри--- направьте пожалуйста ответ на эл.почту клиента Не проходит оплата предоплаченного письма . Оператор связи в почтовом отделении не может принять письмо, хотя письмо было заранее оформлено и оплачено в личном кабинете Почты России. При этом я не могу отменить оплату, а денежные средства списаны с банковской карты. (кнопка) «отменить оплату картой» не работают ни в приложении, ни в личном кабинете на сайте. Никакая ошибка не выходит. Ничего не происходит. Кнопка вроде бы визуально нажимается, но отмены оплаты не происходит Добавьте,пожалуйста, мой ответ к комментарию специалиста Почта России в запрос #RP . -- ::, Mobile, bd-ff-cf-aa-dbdd Мой Ответ на добавленный комментарий в запрос #RP: необходимо вернуть денежные средства, оплаченные онлайн за оформление РПО.жания запрещено и влечет за собой ответственность.",Не проходит оплата/возврат,1155778c70749aeb96479ea399d473a0e4382ae447a9bdc441b8857f0b14227c,315,0
38609293,"Ж--- И--- А--- В МП невозможно загрузить эл. извещение, выдает ошибку ,а в веб версии пишет, что эл.извещение не загружено.",Прочее,c60f875503dc98ce74aa9e6ebfba549cc4a47e7f895a95dcd0add692a5902206,316,1
38609473,"Тема письма: Акция с промокодами/Клиент не может оплатить промокодом/промокод исчез из МП Текст письма: Тематика: Акции с промокодами и Мобильное приложение Канал поступления обращения: По телефону Дата поступления обращения: : ..--- Телефон: Адрес заявителя: обл Московская, г Чехов, ул Степнидина , дом / Индекс ОПС: Учетная запись: Электронн--- Суть обращения: И в МП и в личном кабинете на сайте у клиента к адресу привязан другой индекс - . Клиента по адресу обслуживает опс . Клиент просит изменить индекс опс в МП и в личном кабинете на верный - . Самостоятельно он данные изменить не может, ь Пробовал это сделать самостоятельно но не получилось. Адрес клиента: обл Московская, г Чехов, ул Степнидина , дом /",Прочее,af8290d5f3f1e5d3e01c3c842d120153ad482a974d361cd8885c8be361ef0246,317,1
38610203,"Добрый день! Прошу связываться непосредственно с клиентом, по указанной почте в сообщение. Не может формируется QR-код, прошу помочь. ПЭП подключена . Приложение обновлено.Сидня---",Проблема с QR-код(подключение/отключение),14bf00c64a5ebcbcce6bcfe6896298ea725dc27f040f309aca147d51f0b1c26c,320,1
38610205,"Тема письма: Добавьте индекс Текст письма: Добрый день. Нет в базе Луганской области, индекс Из Питера посылку отправляли, все норм. Из Москвы нет такого адреса. Отправлено с iPhone",Проблема с адресами,d8437109d1378d2c3fa408e65c817e3f324444199a733b3838127ec5d4646da1,321,0
38610255,"Кудряш--- Проблема с авторизацией в приложении. При попытке входа в персональную зону, ИЗ ПРИЛОЖЕНИЯ, выдает то что на скриншоте. Вход на сайте со смартфона, с ПК без проблем. Такая дребедень уже неделю. КЭШ очищал, приложение переустанавливал. Нет возможности авторизоваться, приложение грузится, чат работает, пытаешься войти хрен там. Как исправить?",Проблема с авторизацией/ЭЗП/Бонусами/Доверенностями,d9e7bbd49b3c643990626eaa6e49ace4c84e8879821c26e711b439b405786cb9,322,1
38610373,"Добрый день! Наблюдаются сбои с загрузкой данных из Партионного приема в АСКУ (С). Сегодня, .., при приеме корреспонденции от Кировского районного суда, оформленной ЗОО, в АСКУ интегрировался только список с простой корреспонденцией ( шт.). Заказные письма и бандероли пришлось заносить в программу вручную. Просим разобраться в проблеме.",Проблема с загрузкой данных в 1С,2b9c50d600bb28cd33dec4b43a30116eb3fc1b3c748adb4875d829abceb0cb14,323,0
38610764,"марта при приёме посылок от корпоративного клиента ШПИ этих посылок совпали с ШПИ писем от другого клиента (не корпоративного) В итоге посылки отслеживаются как заказные письма. И письма как посылки. Нужно разобраться и присвоить посылкам и письмам правильные ШПИ. Проблемные ШПИ отмечены в накладной и списке галочками. Накладная и список во вложении. Индекс ОПС: Номер окна: Номер телефона для связи с ОПС: Последовательность действий: прием, отправка Время возникновения ошибки: .. :",Импорт списков из ЛК ЮЛ,aef731127e38f435ae10970fef123a68ba44e107cf4211e7cebd67f6a3238c9d,325,1
38610999,"Добрый день! Не может формируется QR-код, прошу помочь. ПЭП подключена . Приложение обновлено.Сидня---",Проблема с QR-код(подключение/отключение),fdbb290cfc1f45670f2592f1c0f81d99c5010fe751d673e0aeb89e9ca336783d,327,1
38611517,"добрый день ! не могу принять зпо заказные письма по безналичному расчету от черноотрожской администрации , не проходит договор Индекс ОПС: Номер окна: Номер телефона для связи с ОПС: Последовательность действий: партионный прием - и встает старый договор , а надо \-ф Время возникновения ошибки: .. :",Импорт списков из архива ф.103 (zip-архив),43441526f81b11826acfbe33672c7d91eb37da2bd185e5a138159d94543bde34,329,1
38611982,Тема письма: Акция с промокодами/Клиент не может оплатить промокодом/промокод исчез из МП Текст письма: Тематика: Акции с промокодами и Мобильное приложение Канал поступления обращения: По телефону Дата поступления обращения: : ..--- Телефон: Учетная запись: Электронна--- Суть обращения: Клиент не может удалить старую карту из приложение и добавить новую.,Прочее,61007530242edfa0cc94402b32e90f9a1e557baa71b69ee4a6319fd7f7feab39,330,1
38612147,Тема письма: Акция с промокодами/Клиент не может оплатить промокодом/промокод исчез из МП Текст письма: Тематика: Акции с промокодами и Мобильное приложение Канал поступления обращения: По телефону Дата поступления обращения: : ..--- Телефон: Учетная запись: Электронна--- Суть обращения: Клиент не может удалить старую карту из приложение и добавить новую.,Прочее,61007530242edfa0cc94402b32e90f9a1e557baa71b69ee4a6319fd7f7feab39,331,1
38612601,"Ф--- Телефон: Адрес заявителя: край Краснодарский, г Краснодар, ул Боспорская, дом Индекс ОПС: Номер ШПИ: Электрон--- Суть обращения: не пришло смс уведомление о прибытии посылки вместо вручения",Проблема с push/sms/email,0dc40ecfc39147ea5cf0d123cecc9600ac1e2a4745139645c304e4535cee38d7,333,1
38613820,"Тема письма: Тема отсутствует. Текст письма: Здравствуйте. По поводу отзыва о приложении. . письмо из суда поступило в почтовое отделение. марта я обнаружил в своём почтовом ящике извещение от ., заполненное полностью рукой. Сегодня . я получил письмо на почте. По поводу приложения. Я его установил, в надежде, что буду оперативно получать уведомления, что пришло письмо. Но пока я не напечатал номер, который был указан в извещении, в приложении не было о письме никакой информации и соответственно оповещение я не получил оперативно. В прошлый раз я пропустил срок подачи жалобы в Верховный суд республики, из за того, что письмо думаю умышленно по просьбе из суда, продержали целую неделю на почте без движения. Хотел оперативности, а не пока почтальон соизволит положить мне почту,",Проблема с push/sms/email,9dcde8c8ccb3dd2059d054ed4a1c537804fdc1dedf25ee4a9a5d1a52277a517e,337,1
38614819,"Тема письма: Проблема в работе приложения Текст письма: Невозможно оформить международную посылку. В приложении не хватает поля для ВЭД кода из-за чего посылку не принимают в отделении. Это код есть только в декстоп версии приложения и выяснилось это только в отделении, когда потребовалось уже полное переоформление всей посылки. В приложении нет ни слова, никакого предупреждения об этом. Посылка оформилась через приложение без запинки и когда я пришла в отделение ни одно поле уже нельзя было редактировать",Прочее,d86a111d1fe256c2e260bb982478d2a864d638afe8e3f4919ab198d6a7279ac8,338,1
38614919,"Тема письма: Некорректная работа приложения Текст письма: Не получается зарегистрировать использование qr-кода. Ввожу код, прикладываю палец и ничего не происходит",Прочее,6b6ccfdc1930260c632b22e96cbc768f1969ab6591d896f1c302d06e76030fb3,339,1
38614973,Принятые сегодня в партионном приёме РПО не проходят в исходящую ёмкость и не отображаются в журнале РПО. Индекс ОПС: Номер окна: Номер телефона для связи с ОПС: Последовательность действий: Время возникновения ошибки: .. :,Формирование и закрытие емкостей,d0f6219ec9c1bea2bf44876eb2a197a38916669b49178442f91e45c5a879c13f,340,1
38615199,"Дата поступления обращения: : .. ФИ--- Телефон: Электронная п--- Суть обращения: клиент хочет отправить международное отправление, но не получается загрузить платежную форму",Не проходит оплата/возврат,160581a950d64c2d228964c739cd16e2bcc2a88a6b3d2d704dd7cf0f31d9517b,341,0
38615478,"Добрый день! прошу помочь с закрытием контрольного листа в программе ""Прием ру""",Проблемы в работе Silkway,74277c5f51fde5bddfc5b55861ee1acc4a3d8840cc552f7d3ef22060e0da2a1a,342,0
38616305,Тема письма: Не работает приложение Текст письма: С марта нет доступа в приложение. Не загружается совсем.. В чем причина? Остальное все работает. Интернет подключен..,Прочее,e2c7b27d52077df69d311de0e4e03600488ae1591f0c240c4a57a8d5bb0bf1d5,344,1
38616532,"при приеме налоговой в программе с,не удается выгрузить форму ,все письма идут с ошибкой",Проблема с загрузкой данных в 1С,b5e95dbd749d4d6a71cbb993ed57ddfafe5b1e2d9cce16e90499f63537e6d01f,346,0
38616704,"Тема письма: Доступ к треку Текст письма: Здравствуйте в данный момент не возможно восстановить пароль, ибо смс не приходит никуда. Подчините плз. -- Отправлено из Mail для Android",Прочее,ffc1b318af5bd2ccb4eeeb599d8ec49cf5355af36ebee7ada89001cea72fccb8,348,1
38616790,Тема письма: Проблема с приложением Текст письма: Не подключается QR-код для отправки и получения отправлений.,Прочее,fe11edc08d67fb1069ed0b8ca5aa38f5b05341076b84586c84963ac0a8e30728,350,1
38616833,Системой мониторинга обнаружена проблема: Описание: Selftest user-tracking: Ошибка Узлы сети: Последние значения: Время возникновения проблемы: -- : Уровень проблемы: Высокий Заявка создана автоматически.,Событие из системы мониторинга,49e1e8fdce31205f447cbc110ee8786f1c263965b1a6da10802476f5d5c6706a,351,0
38616989,"Коллеги, добрый день! У нас (ИС ""ЕАСР Биллинг ."") с вами реализована интеграция, в рамках которой мы подключились к топику ""CDB-TYPE-OPERATIONS_DOCUMENT"". В рамках этого топика мы получаем данные по ""ф."" и ""ф."". Номер интеграции ""И-."" (Партионный прием - [КШД] - Биллинг . (данные операции над документом)). На нашей стороне мы заметили ошибку, при которой нам от вас не дошли данные по документу. Пример ШПИ """". Данные нам пришли по ШПИ только от ИС ""СОРПО"" (по ранее реализованной интеграции BILLING-TYPE-OPERATIONS_RPO, индекс сообщения ). В продуктивном окружении КШД также, данные найти не удалось (результат поиска во вложении). Сам ф. во вложении. Скриншоты из нашей системы во вложении.",Интеграционное взаимодействие,4635cc46602caf85b3a91ffb4bb00bb819d9736910061be3156c81b46f2634e2,352,0
38617032,Добрый день. При приеме по ф- список (парти ) от ..г. все рпо в кол-ве шт не проходили Начальник смены Н--- К---,Импорт списков из ЛК ЮЛ,40cd1da93f448752b61f9d5776f470e0cd47da3e062b1d5bfa197efb6cb7dd00,354,1
38617374,"Клиент принес на отправку простую корреспонденцию со списком по форме ф.-ф, но при приеме чтения штрих-кода программа выдает ошибку (скрин во вложении) Индекс ОПС: Номер окна: Номер телефона для связи с ОПС: Последовательность действий: партионный прием простых почтовых отправлений - ошибка ""документ ... не идентифицирован"" Время возникновения ошибки: .. :",Импорт списков из архива ф.103 (zip-архив),e8e98d96f5531bbb4e30fbd6faa71987f5d1600f5368fa9bdcdc41414ee51098,356,1
38617614,"Добрый день! Необходима консультация со стороны ЛК. В прием был загружен список, который, по словам опс, был сформирован в ЛК. В списке указан договор, который уже давно закрыт в с. В рамках запроса прошу уточнить: . Был ли сформирован указанный список в ЛК? . Есть ли в ЛК контрагент с такими инн/кпп и номером договора (номер договора б/н), если да, кто может скорректировать информацию в ЛК?",Импорт списков из архива ф.103 (zip-архив),752b3995935047e2330114bb56f4f979abb65323d79be9fea9b824fc11f64362,357,1
38617964,Индекс ОПС: ---ходим до--- Электронная почта для отправки логина/пароля--- Дополнительная информация: Добрый день. Просьба предоставить доступ новому сотруднику УКД Владивосток - оператору связи --- - права оператора.,Создание и изменение пользователя с правами Администратор,8ba77f5f51f4910b8049d6baed8ad0ef6744a9ec58b4f80e634dc08057cac1bb,358,0
38618821,"Добрый день! Прошу провести проверку и предоставить решение для ответа клиенту.Причина обращения = Здравствуйте. Почему некорректно работает предварительная запись? Уже не первый раз сталкиваюсь с тем что прихожу ввожу код который выдаёт приложение при записи в ответ получаю сообщение "" введен неправильный код."" Там всего цифры, ошибка исключена. При мне у другого клиента такая же ошибка вышла. Индекс отделения = Дата посещения отделения = .. Данные заявителя: ---с (населённый пункт, улица, дом, квартира) = Респ Бурятия, г Улан-Удэ, ул Жердева, д. , кв. Данные заявителя: Индекс = Данные зая--- Данные заявителя: Телефон =",Проблема с ОПС/доставкой,d06f807a31ab3c10cf32f8bd1682f9889a59019e700ddceb75eb0a7abfaed623,361,1
38618953,"при приеме простых отправление через партионный прием ЕАС сумма тарифа у службы судебных приставов вышла руб, согласно договора -ОДО-- сумма тарифа должна быть руб, просим исправить, сканы списка от организации и по ЕАС прилагаются",Проблема с загрузкой данных в 1С,59f585b2a311885912417429bb941292ebe8fb61dbd70a15e46ebb0d99e5be33,362,0
38619724,"Добрый день! Помогите, пожалуйста, с просьбой клиента, номера телефона клиент не оставил: Добрый день, не могу подключить QR код в приложении почта России через госуслуги Дело в том, что у меня изменился номер телефона и приложение почта России требует обратиться в почту, чтобы поменять номер телефона Можно ли это сделать ---",Проблема с QR-код(подключение/отключение),50abc38b37395e15dd8700eb2664697ae5a8986857f5a8f59f3bc3fb1d52fc7a,363,1
38619730,договор --/ на приеме простых писем не находит,Ошибки загрузки страницы/зависания,04a5b3a0f1bc36c814674d6e8cdb255dd0dfd6f0f0ae996cb35f9209dc36a539,364,1
38620366,Не могу зарегистрироваться в приложении так как не приходит смс с кодом.что делать? Григорьева Вале---,Проблема с авторизацией/ЭЗП/Бонусами/Доверенностями,ea97ad47944d25efe7fcf2ddeb2a9060e6e3677df6e3886104ed54c004d9be70,365,1
38620380,"Здравствуйте. Хочу поменять телефон в профиле личного кабинета. Не могу это сделать, пишет, что телефон уже используется. Что делать. Аникина ---",Проблема с данными в личном кабинете клиента,d10db0e2d8d03d728d945d33ec1aebfe768158b1c75abe171c468993fd52aa7f,366,0
38621509,Добрый день! ОПС Не загружаются списки ф на простые письма. Программа выдает ошибку. Скрины во вложении.,Импорт списков из ЛК ЮЛ,6f2c25bcf7b6fcb8923eeaf45428fed4d5fa7011ee708723e337de63b2e1a212,367,1
38621894,"в мобильном приложении клиент не может открыть QR код,соответственно не может получить РПО, СМС тоже не приходят.",Проблема с push/sms/email,f6d31f31e15b8a885dc78fc2e63211a8355a22180a7981f5faaed17eb62d47a0,369,1
38621935,"Добрый день. Подскажите, в личных кабинетах клиентов Почты Крыма с .. произошла проблема с присвоением ШПИ. Ранее диапазон ШПИ начинался с , а теперь с порядкового номера . Это приводит в задвоению ШПИ, т.к. диапазоны с выделены для других клиентов и населения. К кому можно обратиться с данным вопросом.",Импорт списков из ЛК ЮЛ,6d6984d3e21012096e871bd41aab77e6d65d4dda78e25a1153895c8daed316e2,370,1
38622936,Индекс ОПС: ---ходим дос--- Электронная почта для отправки логи--- Дополнительная информация: необходимо предоставить пароль доступа пользователя работника АО Почта России к ИС «---)»,Создание и изменение пользователя с правами Администратор,180216ded3fdc6bc4180e58419bbf8c27bceb262047cb4226a006bcfe651349f,373,0
38623459,Тема письма: Приложение почта России не работает! Текст письма: Невозможно зайти в приложение бесконечная загрузка в итоге пишет проверьте доступ к интернету или повторить попытку и так бесконечно чо делать? Интернет соединение нормальное все грузит кроме почты. Помогите пожалуйста исправьте системную ошибку или что то сделайте с приложением чтобы можно было в него войти.,Прочее,38e64346eacea9080c5fe9b51e73d31af2f7600343eb7f0fd16cdf3df0a2551e,375,1
38624823,Тема письма: Акция с промокодами/Клиент не может оплатить промокодом/промокод исчез из МП Текст письма: Тематика: Акции с промокодами и Мобильное приложение Канал поступления обращения: По телефону Дата поступления обращения: : ..--- Телефон: Номер ШПИ: LCCN Электронная почта кл--- Суть обращения: клиенту на адрес электронной почты приходят уведомления о посылке к которой он не имеет отношения.,Проблема с push/sms/email,50332fadeb18b8d1802767a8857537fb10ccf18bd0eb69712bf2187e066a5841,377,1
38624916,Тема письма: Акция с промокодами/Клиент не может оплатить промокодом/промокод исчез из МП Текст письма: Тематика: Акции с промокодами и Мобильное приложение Канал поступления обращения: По телефону Дата поступления обращения: : ..--- Телефон: Номер ШПИ: LCCN Электронная почта кл--- Суть обращения: клиенту на адрес электронной почты приходят уведомления о посылке к которой он не имеет отношения.,Проблема с push/sms/email,50332fadeb18b8d1802767a8857537fb10ccf18bd0eb69712bf2187e066a5841,378,1
38625023,"не проходит прием партионной почты от Минобороны, см. скриншоты, тел",Импорт списков из ЛК ЮЛ,7431856f09df730d7ebf5514a13d574e6b7d8832b6335db7335d7d116124ad0a,379,1
38625658,Тема письма: [!!Возможно спам] Поздравляем Вас с наступающим праздником Марта! Текст письма: ⠀ ⠀ ⠀ ⠀ ⠀ ⠀ ⠀ ⠀ ⠀ ⠀ ⠀ ⠀ ⠀ ⠀ ⠀ ⠀ ⠀ ⠀ ⠀ ⠀ ⠀ ⠀ ⠀ ⠀ ⠀ ⠀ ⠀ ⠀ ⠀ ⠀ ⠀ ⠀ ⠀ ⠀ ⠀ ⠀ ⠀ ⠀ ⠀ ⠀ ⠀ ⠀ ⠀ ⠀ ⠀,Прочее,dd2a7665cdcb64e182ed76a5c914585efd5bb2282671599c280c94372c5b31e8,382,1
38626728,Добрый день! При партионном приёме ошибка. Файлы были выгружены через препост:,Проблемы в работе Препост/PrePost,64d16f108a81cd750dca457c1ba438791d6db7a7c18adebdd94100db67f51697,387,1
38627375,"Не сканируется штрих-код с простых списков. Например F Приходится вводить руками, а это время. Индекс ОПС: Номер окна: Номер телефона для связи с ОПС: Последовательность действий: партионный прием - бэк зона - исходящая - создание емкости Время возникновения ошибки: .. :",Импорт списков из ЛК ЮЛ,1ee44379a54188ab0ad133b92c13e111d55e801a47445dfc4a08637dc61af6f0,388,1
38628469,"Здравствуйте, не могу подключить услугу получения отправлений по QR-коду, портал госуслуг выдает, что ранее услуга была подключ---. Пишет нет электронной подписи. Что делать? ПЭП не работает Нет QR-кода и госуслуги пишут, что я уже зарегистрирована. Но QR-код не появляется Б--- Надежда Серг---",Проблема с QR-код(подключение/отключение),8b7d5402df7c4209f866ba30f89bb96230c2ca444d75087da634af76c77734e9,392,1
38628773,Тема письма: Услуги для населения/Самостоятельная регистрация отправлений Текст письма: Тематика: Самостоятельная регистрация отправлений Канал поступления обращения: По телефону Дата поступления обращения: : .. --- Телефон: Электро--- Суть обращения: При оформлении РПО не могу оплатить. Пишет что то пошло не так.,Не проходит оплата/возврат,79c5982a834ac4df5beaa483db85b436a7ba52e98a7f13c65b6ae7f0c751ea8c,393,0
38628967,"RP- первый , не могу в него добавить комм--- ОТВЕТ ОТ КЛИЕНТА: Спасибо, проблема устранена. Появился адрес: Респ Карелия, г Петрозаводск, р-н Древлянка, ул Хейкконена, д. , кв. ПРОЩУ ЗАКРЫТЬ ЭТИ ДВА ЗАПРОСА!!! СПАСИБО!",Проблема с адресами,8c36e7990f69ebcc9abdafab9dd6e125810ed33cf678dc9b474dad1432c045ed,395,0
38629000,"Тема письма: Акция с промокодами/Клиент не может оплатить промокодом/промокод исчез из МП Текст письма: Тематика: Акции с промокодами и Мобильное приложение Канал поступления обращения: По телефону Дата поступления обращения: :--- Телефон: Адрес заявителя: Калужская обл.,Боровский район, с. Ворсино, ул. Молодежная, д. , кв. Индекс ОПС: No обл Калужская, р-н Боровский, с Ворсино, ул Молодежная, дом Электронная почта клиента: Суть обращения: не пришло смс оповещение, что пришло письмо, оно пролежало на почте дней, его отправили обратно. Почему не пришло оповещение, что пришло письмо",Проблема с push/sms/email,080e4f6cc9622c7a8de4346d549478e4228331537ade50812ec25468b7736614,396,1
38629190,"С--- Алёна А--- EFRU Я нахожусь в приложении, кэш чистила, карту привязала другую Курьер забрал заказ сегодня Екатеринбург - Москва. Оплата в приложении не работает",Не проходит оплата/возврат,d46866cf7d96984caf6754c4c97eabd408ede5a50aa611c92ebfcca00a9433cd,397,0
38629198,"ФИ--- Телефон: + Номер ШПИ: Электронная почт--- Суть обращения: Со слов клиента в мобильном приложении предоставлена была информация что по РПО планируемая дата доставки ... На ГЛ по трек номеру планируемая дата доставки ..,клиент хочет уточнить почему так происходит.",Проблема с ОПС/доставкой,87e141bb47a1e81d82aac3add626466abe0ce3a4a41f1cf45b652cccbf0f50dc,398,1
38629319,Добрый день. Просьба решить проблему.,Импорт списков из ЛК ЮЛ,94227b399bfb8e895633ce436de7203cf6527a86c5ba6a1510d82cf60a65201d,399,1
38629850,"Для корректного ответа клиенту прошу сообщить информацию по обращению ниже по тексту.Тема: Проблема с qr кодом Текст: Не могу отправить или получить посылку по qr-коду , постоянно в---",Проблема с QR-код(подключение/отключение),63351bde0781563b06dc82a314680bb34bd0a28d16be183f0fb0c1958a531f38,401,1
38629875,"Н--- Анастасия --- в справочнике отсутствует адрес Республика Татарстан, г. Лениногорск, пр-т Шашина, д. В ручную пробовали вводит, ошибка такая же. Кэш куки чистили, не помогает.",Проблема с адресами,a7da5173e6a006b19d251c57dcf2eedbcff2fa044aa48121e244c53ed24a86ae,402,0
38630517,"Добрый день! Во время приёма отправление принимается, как обычно, но когда в конце формируется список, то появляется информация, что отправление уже ранее обработано и удалить его из ёмкости. Для поиска РПО приходиться перебирать всю ёмкость ( оно может быть принято одним из первых в самом начале приёма). Раньше во время приёма сразу появлялась информация, что заказ отменён, тогда не тратилось время на поиски, а РПО просто откладывалось в сторону.",Формирование и закрытие емкостей,de0c0fe577eeaa1161561b5e09b2717ce99fb22b7c85e59baa588e704c432a98,404,1
38630698,Тема письма: Акция с промокодами/Клиент не может оплатить промокодом/промокод исчез из МП Текст письма: Тематика: Акции с промокодами и Мобильное приложение Канал поступления обращения: По телефону Дата поступления обращения: : .. Ф--- Телефон: Электронная почта клиента: --- Суть обращения: Клиент хочет поменять номер телефона. Старый указан. Новый +,Проблема с данными в личном кабинете клиента,6d843ac855f6471343b49b70363d5e85fbbb45577e5548c6adcd030824e21f79,405,0
38630835,"Тема письма: Акция с промокодами/Клиент не может оплатить промокодом/промокод исчез из МП Текст письма: Тематика: Акции с промокодами и Мобильное приложение Канал поступления обращения: По телефону Дата поступления обращения: : .. --- Телефон: Номер ШПИ: Учетная запись: Электронная--- Суть обращения: Пользователю поступают смс по чужим трекам, к данным отправлениям клиент не имеет отношения.",Прочее,7f097a7668cb47c0c8912fa025bc2421c6985aaf931724f0f4a30247ed94158a,406,1
38630977,Добрый день! Необходимо установить программу в ОПС,Установка Препост/PrePost в ОПС,cb38b4c2bb26df050ce6833e721d5c9cc281f0f3b8d3d5b7f76b301235fcdbc5,407,0
38631423,Просим в Препост добавить Вид отправления- Посылка Онлайн Добавить категорию- с объявленной ценностью и наложенным платежом.,Проблемы в работе Препост/PrePost,272d1c76f0856fb0956293e01bcd0a5f95c8de9ba547669b615e69bdb60c3917,408,1
38631865,"Г--- Дмитри--- направьте пожалуйста ответ на эл.почту клиента Не проходит оплата предоплаченного письма . Оператор связи в почтовом отделении не может принять письмо, хотя письмо было заранее оформлено и оплачено в личном кабинете Почты России. При этом я не могу отменить оплату, а денежные средства списаны с банковской карты. (кнопка) «отменить оплату картой» не работают ни в приложении, ни в личном кабинете на сайте. Никакая ошибка не выходит. Ничего не происходит. Кнопка вроде бы визуально нажимается, но отмены оплаты не происходит По нему было заявки . Они закрыты. RP RP RP Сегодня .. г через чат направил скин. Во вложении",Не проходит оплата/возврат,9bf029a1f80f34c1d0773801f579f4b151902c07887ae42094a50479bae9fcc1,410,0
38633592,"Проблема с авторизацией в приложении. При попытке входа в персональную зону, ИЗ ПРИЛОЖЕНИЯ, выдает то что на скриншоте. Вход на сайте со смартфона, с ПК без проблем. Такая дребедень уже неделю. КЭШ очищал, приложение переустанавливал. Нет возможности авторизоваться, приложение грузится, чат работает, пытаешься войти хрен там. Как исправить? это- RP-первый запрос, на него дал комм клиент Клиенту направлено: Просьба выполнить переустановку приложения с очисткой данных (Настройки > Приложения > найдите приложение > Хранилище > Очистить хранилище) и сообщить результат, далее перезагрузить устройство. В случае если проблема будет актуальна после выполнения данной проблемы-пожалуйста, уточните следующую информацию: Модель устройства; Версия OC устройства; Полное название версии прошивки; Были ли предустановлены на устройстве Google\Huawei сервисы изготовителем или Вы устанавливали их вручную? (если устройство на Android). Версия мобильного приложения, установленная на устройстве на данный момент; Последняя версия приложения, которую удалось запустить; Номер телефона\e-mail через который осуществлялся вход в приложение; Примерное время и дата, в которое были осуществлены неудачные попытки входа в приложение; Видеозапись с воспроизведением ошибки с указанием даты и времени в которое была воспроизведена ошибка; ip-адрес Вашего устройства. ОТВЕТ КЛИЕНТА: Другими словами от....сь нв хрен. Не работало, не работает и не будет работать. -- Отправлено из Mail для Android",Проблема с авторизацией/ЭЗП/Бонусами/Доверенностями,02afae65625ea05aee02cb06876170795e8aa362722a4b776bad75b59d1a9990,416,1
38633706,"Ц--- Владис--- Андроид Xiaomi redmi note s при выборе оплаты онлайн бланк не формируется ни в приложении, ни на сайте. Бланк можно скачать, только если выбрана оплата в отделении. Оформляла уже по-разному. Если выбираю оплату СБП - то нет бланка. Если выбираю оплату в отделении - то есть бланк, но мне надо оплатить сразу, чтобы сдать смочь письмо другого человека без доверенности. И кэш чистила, и браузер меняла. СБП даже не предлагает. Только картой.",Не выгружается бланк,dbe23d4733377e01cec3f67625b1f402080170078f82550df8774a70f88328d6,417,0
38633738,Тема письма: Акция с промокодами/Клиент не может оплатить промокодом/промокод исчез из МП Текст письма: Тематика: Акции с промокодами и Мобильное приложение Канал поступления обращения: По телефону Дата поступления обращения:--- Телефон: Электронная поч--- Суть обращения: просьба проверить почему на данную электронную почту поступают уведомления о чужих рпо и денежных переводах. просьба исправить ситуацию,Прочее,c1dea8debea4838898c203ffb81c07cbd6013daedac6d17cc3417fe6ad601359,419,1
38633802,"Поступило обращение клиента No следующего содержания. ДС в течение длительного времени не возвращаются. см ниже текст обращения Что ответить клиенту?Канал поступления обращения: по телефону Дата поступления обращения: .., : Тип заявителя: физическое лицо ---е--- Телефон: Адрес: ШПИ/номер: RSRU Номер ОПС, адрес: г Москва, ул Корнейчука, дом Индекс издания, адрес доставки: Суть обращения: Плохие специалисты в отделении, которые не знают как сделать возврат. Много раз пропадали посылки. На данный момент уже дня как мне не возвращают денежные средства за не отправленную посылку и ничего мне не сообщают.",Не проходит оплата/возврат,df31f9cbac9de3c93a2d09de6696b14dcf939adfe2eb311faced51cc4dfd4967,420,0
38633862,"Тема письма: Акция с промокодами/Клиент не может оплатить промокодом/промокод исчез из МП Текст письма: Тематика: Акции с промокодами и Мобильное приложение Канал поступления обращения: По телефону Дата поступления обращения: --- Телефон: Адрес заявителя: г Санкт-Петербург, п Александровская, ул Ильича д. Учетная запись: Электронна--- Суть обращения: Клиент не может добавить свой адрес проживания в личном кабинете. Не отображается номер дома, пишет что такого адреса нет. Просьба решить проблему.",Прочее,44afa86d186b370302f88c699ffa6c61e4669382d72693c4816767e28b16df56,421,1
38633909,Не работает сайт .Не загружается страница. Воротников Сергей Алекс--- +,Ошибка в приложении (восстановление работоспособности),d557a698f207d063e5d5cc0e0ff76a6c3c2b93e4c65fc8d7ee40994e5806f2d8,422,1
38633910,"Тема письма: Проблемы с учетной записью при входе в Мобильное приложение или сайт Почты России Текст письма: Тематика: Проблемы с учетной записью при входе в МП/Сайт Канал поступления обращения: По телефону Дата поступления обращения: : .. --- Телефон: Электронна--- Суть обращения: Коллеги, у клиента возникают проблемы при формировании отправления в Личном Кабинете номер подтягивается некорректный и изменить нет возможности. Просьба провести проверку. Ответ клиенту направить",Проблема с данными в личном кабинете клиента,4cca8bf97b5f1159393e0399d634fe385d3b90a61a428b490e5378d4462b56a0,423,0
38633948,"Тема письма: Тема отсутствует. Текст письма: Здравствуйте! Я давно пользуюсь приложением ПОЧТА РОССИИ всё работало, открывалось. Живу не в России. В конце февраля отправила посылку и решила открыть приложение оно не открывалось вообще. Я его удалила, снова загрузила ,результат тот же. Пыталась войти через гугл выдаёт ошибку .",Прочее,99a9f4eb655842557d23a7b53aa7fc2dd32eaa1ea2de7551924636a7d8024083,425,1
38634011,"Тема письма: Не открывается приложение почты на смартфоне, белый экран и в середине почта России, госуслуги от открываются, сайт почты России тоже не открывается, пишет вход с ВПН, у меня ВПН нет. Не могу загрузить заказное письмо",Прочее,8fca7df3caf425056312ee47f3078a9031b57ce978fe8bcbf85341ea38c64738,427,1
38634019,Тема письма: Акция с промокодами/Клиент не может оплатить промокодом/промокод исчез из МП Текст письма: Тематика: Акции с промокодами и Мобильное приложение Канал поступления обращения: По телефону Дата поступления обращения: : .. Ф--- Телефон: Учетная запись: Электронная поч--- Суть обращения: Возникла проблема при изменение данных в профиле мобильного приложения. Клиент не может зафиксировать новый адрес. Просьба разобраться в ситуации.,Прочее,8bdd90a66349ebb2be705ea0bbb5e99a50933ff748363b711399785f51939c63,428,1
38634072,Тема письма: Акция с промокодами/Клиент не может оплатить промокодом/промокод исчез из МП Текст письма: Тематика: Акции с промокодами и Мобильное приложение Канал поступления обращения: По телефону Дата поступления обращения: : .. Ф--- Телефон: Учетная запись: Электронная поч--- Суть обращения: Возникла проблема при изменение данных в профиле мобильного приложения. Клиент не может зафиксировать новый адрес. Просьба разобраться в ситуации.,Прочее,8bdd90a66349ebb2be705ea0bbb5e99a50933ff748363b711399785f51939c63,429,1
38634735,"Тема письма: Не работает приложение Текст письма: Добрый день, после обновления приложения из RuStore, перестало грузится, приложение начинает долго грузится и после этого выдаёт данное окно (см. вложение). Возможности зайти на сайт не имею так как нахожусь в рейсе за границей ( до середины мая) при заходе на сайт пишет отключить VPN, его у меня нет, но провайдер на судне спутниковый от Нидерланды Приложение - был мой единственный способ посмотреть посылку. Прошу помочь с решением проблемы, заранее благодарю. -- Отправлено из Mail для Android",Прочее,aeb8dc90d441b876a1e2854fd8dcad841c0296e9995f138ee8b141def2a94817,432,1
38634954,Тема письма: Акция с промокодами/Клиент не может оплатить промокодом/промокод исчез из МП Текст письма: Тематика: Акции с промокодами и Мобильное приложение Канал поступления обращения: По телефону Дата поступления обращения: :--- Телефон: Номер ШПИ: Электронная --- Суть обращения: Клиенту на эл.почту пришло извещение по чужому РПО. Просьба исправить ошибку. Получате---. Клиент не знает получателя.,Прочее,363bf0bf8f59c41379d0c547a637cd424ab8b587d93876662eb223c353cbe4fb,433,1
38635049,"Добрый день. Просим исключить из ИС Priem.pochta.ru РПО No ERRU, ERRU, т.к произошло задвоение приема РПО новым сорудником.",Передача статусов в Трекинг,6361786b831e1ab807ee324863c494c3a62bcf636c1a4263dfe937ca7428d4d3,434,0
38635073,"Здравствуйте, клиент не может добавить---- +",Проблема с адресами,b7a9f92cbdec2bd42f8714bb391e55d548d8388e1bb55023adc1aff99a110fd5,435,0
38635869,"Запрос клиента: ""Не получается пдключается QR-код. Просим обновить информаци паспорта. В госуслугах все обновили и вся инфа полностью совпадает с инфой в прилолжении почты россии. Вся информация в профиле заполнена. Электронная подптсь подключена. Переустановка приложения не помогла"" Х-- Евген--- + Просьба предоставить ответ на электронную ---",Проблема с QR-код(подключение/отключение),1fc700d1251ee6257f7d315622f2df58b6fc543281c1926c5b6b319a5ac1843d,438,1
38635911,"Д--- пишет:Текст: Добрый вечер. Почему мой личный кабинет и рабочий кабинет ""синхронизировались""? Я меняю данные в своём личном кабинете, и, они меняются и в рабочем тоже. Соответственно, пароль. И, коллега, работающая в личном кабинете (рабочем) почты, может заходить в моей кабинет личный. Я вам писала неоднократно по этому поводу, однако, вы занимаетесь отписками, вместо оказания реальной помощи. Как это устранить?",Проблема с данными в личном кабинете клиента,0bf8ebcb122f5f3e565b3bf81796822f8b56d0cd8cdaf70daff7e5483c46d2eb,439,0
38636067,"Тема письма: Проблема с мобильным приложением Текст письма: Здравствуйте! При попытке показать QR-код для получения отправления, в вечном цикле авторизация по биометрии, как на слайде во вложении. После авторизации мгновенно снова окно авторизации.Началось скорее всего в начале марта - до этого всё было нормально.",Прочее,1f542eed0e043bbc6d45eb26b706ab9a79a2a5b0acbf8d3689ee89cbc5961b62,441,1
38636787,Тема письма: Тема отсутствует. Текст письма: Прошу переустпновить приложение с полной очисткой данных А--- Б--- Отправлено из Почты Mail,Прочее,7941f7f800cc590b4f773f35454d1a3c2a64aafd403912c4083906aa4f5b8b32,442,1
38637201,Тема письма: Акция с промокодами/Клиент не может оплатить промокодом/промокод исчез из МП Текст письма: Тематика: Акции с промокодами и Мобильное приложение Канал поступления обращения: По телефону Дата поступления обращения: :--- Телефон: Номер ШПИ: Электронная --- Суть обращения: Клиенту на эл.почту пришло извещение по чужому РПО. Просьба исправить ошибку. Получате---. Клиент не знает получателя.,Прочее,363bf0bf8f59c41379d0c547a637cd424ab8b587d93876662eb223c353cbe4fb,443,1
38638863,"почему в приложении сменилась дата ожидания отправления с .. на .., а обратившись на вашу горячую линию, голосовой помощник мне вообще сообщил о дате ожидания отправления - ... Полагаю, что тем самым ""Почта России"" предоставляет недостоверную и ложную информацию и нарушает право потребителя на получение достоверной информации об услуге, следовательно нарушает Закон РФ. Это уже далеко не первый случай. РПО",Прочее,f04b0afb3a0fa80b85910110b555c3b1504a803a5a813b45e305f18f7f62c64c,446,1
38639155,"Тема письма: Для получения писем по куар коду Текст письма: Доброе утро! Я получала письма (для организации ) по номеру личного телефона, теперь надо получать письма по куар коду, но программа не дает этого сделать. Мой номер телефона корпоративный . На сайте я вхожу в личный кабинет. С уважение--- Офис-менеджер ООО «ЭСТМ» Россия\Тульская область\Узловский район\п. Каменецкий\Центральная\\оф.\ ---",Проблема с QR-код(подключение/отключение),6a3ca068a165e2e353520fc88ee9bc9025fcff2b80ed0d9507373e307ad51a97,448,1
38639400,"Тема письма: Проблемы с учетной записью при входе в Мобильное приложение или сайт Почты России Текст письма: Тематика: Проблемы с учетной записью при входе в МП/Сайт Канал поступления обращения: По телефону Дата поступления обращения: : --- Телефон: --- Суть обращения: в мобильно приложении нет информации , просьба устранить неполадки по какой причине нет информации по отправлению",Автодобавление почтовых отправлений,72c21ba69a5cde1cefecc7677c07adb0fe083b62b9a5d21e26e816b33b9b1bef,449,0
38639941,Добрый день. Не могу изменить свои данные в профиле. Они недействительны. Через Госуслуги не помогло обновление. З--- А--- М---,Проблема с данными в личном кабинете клиента,8913c0cc31b873292026a07438a589df44ac903f39a652ef598fb46e7f6b3f09,450,0
38640404,"Запрос клиента: ""Не получается пдключается QR-код. Просим обновить информаци паспорта. В госуслугах все обновили и вся инфа полностью совпадает с инфой в прилолжении почты россии. Вся информация в профиле заполнена. Электронная подптсь подключена. Переустановка приложения не помогла"" Х--- Евген--- + Просьба предоставить ответ на электронную ---",Проблема с QR-код(подключение/отключение),1fc700d1251ee6257f7d315622f2df58b6fc543281c1926c5b6b319a5ac1843d,451,1
38641114,"Здравствуйте При приеме партионной почты от комитета юстиции (судебные участки , ) периодически выходит окно с ошибкой Номера РПО при считывании которых были ошибки Индекс ОПС: Номер окна: Номер телефона для связи с ОПС: Последовательность действий: партионная почта Время возникновения ошибки: .. :",Ошибки загрузки страницы/зависания,fd3d96605e14a54d530d48c0cf6696f4077dd25b3402830e83328af7d23b63fd,452,1
38641413,"В мобильном приложении Почты России в настройках отключены уведомления по электронке и подключены пуш. Но письмо о доставке по электронке пришло, пуша не было. Ваше приложение живëт своей отдельной жизнью? Устраните ошибку, пожалуйста. Всë отключил/подключил, вышел из приложения, снова зашëл и подключил/отключил заново. Но эту теорию можно проверить только при следующей отправке/доставке. А это не скоро произойдëт. Б--- ---",Проблема с push/sms/email,e517735023bfe5d449a0ae21a54b4bc16c6c525aa5366fa053bacc1b6a5b9920,454,1
38641839,Тема письма: Проблемы с учетной записью при входе в Мобильное приложение или сайт Почты России Текст письма: Тематика: Проблемы с учетной записью при входе в МП/Сайт Канал поступления обращения: По телефону Дата поступления обращения: : ..--- Телефон: Учетная запись: мобильное приложение Электронная--- Суть обращения: при входе в приложение не открывается профиль,Проблема с данными в личном кабинете клиента,657ffcd0ff9649c62e5830a5c115c18a1941d7cc05f5b0c6812c2e11dbc30b5d,456,0
38641988,при приеме партии писем одно письмо не прошло вышел список расхождений Индекс ОПС: Номер окна: Номер телефона для связи с ОПС: Последовательность действий: при приеме партии писем одно письмо не прошло вышел список расхождений Время возникновения ошибки: .. :,Ошибки загрузки страницы/зависания,9f46640a8c300fe05625e64570f5eeab56711815b2e133dac03eb253649d162d,457,1
38641989,Тема письма: не запускается мобильное приложение Текст письма: Добрый день! Установил приложение почты из рустор. При запуске выдаёт - см вложение. Сервисов гугл на телефоне нет. Как быть? -- Отправлено из Mail для Android,Прочее,10e1292939d98996273f7875ff9ae8117d2ce4f8ab758d9263c684a9d86c6d4b,458,1
38642328,"Добрый день. Коллеги, РПО клиента ООО ""МУЛЬТИМЕДИЙНЫЙ МИР"" ИНН договор в С АСКУ не погружаются автоматически. Поступило РПО ШПИ Индекс ОПС: Индекс ДТИ (выделенный участок):",Проблемы в работе ИС Возвраты,56a257ddbbcbff8c10e156831b5fcb74798e01f92bd689b18347d5bf8d9bad8f,460,0
38642935,"ОПС ,ОКНО НЕ ОТКРЫВАЕТСЯ ПАРТИОННЫЙ ПРИЕМ",Проблемы в работе Silkway,e5e9ee9546e25de0708eeb8186665b589903a6ac9716ff16d7a4ea2f845626e8,463,0
38643160,"Тема письма: Проблемы с учетной записью при входе в Мобильное приложение или сайт Почты России Текст письма: Тематика: Проблемы с учетной записью при входе в МП/Сайт Канал поступления обращения: По телефону Дата поступления обращения: :--- Телефон: Адрес заявителя: г Нижний Тагил, ш Черноисточинское, д. , к. , кв. Индекс ОПС: Номер ШПИ: LCCH Электронная почт--- Суть обращения: При формировании куар-кода для получения посылки,отображается ошибка устарели паспортные данные. КЛ сменил данные на госуслугах. Прошу устранить ошибку в приложении , данные паспорта обновлены.",Проблема с QR-код(подключение/отключение),df624f6cc34a3df44c4c693db10c2ff278a3a9de2383d92cc386a0fe6c218936,467,1
38643702,ДОБРЫЙ ДЕНЬ! НЕ УДАЕТСЯ РАСПЕЧАТАТЬ ФОРМУ БН.,Импорт списков из ЛК ЮЛ,97fb3f5578ba5299428ce7cdb14c219eb81a4a774bf4ccb8c19c860c6210518e,472,1
38644038,"Добрый день! Обращение ИСО No . У клиента была оформлена заявка на доставку, однако РПО= не было доставлено и возвращено отправителю. Клиент требует возмещение. Прошу проверить оформление заявки и возврат д/с за неоказание услуги по доставке .",Проблема с ОПС/доставкой,0c5de56409591818b32ecd06fb0c376ff1e186c38afe9cab970ee058ef63328d,474,1
38644370,Тема письма: Тема отсутствует. Текст письма: На Тинькофф карта номера и код,Прочее,3b4a7010584512ab0264c9c29fbbabb6ffbb17842c5fb79b81745b25144d8258,475,1
38644532,"Тема письма: Акция с промокодами/Клиент не может оплатить промокодом/промокод исчез из МП Текст письма: Тематика: Акции с промокодами и Мобильное приложение Канал поступления обращения: По телефону Дата поступления обращения: : --- Телефон: Номер ШПИ: --- Суть обращения: По данному отправлению получатель указана мама клиента и в ее лк пр информация о данном отправлении поступила, так же по данному отправлению информация поступила автоматически и в лк пр клиента (сын получателя). Клиент просит разобраться в данной ситуации и принять меры и устранить ошибку, т.к. это происходит второй раз. К номеру телефона при---. На д--- оформлент аккаунт с номером телефона , который уже не используется, данный аккаунт клиент просит удалить.",Прочее,2768b829d5c618c1746d9b2e67bd9ede0df53d2fa6110ab4b420a894084a9300,479,1
38644573,"Тема письма: Акция с промокодами/Клиент не может оплатить промокодом/промокод исчез из МП Текст письма: Тематика: Акции с промокодами и Мобильное приложение Канал поступления обращения: По телефону Дата поступления обращения: : .. --- Телефон: Номер ШПИ: Учетная запись: Электронная п--- Суть обращения: Клиенту на аккаунт не приходят уведомления, хотя раньше приходили.",Прочее,1b108ad786cecb0c0bd71fee5937908b43ac87daf8594489b0a9f1770ed4fdbd,480,1
38644642,"Здравствуйте коллеги. Подскажите пож. мы в систему биллинг получаем данные по РПО, к некоторым РПО приходят TypeSMS и PoctMark. Мы ориентируемся на эти параметры, чтобы выставить клиенту счет на оказанные доп.услуги Пакет СМС уведомлений. Но по этим параметрам не всегда можно понять, что доп. услуга СМС уведомления была платной. Может подскажете, на какой или какие параметры можно опираться, чтобы можно было понять, что с клиента точно взяли деньги за СМС уведомление.",Проблема с загрузкой данных в 1С,bd1c9fec6c8952aeb5eb0ef34fbe5bea3a9113b0ccdaa61fbe3256e425c2e59f,481,0
38644659,"Тема письма: Регистрация Текст письма: Здравствуйте, номер телефона . У меня есть личный кабинет на сайте всё хорошо, а в приложение---. тел. +",Прочее,6e46f52b547c4031ef03f8bd35c7aa07f6ddc12472f67771de98e5de6dbe88cc,482,1
38644884,Добрый день. Просьба оказать содействие по обращению С--- Ю.Н. No (прилагается) о непоступлении электронных уведомлений. Заранее благодарю.,Прочее,fffd4f805f5668f8b1d6c33796478c6ac565df0eadf9c6f4f1406a4d1b41f9aa,487,1
38644936,"Здравствуйте, не могу войти в приложение второй день, пишут войдите позже, как войти в приложение? Код доступа пришёл, я с аккомулировала пароль, но при попытке войти меня выбрасывает-попробуйте позже Данные клиента Redmi, Note ,версия Android Версия ОС .... UNHRUXM Голуб Ма---",Ошибка в приложении (восстановление работоспособности),493051a3492dc42c7446c82657773a358a5951b50f38f96ded05c36c20fa491e,488,1
38644949,"Тема письма: Акция с промокодами/Клиент не может оплатить промокодом/промокод исчез из МП Текст письма: Тематика: Акции с промокодами и Мобильное приложение Канал поступления обращения: По телефону Дата поступления обращения: :--- Телефон: Учетная запись: Электронная --- Суть обращения: Возникла проблема при изменение данных в мобильном приложение, по этой причине нет возможности подключить ПЭП. Доступа к старому номеру телефону нет. Просьба разобраться в ситуации.",Прочее,d712b5230b62b89cd96e4543ac95e3f3c013ebdd5f48468bd09844befa6a5875,489,1
38644956,"В рамках срочной доставки гиперпатнерами по некоторым заявкам подтягивается номер телефона отправителя с решеткой (#), из-за чего, один из исполнителей (Яндекс) не забирает такие заявки и автоматически их отменяет. Примеры ШПИ: , , . При этом, было обнаружено, что по каким-то заявкам подтягивается номер телефона из Паспорта ОПС, а по каким-то номера курьеров. Предварительно было выявлено, что проблема не на стороне OMS. Также прикрепляю ответ коллег из Паспорта ОПС.",Прочее,04fff2518fa62e970eaaf6acdddf73c12f22ba3166b815de99e96d5e7771ff56,490,1
38645177,"Добрый день! Тверской почтамт ОПС ЗТ ,при сканировании посылки от КК Группрайс список загрузился,но посылки не проходят ,выходит табличка и дальше никакого приема.Просим помочь в решении данной проблемы",Импорт списков из ЛК ЮЛ,f10049e678b04e189097efde9f863ac3264f9ecb4c8a107f58bdd79ea90bd152,492,1
38645237,"Тема письма: Акция с промокодами/Клиент не может оплатить промокодом/промокод исчез из МП Текст письма: Тематика: Акции с промокодами и Мобильное приложение Канал поступления обращения: По телефону Дата поступления обращения: : .--- Телефон: Учетная запись: Электронная почт--- Суть обращения: Клиент не может указать свой адрес в мобильном приложении. На сайте Почты России в ЛК у клиента адрес указан, в ЛК мобильного приложения информация не появилась об адресе. Когда клиент вводит свой адрес , Российская Федерация, обл Оренбургская, г Оренбург, ул Профсоюзная, д. , кв. , его невозможно ввести, т.к адрес нужно выбрать из списка, но такого адреса в списке нет. Просьба принять меры.",Прочее,7d511a94b65822edba031b0d52db0f54ae65ec1a06385c6fb8e7cea4eafb7a4c,494,1
38645295,"Тема письма: Проблемы с учетной записью при входе в Мобильное приложение или сайт Почты России Текст письма: Тематика: Проблемы с учетной записью при входе в МП/Сайт Канал поступления обращения: По телефону Дата поступления обращения: : ..--- Телефон: Электронная--- Суть обращения: Не получается подключить QR код. пишет нет ПЭП и пнаправляет на Госуслуги , там указано есть ПЭП и снова не дает оформить. Просьба помочь клиенту",Проблема с QR-код(подключение/отключение),7beac5895265e9160aa6cff14621abe34e75f65a556e81903acf2f96acb5a018,495,1
38645383,"Тема письма: Проблемы с учетной записью при входе в Мобильное приложение или сайт Почты России Текст письма: Тематика: Проблемы с учетной записью при входе в МП/Сайт Канал поступления обращения: По телефону Дата поступления обращения: :--- Телефон: Индекс ОПС: Респ Татарстан, г Казань, ул Юлиуса Фучика, дом Номер ШПИ: Электронн--- Суть обращения: Клиенту в мобильном приложении приходят уведомления отправлений , которые адресованы дочери , клиент не хотел бы получать данные уведомления .",Проблема с push/sms/email,9b4e2f4ac8e18682820ac01cfd64f65dfa5bb4a893ca3db7357f1a36b2bd8df2,497,1
38645492,"Тема письма: Почта России Текст письма: Здравствуйте. Не могу открыть ваше приложение уже неделю, а очень жду письмо""решение суда "" По вопросам ЖКХ. Сам не в России, но по доверенности дочь получала другие сообщения. На почте требуется скрин уведомления со штрих кодом. А У МЕНЯ ЕГО НЕТ. Фото экрана прилагаю (интернет отличный). Если можно пришлите всп уведомления мне на эту почту. Спасибо. -- Отправлено из Mail для Android",Прочее,b7b53ef2a59a26863bdecd88d4bbcaf80b88016f7471026f385f5de6da8bd35c,500,1
38645702,"Малгатаева Татьяна Владимиро--- Оформлена доставка за минут .. в ,, не доставили отправление . У меня нет возможности оформить доставку. Кнопка отмена отсутствует, автоматически не отменена и деньги не вернулись. Я вам прислала выписку по карте. Чека на почте у меня нет.",Не проходит оплата/возврат,5ec915628f951d7698144d6086d651ea7185f7b5cf9a059a29eda7f22ce6bfbe,501,0
38645707,"Тема письма: Тема отсутствует. Текст письма: UUCN этот трек, мне не пришло оповещение, в итоге его отправили обратно в Китай, я приходил на почту, и узнавал где моя посылка, там даже не смогли посмотреть ее статус, а потом оказалось что она была.",Проблема с push/sms/email,0ef2775020b4464796ffc79a69db673d847ab2ed1923584a7421d80b1bd0badf,502,1
38645756,Не дает оформить электронную доверенность на номер пишит не подключен сервис хотя все подключено на обоих номерах. Простая электронная подпись так же подключе---. + на Басманову Елену Станис--- (направить ответ клиенту на эл.почту),Проблема с авторизацией/ЭЗП/Бонусами/Доверенностями,9f0d52fbe2a08db534439c1738313a03fd9c4282eba984d58b2f853fc304bb68,503,1
38645766,Тема письма: Акция с промокодами/Клиент не может оплатить промокодом/промокод исчез из МП Текст письма: Тематика: Акции с промокодами и Мобильное приложение Канал поступления обращения: По телефону Дата поступления обращения: : .. --- Номер ШПИ: Электронная почта к--- Суть обращения: У клиента отсутствует кнопка отмены доставки,Проблема с ОПС/доставкой,fe0473ab61485b16706f5a9d8a66cef5163635044508abaa689647acca3c2e7c,504,1
38645798,Тема письма: Акция с промокодами/Клиент не может оплатить промокодом/промокод исчез из МП Текст письма: Тематика: Акции с промокодами и Мобильное приложение Канал поступления обращения: По телефону Дата поступления обращения: : .. --- Номер ШПИ: Электронная почта к--- Суть обращения: У клиента отсутствует кнопка отмены доставки,Проблема с ОПС/доставкой,fe0473ab61485b16706f5a9d8a66cef5163635044508abaa689647acca3c2e7c,506,1
38645813,"Тема письма: Нет электронных извещений Текст письма: Не приходят электронные извещения в приложении почта России, в профиле электронные извещения стоит замок, я его не могу снять?",Прочее,0a73ca9adb3330885543580289c641b4b4e4bc2a27c65f443b82e4ec2e2f1ba8,507,1
38645900,"Тема письма: Возможность пользоваться ПЭП Текст письма: Здравствуйте. Не могу пользоваться оформленной ПЭП по причине того, что Ваше приложение не работает на устройстве без Google сервисов, т.е. на любой альтернативной сборке Android - LineageOS, /e/ OS, GrapheneOS и т.д. Я понимаю, что данные вариации Android довольно нишевые, но, поскольку теперь QR код обязателен и код по SMS приходить перестал, я на своем устройстве без Google сервисов никак не могу получать и отправлять посылки по упрощенной процедуре. Поэтому убедительная просьба к вашим разработчикам: сделайте привязку к Google сервисам опциональной, первостепенные функции приложения (генерация QR кода и список отправлений) не должны зависеть от них (тем более, что эти сервисы от иностранного поставщика, что не есть хорошо в текущей мировой обстановке). С уважением, Александр.",Предложение по изменению,6ec8de30e1daf3b0183d5690e8ac506953a5de609454f653a1dedfb75a2f7465,508,0
38645938,"Приняты РПО по списку, но в журнале РПО не отображаются, отправить не можем. Приняты файлом. Индекс ОПС: Номер окна: Номер телефона для связи с ОПС: Последовательность действий: - Время возникновения ошибки: .. :",Импорт списков из ЛК ЮЛ,1732a805e9ddf7bc6fee03e91fab172cb6ab28b3f9845b5725391fe9f22552d5,509,1
38645988,"Тема письма: Проблемы с учетной записью при входе в Мобильное приложение или сайт Почты России Текст письма: Тематика: Проблемы с учетной записью при входе в МП/Сайт Канал поступления обращения: По телефону Дата поступления обращения: : ..--- Телефон: Электронная --- Суть обращения: Кл не может распечатать чеки в лк ,не отображается кнопка распечатать.Просьба провести проверку и принять соотвм меры. Первый скрин чека, перехожу по кнопке ""перейти"" после нажатия пустой экран в течении всего времени.",Проблема с авторизацией/ЭЗП/Бонусами/Доверенностями,797de4ce0cb0de1dfd6f101e3d2c005fc7873c29b7fb4ba4e147eb5bc6655bc5,510,1
38646139,"Т--- Татьян--- В приложении не отображается ни одно отправленное письмо за - год. Смс, которое должно приходить с уведомлением о доставке не приходит ни отправителю, ни адресату (хотя было указано, что нужно отправить).",Проблема с push/sms/email,7cb7462c895fff4159f06a1cb51dbd2ecee4cba2a9af62212d80bca1faa32aa1,514,1
38646202,"Тема письма: Нет отправления в приложении Текст письма: Описание: Тема письма: Услуги для населения/Самостоятельная регистрация отправлений Текст письма: Тематика: Самостоятельная регистрация отправлений Канал поступления обращения: По телефону Дата поступления обращения: : .. Ф--- Телефон: Индекс ОПС: Номер ШПИ: Учетная запись: Электронная--- Суть обращения: .. : Вручение Адресату по QR коду.Пропал трек-номер из МП приложения.Я обратилась за помощью так,как пропало оправление изо всех источников с полной детализацией. Нет отправления",Прочее,8fa3cc0f29304c2587ec0505cd8096a1e77024507cc83187d42f5646a44748f4,515,1
38646232,НЕ проходит прием партионной почты,Импорт списков из ЛК ЮЛ,0e9a0aed7f727a427cac68cfb6acf2886386d8b7b152e6d8c24cfff5750331f6,517,1
38646243,"Тема письма: гугл плей Текст письма: новая версия приложения требует гугул плей, которого нету и никогда не будет в моём телефоне ибо это иноагетное приложения что против России выступает, не зря же заблокировали youtube.com на территорий России! Так когда будет без этого иноагента приложения? -- andr der Отправлено из Почты Mail",Прочее,77e52fa160e4afbc3415328ce2dd2b6452bd4d01f753f9fdb00cfa1e7097c201,518,1
38646304,"Тема письма: Услуги для населения/Самостоятельная регистрация отправлений Текст письма: Тематика: Самостоятельная регистрация отправлений Канал поступления обращения: По телефону Дата поступления обращения: : --- Телефон: Номер ШПИ: CLRU Электронная поч--- Суть обращения: Пи оформлении заказа в мобильном приложении вместо кг, отображается кг.",Прочее,cd4c74034c1b4786dc462ca48d32cdd95ec2d27d567f132f7da6c066312d7972,519,1
38646415,Тема письма: Your membership will be lost Текст письма:,Прочее,02130841a72be3068ddcd8baa54e29c96f8b855805972f9585129ede3bdbb20d,521,1
38646757,"Тема письма: Проблемы с учетной записью при входе в Мобильное приложение или сайт Почты России Текст письма: Тематика: Проблемы с учетной записью при входе в МП/Сайт Канал поступления обращения: По телефону Дата поступления обращения: : .--- Телефон: Электронная --- Суть обращения: не может зайти в приложение,грузит и белый кружок- день,переустанавливал и интернет-соединение в порядке,просьба помочь",Ошибка в приложении (восстановление работоспособности),79c480bcf875e1ff18781204a646f81d2d779151b20e5617760b49ab03225acf,522,1
38646853,"Л--- А--- В моем приложении отсутствуют ИСХОДЯЩИЕ ОТПРАВЛЕНИЯ, список Входящих отправлений также некорректен. Вообще приложение очень корявое, в интерфейсе много лишнего, а главное отсутствует. Приложение требует кардинальной доработки. Прошу обратить также на это внимание.",Ошибка в приложении (восстановление работоспособности),ed621a03360df7ed270b142cb1f6113fb22e1f25ee7c5836d891c93ccda95bd5,525,1
38646858,"Л--- А--- В моем приложении отсутствуют ИСХОДЯЩИЕ ОТПРАВЛЕНИЯ, список Входящих отправлений также некорректен. Вообще приложение очень корявое, в интерфейсе много лишнего, а главное отсутствует. Приложение требует кардинальной доработки. Прошу обратить также на это внимание.",Ошибка в приложении (восстановление работоспособности),ed621a03360df7ed270b142cb1f6113fb22e1f25ee7c5836d891c93ccda95bd5,526,1
38647010,"Тема письма: Сервис трекинга /Другое Текст письма: Тематика: Сервис Трекинга. Жалобы/предложения Канал поступления обращения: По телефону Дата поступления обращения: :--- Телефон: ---- Индекс ОПС: Номер ШПИ: Электронная --- Суть обращения: Здравствуйте, просьба предоставить информацию клиенту. была оформлена доставка через сайт на ..., оплата произведена, в ЛК отображается вызов курьера, ожидайте звонок, т.е доставка подтверждена, но ни звонка, ни доставки. На ГЛ доставка невозможна.Просьба проинформировать клиента.",Проблема с ОПС/доставкой,41eab5b0ee59795cadbcd5b3962c4a4ed29ca1f09154fcac28fbb8f29be6fcec,527,1
38647093,Тема письма: [!!Возможно спам]Thank you: I528:I544,Прочее,5a02ffd72ee9e5a14cae0d92e994f7846114bc6b9275209304af46e36aa88778,528,1
38647095,"Здравствуйте. Не дает поставить галочку на доверенность пишет что нет подписи перекидывает на сайт гос услуг, после входа в госуслуги пишет что у вас уже есть простая электронная подписьЯ прохожу по ссылке на госуслуги в там мне выдает такое у вас уже подключена простая электронная подпись. Данные не менялись. П--- Александр---",Проблема с авторизацией/ЭЗП/Бонусами/Доверенностями,a858bbe418eb09262caed55bb7d1d0c151e88b6686f72e9c98f21fa79b733975,529,1
38647245,"Тема письма: Акция с промокодами/Клиент не может оплатить промокодом/промокод исчез из МП Текст письма: Тематика: Акции с промокодами и Мобильное приложение Канал поступления обращения: По телефону Дата поступления обращения: : .. --- Телефон: Электрон--- Суть обращения: Предложения по улучшению сервиса работы мобильного приложения - для удобства клиента - указывайте , пожалуйста , причину отказа в услуге курьерской доставки ( доставка за р . ) ; указывайте , пожалуйста , день и время доставки .",Предложение по изменению,c40b0270e3a18a784ba9b4891890a890ad6fc7175cc999295bc762e76904de46,530,0
38647279,"Тема письма: Акция с промокодами/Клиент не может оплатить промокодом/промокод исчез из МП Текст письма: Тематика: Акции с промокодами и Мобильное приложение Канал поступления обращения: По телефону Дата поступления обращения: : .. --- Телефон: Электро--- Суть обращения: Предложения по улучшению сервиса работы мобильного приложения - для удобства клиента - указывайте , пожалуйста , причину отказа в услуге курьерской доставки ( доставка за р . ) ; указывайте , пожалуйста , день и время доставки .",Предложение по изменению,c40b0270e3a18a784ba9b4891890a890ad6fc7175cc999295bc762e76904de46,531,0
38647316,"прядильщиков--- Уточнить информацию можно у клиента по эл почте, указанной выше.Не формируется кьюаркод",Проблема с QR-код(подключение/отключение),f530061ffe83ee46c07d9e7132b88c07248708a36236a7e4bf554fea5ec8b61b,532,1
38647331,Прядильщикова --- Не формируется кьюаркод,Проблема с QR-код(подключение/отключение),b1c1090a3d5c8b80b16c3e0af6e17ab82f56468c87bc4b8d52631f8b9a5fb291,533,1
38647468,"Тема письма: Государственные услуги - Электронные заказные письма/Жалоба Текст письма: Тематика: Электронное заказное письмо Канал поступления обращения: По телефону Дата поступления обращения: : .. --- Телефон: Номер ШПИ: Электронная --- Суть обращения: Клиент не может отправить ЭЗП через мобильное приложение Почты России. На этапе ""Оплатить и отправить"" всплывает окно с ошибкой и просьбой повторить позднее.",Проблема с авторизацией/ЭЗП/Бонусами/Доверенностями,717c5ded59ed78804944f5ea204784245fd6bcefa82f6fd0223454614becc96b,535,1
38647482,"Добрый день. почему не приходит СМС подтверждение, пришлите код подтверждения для Получения зак-----",Проблема с push/sms/email,3315d036fd1da07b7bc3a5b387789c031bc00027d15ac638ec507b97b9c2de22,536,1
38647490,Добрый день. Нет колокольчика. Необходим код для почтомата РПО В--- Ксе---,Проблема с push/sms/email,9d63870a5a94db3a2a62ec7d9e39afc738ac89e3db5827755227e3d4fc518d09,537,1
38647696,"azare------Ко мне в смс приходит всегда ""оцените кач наш работы"" , после получения каждого письма, я нажимаю и попадаю в приложение на окно с инф об.отправке и там нет поля комментарий , нет звёзд и прочего Какой смысл меня просить , переводить, если окно без ввода и оценок?? Зачем в это окно меня перекидывают , если оно не кликабельное? по ссылке оценки отправления переходит на страницу на скриншоте.",Прочее,c33446026dbb1e3c1ec24e59d5bee7d7a6f9ab633e41db8ff8da0555736756b4,540,1
38647725,"Тема письма: Проблема с подключением QR-кода Текст письма: Добрый день, возникла проблема с подключением QR-кода в приложение почты России. При входе на госуслуги пишет, что подключено. При повторном нажатие на QR-кода снова появляется страница входа на госуслуги. Не могу получить посылку, потому что без кода не выдают, а код не подключается",Проблема с QR-код(подключение/отключение),f76eb24df974c1046d3d2dbcdcfa72074b17427a07d449d8e0bd0fab9cf2755e,541,1
38647822,"Тема письма: Проблема в мобильном приложении Текст письма: Добрый вечер Разработчики. Я не могу открыть мобильное приложение почта России. Сначала удалила, а потом пыталась опять закочать в мобильном приложении, но у вы не работает вообще. И теперь не могу отслеживать посылки. За ранее благодарю за помощь --- -- Отправлено из Mail для Android",Прочее,951043b814cd0dbaf3de1ea1cc95a9a3508759b255a19098b42b71dce04c91fc,543,1
38649188,"Здравствуйте. Поступило обращение клиента: ""постоянная проблема с получением QR-кода в мобильном приложении. Обновление приложения не исправило ситуацию. Смартфон новый года выпуска проблем с оперативной памятью процессором и постоянной памятью нет. . Регион - Забайкальский край--- . Телефон ---- . версия приложения ... . Версия ОС - Android . Марка и модель телефона - Samsung A . Полное название версии прошивки - One UI; . . Время и дата возникновения ошибки - .. с : по настоящее время (разница с МСК часов) проблем с интернетом нет! Wi-Fi - Mbit/c, VPN НЕ ИСПОЛЬЗУЕТСЯ.",Проблема с QR-код(подключение/отключение),2b13637f2296e72b0018ff98d940a67c199a4ed184173baae049cc831ab1912c,544,1
38649474,Тема письма: Акция с промокодами/Клиент не может оплатить промокодом/промокод исчез из МП Текст письма: Тематика: Акции с промокодами и Мобильное приложение Канал поступления обращения: По телефону Дата поступления обращения: : .. Ф--- Телефон: Номер ШПИ: Элект--- Суть обращения: не может оформить доставку на дом за р. адрес не входит в зону обслуживания.,Прочее,8878850cf6dec1176558912ebdb6370e6ee229c4e1cedb977f7a4a5498c588a9,545,1
38651250,"К--- В--- Ни--- Код для подключения приходит в центр уведомлений, но чтобы его посмотреть приходится прерывать сессию и заново перезаходить, потом код новый уже необходимо ввести, как быть, не получается подключить QR-код",Проблема с QR-код(подключение/отключение),e9b8999ff2c1f2a5c34fc9225d1a38c6d127afbc3d995ed2d688c30f4656986c,547,1
38651458,Тема письма: Акция с промокодами/Клиент не может оплатить промокодом/промокод исчез из МП Текст письма: Тематика: Акции с промокодами и Мобильное приложение Канал поступления обращения: По телефону Дата поступления обращения: : .. Ф--- Телефон: Номер ШПИ: Элект--- Суть обращения: не может оформить доставку на дом за р. адрес не входит в зону обслуживания.,Прочее,8878850cf6dec1176558912ebdb6370e6ee229c4e1cedb977f7a4a5498c588a9,548,1
38652732,Проблемы с подключением куар кода. Кравчинск---. Ответ предоставить клиенту на электронную почту.,Проблема с QR-код(подключение/отключение),07bfc83fd4f2466fc5b07d9d3f603bfc9f4d80e028801687e9b3d6a155ec0e6f,549,1
38652932,"Добрый день, клиент просит сменить номер телефона в своем профиле. Данные клиета В--- Али--- Новый номер телефона , старый + () -- не актуальный который указан в профиле",Проблема с данными в личном кабинете клиента,b8747426c37cdedc68857d3995472cf7545e7b276509275f0a5ce35f9d7badbd,550,0
38652949,"Тема письма: ИСО Текст письма: Добрый день. В ЦПК поступило обращение Захаровой В. по поводу улучшения работы МП. ТЕКСТ: Объясните, пожалуйста, почему при отправке почтового денежного перевода, получатель не получает электронное уведомление об отправке ему перевода в приложении, как это происходит при отправке посылок? Почему сотрудники поддержки все рассказывают разную информацию: на сайте, во вк, по телефону. Почему нельзя в любом отделении узнать идёт ли на моё имя перевод, если это не ""форсаж""? С уважением, Наталья Сорокина Ведущий специалист Группа по работе с обращениями Отдел по работе с обращениями физических лиц Заместитель директора Центр поддержки клиентов АО «Почта России» --- www.pochta.ru Это сообщение может содержать конфиденциальную информацию, которая адресована конкретным лицам. Если вы не адресат этого сообщения, то использование, переадресация, копирование или распространение содержания запрещено и влечет за собой ответственность.",Предложение по изменению,dcd67c073a41e6a50b97d4bc7defa6301593b897b32ade9a884694200fd5654f,551,0
38654122,НЕ ПРИНЯТЬ СПИСКИ ОТ ОРГАНИЗАЦИЙ ОФОРМЛЕНЫЕ ЧЕРЕЗ ЛИЧНЫЙ КАБИНЕТ. У НАС ГОС.КОНТРАКТЫ .,Ошибки загрузки страницы/зависания,c75fbca216f62045b272e9feaf971599ceb9f925d413ad57eeb75921f2dab0c8,554,1
38654253,"не могу подключить себе получение по QR-коду, хотя паспорт актуален на госуслугах и аккаунт привязан. Еще у меня подключено электронное извещение, но на почте мне сказали, что теперь это не работает и нужен QR-код М--- Иван Серге---",Проблема с QR-код(подключение/отключение),edfbef32be4c820528f6cc531662184bcdc22a590627771ba2b6cd857e4a15a4,555,1
38654550,Тема письма: Акция с промокодами/Клиент не может оплатить промокодом/промокод исчез из МП Текст письма: Тематика: Акции с промокодами и Мобильное приложение Канал поступления обращения: По телефону Дата поступления обращения: : .. Ф--- Телефон: Учетная запись: Электронная поч--- Суть обращения: Клиенту поступило уведомление о чужом РПО,Проблема с push/sms/email,a8f734fa4750f3799a1d94ffbace5c8bfe1f8201b3acbded240ef41b43de6795,556,1
38654613,"RP azare------ Ко мне в смс приходит всегда ""оцените кач наш работы"" , после получения каждого письма, я нажимаю и попадаю в приложение на окно с инф об.отправке и там нет поля комментарий , нет звёзд и прочего Какой смысл меня просить , переводить, если окно без ввода и оценок?? Зачем в это окно меня перекидывают , если оно не кликабельное? по ссылке оценки отправления переходит на страницу на скриншоте. Для полноценного анализа и помощи в вашем запросе необходимо указать дополнительную информацию: Модель устройства; Версия OC устройства; Полное название версии прошивки; Версия мобильного приложения, установленная на устройстве на данный момент; Видеозапись с воспроизведением ошибки с указанием даты и времени в которое была воспроизведена ошибка. ОТВЕТ КЛИЕНТА: Вопрос не в модели Вопрос в самих процессах на всех моделях андроид и вообще",Прочее,a665db47d4098f3cbdc2b0b7727961fc5e1301a7ca3e91c5716c37039d8ce702,557,1
38655024,Тема письма: Акция с промокодами/Клиент не может оплатить промокодом/промокод исчез из МП Текст письма: Тематика: Акции с промокодами и Мобильное приложение Канал поступления обращения: По телефону Дата поступления обращения: : .. Ф--- Телефон: Учетная запись: Электронная поч--- Суть обращения: Клиенту поступило уведомление о чужом РПО,Проблема с push/sms/email,a8f734fa4750f3799a1d94ffbace5c8bfe1f8201b3acbded240ef41b43de6795,559,1
38656417,Тема письма: Услуги для населения/Самостоятельная регистрация отправлений Текст письма: Тематика: Самостоятельная регистрация отправлений Канал поступления обращения: По телефону Дата поступления обращения: : .. --- Телефон: Эл--- Суть обращения: Клиент не может отменить доставку отправления за рублей в моб. приложении. В рамках ГЛ отмена не возможна. Просим проверить информацию и отменить доставку.,Проблема с ОПС/доставкой,a031ab811c7064b676c1903924cfc3c3e1ba7ed9d788aa6bf421f066791113b1,560,1
38657222,"Тема письма: Услуги для населения/Самостоятельная регистрация отправлений Текст письма: Тематика: Самостоятельная регистрация отправлений Канал поступления обращения: По телефону Дата поступления обращения: : ..--- Телефон: Учетная запись: есть Электронна--- Суть обращения: Сегодня на айфоне создавала отправления, но не может теперь найти трек номера этих отправлений.",Проблема с данными в личном кабинете клиента,da80a3e580a97c33d52346e1e6ed1e2602e069b5996d21f97f9b68977bcd9ffb,561,0
38658079,Добрый день. У клиента не формируется QR код,Прочее,08c6965c01368dd37aed63d7edaea8da370a21e9ed8ebf67537315bfc7bc876e,563,1
38658148,---т не может зайти в мобильное прелож по своему адресу идёт какой то сбой в системе,Ошибка в приложении (восстановление работоспособности),ae945f3bfc6b034828eabaa14b84adf55a6c44d780c5095c8a485ca7e9405af9,564,1
38659376,"Добрый день. При Партионом приеме загружаем файл в еас, но адрес отправителя отображается не корректно. почему так? Адрес ставим красноясрк ул. гладкова , а пишет Красноярсий, Саянский Гладково . Индекс ОПС: Номер окна: Номер телефона для связи с ОПС: Последовательность действий: Вносим в программу, загружаем документ в Партионный прием в ЕАС Время возникновения ошибки: .. :",Импорт списков из ЛК ЮЛ,53296f33f1aaf362a565449df6312a75496556660f30bad422aa71a05d80af02,565,1
38660216,"Добрый день! У к--- ----, в приложении было оформлено отправление. По приходу в отделение связи клиент передумала отправлять РПО. Оплата зависла в приложении и деньги не возвращаются. Само РПО так же зависло и не исчезает из приложения. РПО . Деньги клиенту так и не возвращены.",Не проходит оплата/возврат,b87fe6ed07b9af8673964af44fe1afe8924e3f9b506d60d8d56e16244555f4e8,566,0
38660262,"Тема письма: Мобильное приложение Почта России Текст письма: Добрый день, в RuStore было скачено приложение - Почта России, при попытке авторизоваться выдаёт ошибку : Невозможно войти в аккаунт, попробуйте позже. При проверке QR-кода, пишет такую же ошибку",Ошибка в приложении (восстановление работоспособности),7e31ee5920197183744c6b6f8caa90890466c5cc204e5178c1475ccaa4502f49,567,1
38660491,мобильное приложение - не работает. дня не прогружается. Белый экран с логотипом почты россии крутится. Л--- +,Ошибка в приложении (восстановление работоспособности),42b44a11673bab4086592ae7111dfde19ccd026b71a9ffcc43b65f520ac5f6df,568,1
38660507,При приеме простой корреспонденции не высвечивается договор организации. При ручном наборе договор тоже не найден.,Ошибки загрузки страницы/зависания,b0ca4ea4a33f78086550a009e766dd42c705300cc469a085fd225d75fb09b41b,569,1
38660741,"Тема письма: Тема отсутствует. Текст письма: Добрый день! Подскажите пожалуйста почему заблокирован мой доступ к сайту и приложению ПОЧТА РОССИИ. Нахожусь в командировке за границей,но это не повод лишать меня доступа к сервису.У меня в пути посылки и я не могу ничего отследить и дать возможность получить посылки супруге,имеющей от меня доверенность! С уважением Вялушкин А.А.",Прочее,d7aca392ac63f8a285facddd4c5a3e2a0f2ce8ed3125478fa13ef3bd6e47e4a0,570,1
38660960,"Тема письма: Описание проблемы Текст письма: Добрый день. Предыдущий смартфон Nokia xr, Андроид , в связи с умиранием аккумулятора, приобрёл HONOR и переношу все приложения. Приложение Почта России на Nokia работает хорошо, а вот на HONOR после установки приложения Почта России не работает авторизация с акаунтом. Мои да--- Скриншоты проблемы прилагаю С уважением Михаил.",Ошибка в приложении (восстановление работоспособности),dc36c4fe007b4cb8458cefc8d5ff3e6ab44487b1de84ba60e487ae6ca58d973f,571,1
38661350,А--- В--- С--- Телефон + Электронна--- Я захожу в приложения почта России воожу телефон и пароль и нечего не происходит я серьёзно Я не по льзуюся впн Сеть работает нормально,Прочее,cb6175b31e46227a39b6c7140e72ca1a7180a9a40ada1a229c616f1bdd8bae00,573,1
38662036,"Тема письма: Проблема с приложением Текст письма: Проблема такова. .На Русторе приложение более ранней версии, чем на Гугле. . Обновил приложение с Гугла и получаю вечную загрузку на экране -логотип Почта РФ и закорючку указывающую на загрузку данных. . Сношу кэш и данные - загрузка данных не прекращается, вечная. . Восстановил данные, загрузка вечная, НО, если ткнуть я ярлык, и удерживать его, то Андроид , предлагает выбрать - удалить приложение, параметры приложения и трек или добавить трек. Выбираю трек и захожу в приложение. Выхожу из приложения, путем закрытия Activity, запускаю через тап ярлыка и получаю вечную загрузку. . Проблема такова - после обновления на новую версию через Гугл - программа не убирает активити или фрейм с информацией о загрузке и тем самым не позволяет зайти в приложение. Примечание: Скринов нет, повторно париться с установкой новой версии и далее сносом ее - не буду. Подожду версию на Русторе, может у Вас политика такая - врагам фигню подсовывать. А Гугл это америкосы.",Прочее,53ba39e9aca5c70fbb30bad5ddf6f5aedb9ad417dc1abdaaf8de8880f6b4c546,574,1
38662386,Здравствуйте. при приеме РПО и последующей распечатки документы выдалась следующая ошибка,Ошибки загрузки страницы/зависания,5f4665574ef4285a36a332e79ee1c4dc04bb43de68f4b8c06aa722d9365575ea,577,1
38662772,Тема письма: Не удается оплатить за доставку посылки через приложение. Текст письма: Отправлено с iPhone,Прочее,8a015e8ee731f480982d386a6ff1416a0721a1a3c9dd222f36e7982550db3567,579,1
38663098,Тема письма: Тема отсутствует. Текст письма: Вопрос не решён. Мои отправленные письма не отображаются в приложении -- Отправлено из мобильного приложения Яндекс Почты,Автодобавление почтовых отправлений,179aca3b4ff97d4ba2631a91542619dc118101bef40356d69e90af5d5e32f8bb,581,0
38663101,"Тема письма: Услуги для населения/Самостоятельная регистрация отправлений Текст письма: Тематика: Самостоятельная регистрация отправлений Канал поступления обращения: По телефону Дата поступления обращения: : .. ФИ--- Телефон: Адрес заявителя: Московская обл, г. Видное, пос.совхоза им. Ленина, д., кв. Электронная поч--- Суть обращения: При отправке посылки через мобильное приложении, при указании адреса : Московская обл, г. Видное, пос.совхоза им. Ленина, д., кв., когда отправитель вводит номер квартиры, программа вместо дома предлагает дом к.. Это совершенно другой адрес. На сайте такой ошибки нет. Просьба исправить ошибку в приложении.",Проблема с адресами,d5fc9461bf1f87a4dd0104d38d530bee4edcbb6239f353fcd4dd039add51185d,582,0
38663179,"Тема письма: Тема отсутствует. Текст письма: Прога не работает сколько раз уже переустанавливал пишет невозможно войти в аккаунт попробуйте позже, и так месяц уже -- Отправлено из Mail для Android",Ошибка в приложении (восстановление работоспособности),22b391958b63040e615618bb12062480825a6e52ef4ba58e993a335c19eb3172,583,1
38663265,"Здравствуйте. Адрес в мп не вбивается, в приложении где указан Мой профиль ,информация о клиенте нет адреса,  г.Стерлитамак ул Химиков д кв А Д--- Дарья Вит---",Проблема с адресами,bb8c51ae3bcf6271ad126a5caee06f2af88a35c60e10bbc8a4b184211006c68e,584,0
38663324,"Тема письма: Почта России Текст письма: Здравствуйте! При попытке войти в аккаунт или набрать в поисковой строке приложения выдает "" невозможно войти в аккаунт,попробуйте позже"".",Прочее,448bfbad06350a2a63bfa475a6d997273b91505e7fa141e74e40b2e41c651ecf,586,1
38663383,Б--- Е--- Клиенту не поступает код при оформлении доверенности в смс. Уведомления только в самом колокольчике. Но в колокольчике не прочитать код. Для этого нужно прервать процесс создания электронной доверенности. Просьба предоставить ответ клиенту на эл---,Проблема с авторизацией/ЭЗП/Бонусами/Доверенностями,c24727d7cc4b61c0ba92b4055e99c97d79d29fc12fa4a1daad7ecd19104e5821,588,1
38663468,"Тема письма: Проблемы с учетной записью при входе в Мобильное приложение или сайт Почты России Текст письма: Тематика: Проблемы с учетной записью при входе в МП/Сайт Канал поступления обращения: По телефону Дата поступления обращения: : --- Телефон: Адрес заявителя: , Российская Федерация, обл Свердловская, г Екатеринбург, ул Ольховская, д. , к. , кв. Электронная почта клиента: . Суть обращения: Со слов клиента клиент обрат---сти электронную почту в приложении ,на ГЛ ему предоставляли консультацию и как говорит клиент ему отключили и затем опять подключили ПЭП , после чего у него изменились настройки и дата регистрации в приложении, на данный момент в приложении в моем профиле не показывает электронную почту , электронные извещения , электронные извещения не приходят и сервис электронные извещения теперь подключен с .. , а был подключен ранее , клиент просит вернуть ему старую версию",Проблема с push/sms/email,655b60dfb2da3dc166d984902098dc631003017b086fd0d8eb6bd4b13a728c31,589,1
38663499,Тема письма: Тема отсутствует. Текст письма: Отправлено с iPhone,Прочее,cdc88bce64183c735d707173ed1dd996747844b632a99eca412dabf722e9831c,590,1
38663538,"Ответ необходимо предоставить непосредственно клиенту на емейл С--- Юли---, андроид Вопрос клиента:Не могу зайти в свой личный кабинет",Проблема с авторизацией/ЭЗП/Бонусами/Доверенностями,451a11f80d453b05f63e747ba72c2f3014dfa63942c361e85420022091d295a8,591,1
38663924,РПО принято .. в партионном приеме. При подготовке почты к отправке выходит сообщение. Скрин прилагаю Индекс ОПС: Номер окна: Номер телефона для связи с ОПС: Последовательность действий: РПО принято .. в партионном приеме. При подготовке почты к отправке выходит сообщение. Скрин прилагаю Время возникновения ошибки: .. :,Формирование и закрытие емкостей,17e5df6afc4ed0128591513c37a489d4946090b66529184ef5bddc1dd544628f,593,1
38663961,"ДОБРЫЙ ДЕНЬ, НЕ МОЖЕМ ПРИЯНТЬ ПРЕДОПЛАЧЕННУЮ ПОСЫЛКУ В КУРСКУЦЮ ОБЛАСТЬ ВЫДАЕТ ОШИБКУ И С ГАБАРИТАМИ И БЕЗ. Завершены все дочерние запросы: Запрос: RP Услуга: Упрощенный прием РПО Вид запроса: Ошибка приема предоплаченного Результат работ: Возврат на переклассификацию Описание решения: Добрый день! Данная проблема не является ошибкой в работе плагина УП. Реализация плагина УП не подразумевает прием предоплаченных отправлений с нулевой стоимостью пересылки. Проблема отправки РПО в Белгородскую область и Курскую область решает на стороне портала, где должны заблокировать возможность оплаты картой нулевой стоимостью пересылки, т.е. такие РПО должны бать предзаполнненые а не предоплаченные Запрос необходимо передать на поддержку портала Pochta.tu для уточнения сроков реализации блокировки оплаты нулевой стоимости пересылки.",Прочее,8ead823f90fb54136eda56b25abb777abdbd42f53373c1687d09d21c5c80c5cd,594,1
38663992,"Ответ необходимо предоставить непосредственно клиенту на емейл Т--- ---. Вопрос клиента:Я не могу зарегистрировать адрес.И вводил данные, и копировал. Я уже указывал ---акже эти данные уже введены мной в профиле!!!Не получается ввести номер квартиры на этот адрес:Санкт-Петербург, Московский проспект, дом -, литера Б, кв. . На этот адрес мне уже много раз приходила почта, поэтому адрес правильный. Я уже заново переустанавливал приложение, но это ничего не изменило.",Проблема с адресами,b3257e4866bba0c77a8b7502398a59faf15dd02f8899d981cd82894b61b7c14a,595,0
38664907,"Ответ необходимо предоставить непосредственно клиенту на емейл С--- Юли---, андроид Вопрос клиента:Не могу зайти в свой личный кабинет",Проблема с авторизацией/ЭЗП/Бонусами/Доверенностями,451a11f80d453b05f63e747ba72c2f3014dfa63942c361e85420022091d295a8,598,1
38666170,"Добрый день! при загрузке списка, произошло задвоение, возможно удалить пустой список ? ТРАНСОТ, ООО No ОТ .",Формирование и закрытие емкостей,e21e284de5a89312c1ab917be078e888be583a21f6049c12c7f5d770df95777c,600,1
38666816,"Добрый день! В ИСО поступило обращение No следующего характера. Как помочь клиенту?Тема: Обращение КЦ Текст: Тематика: Дополнительные услуги и сервисы Подтема: Работа систем Канал поступления обращения: по телефону Дата поступления обращения: .., : Тип заявителя: физическое лицо ----- Теле--- ШПИ/номер: Номер ОПС, адрес: Индекс издания, адрес доставки: Суть обращения: отправитель в МП отправлял телеграмму, но система оформила заказное письмо из Сургута в Нижневартовск хотя отправитель отправлял из города Нижневартовск, просим разобраться в данной ситуации.",Прочее,9f1e49c793445fa1dec0dd50f019da6efb42a3325a7bc4fdcbecd5d019beb3bb,601,1
38668689,Тема письма: Не приходит сообщения о поступление на почту России кориспонденции. Текст письма: -- Отправлено из Mail для Android,Прочее,60c99b5f36dc718883119ac3bbae439b58ad6d61904c1b4c9270e7f712828157,604,1
38669048,"ПОВТОРНО А--- рпо рпо смс уведомления получателя заказаны, но смс не пришли.",Проблема с push/sms/email,6b5e125e511ebf090b02a68792647f53216d2bac870f254ffcc29c54b46f1415,606,1
38669767,".. в партионной почте были приняты посылки от ООО Селтоп. В систему они не попали. При сканировании в приеме партионной почты программа пишет, что РПО уже принадлежат ранне обработанному списку. РПО , , , . По отслеживанию они даже не приняты в нашем ОПС Индекс ОПС: Номер окна: Номер телефона для связи с ОПС: + () Последовательность действий: Прием партионной почты Время возникновения ошибки: .. :",Передача статусов в Трекинг,ca6151d9fd3ec681d6f3906bc12a5aeae2f6412b60ffee9602042c356c56a0ce,609,0
38669835,"RP- этот номер закройте. работает по новым запросом. Ч--- Алексей И--- Подключено всё что возможно Треки не отображаются в лк при автодобавлении и нет электронных извещений. Ситуация уже длится с осени года, но до сих пор ни отправленные, ни входящие не отображаютсяУ меня сейчас нет треков, ведь они не отображаются в приложении до сих пор! Уточните, пожалуйста, пример трек-номера РПО, с которым возникло затруднение. Здравствуйте! Из последних: EDRU - отправленное и во вложении - ожидает на данный момент в почтовом отделении. С уважением, Алексей",Автодобавление почтовых отправлений,1574ad7be9d295497b0d70447578b8e2435d6cff3b9010459f620b8a1fec52c3,610,0
38670094,не можем получить пуш для восстановления пароля в лк пр. клиент зарегистрирован в системе. В спаме нет сообщений от почты россии,Проблема с push/sms/email,604ebfceb88b3f8fbc2d438e3a03dcbb8acc00542a9c43575f8023fb03764d75,611,1
38671191,"Добрый день. В ОПС не получается принять списки писем от Арбитражного суда, ошибка во вложении. Скрины от клиента прилагаю. В чем может быть ошибка?",Импорт списков из архива ф.103 (zip-архив),ee26cf5bcba49054ff9753854281ac6a986e5ad2c964b83704e65c6b43257c3a,613,1
38671226,"RP- это первый запрос. В него не могу добавить комм. П--- Не получается открыть QR-код, скриншот ошибки не могу сделать, так как скидывает не дает зайти в приложение, переустановка и обновление не помогают. Только нажимаешь на куар код сразу просит пороль, пароль восстанавливаю и тоже самое. Необходимо вводить пин-код от Вашего мобильного устройства при оформлении (или использовании) QR. В случае ошибки укажите номер телефона и электронную почту, на которые у вас зарегистрирована учетная запись, прикрепите полноэкранный скриншот ошибки. --- фото ошибки не могу отправить не пускает в приложение !!!",Проблема с QR-код(подключение/отключение),d94b0d7ed238f45b504298dfd993dbac02465971db7403116ef6d53c7a61d855,614,1
38671328,"Тема письма: Акция с промокодами/Клиент не может оплатить промокодом/промокод исчез из МП Текст письма: Тематика: Акции с промокодами и Мобильное приложение Канал поступления обращения: По телефону Дата поступления обращения--- Телефон: Электронная почта кли--- Суть обращения: Прошу удалить мою платёжную карту с МП, т.к. при оформлении отправления ко мне не приходят никакие уведомления о списании и при оплате не приходят никакие запросы на подтверждения оплаты. Оплачивать буду при отправлении в ОПС.",Прочее,af6209dfbc755772666736ac1b695c88220de2d809804da6ff249822fd82fc93,615,1
38671329,"Тема письма: Проблемы с приложением ""Почта России"" Текст письма: Здравствуйте. Пишу по просьбе описать проблему в ответе на мой отзыв на Google Play. Установил приложение по ссылке Google Play на официальном сайте pochta.ru. При первом запуске получил сообщение, что у меня старая версия (напоминаю, только что установленная!) и ее необходимо обновить. Обновил. Запустил. При нажатии кнопки ""Использовать QR"" появилось сообщение ""Ошибка синхронизации даты и времени"". Что за ошибка? Появляется только в приложении ""Почта России"". В других приложениях, в т.ч. финансовых, ничего подобного нет и не было. -- С уважением, Вадим.",Ошибка в приложении (восстановление работоспособности),d864ade1dbb214b7e82c725745a32412a3a7e0a7a46579d802a914c4bb0d34e5,616,1
38671861,"Добрый день, при партионном приеме рпо выходит ошибка. Клиент утверждает что все сделал правильно. Такая ошибка выходит когда в списке одно отправление. Индекс ОПС: Номер окна: Номер телефона для связи с ОПС: Последовательность действий: . Время возникновения ошибки: .. :",Ошибки загрузки страницы/зависания,4a18cb2fc6934dd3734a62454b0283dd3090c52d59483315c129876b67f69ca5,617,1
38672000,"Добрый день! При импортировании файла в priem.pochta.ru для приема КПО возникла ошибка (прилагаю скриншот). У клиента ООО ""Эльф"" данные указаны корректно. Прошу разъяснить причины проблемы. Ниже сам файл с данными клиента использованный для импорта.",Импорт списков из архива ф.103 (zip-архив),63b04c0c513315b9de1fff24fc87bf4681bc7f687014ba8d8e1e48fed88f01c4,618,1
38672362,"Тема письма: Акция с промокодами/Клиент не может оплатить промокодом/промокод исчез из МП Текст письма: Тематика: Акции с промокодами и Мобильное приложение Канал поступления обращения: По телефону Дата поступления обращения--- Телефон: Электронная почта кли--- Суть обращения: Прошу удалить мою платёжную карту с МП, т.к. при оформлении отправления ко мне не приходят никакие уведомления о списании и при оплате не приходят никакие запросы на подтверждения оплаты. Оплачивать буду при отправлении в ОПС.",Прочее,af6209dfbc755772666736ac1b695c88220de2d809804da6ff249822fd82fc93,619,1
38672402,Тема письма: Акция с промокодами/Клиент не может оплатить промокодом/промокод исчез из МП Текст письма: Тематика: Акции с промокодами и Мобильное приложение Канал поступления обращения: По телефону Дата поступления обращения: : .. --- Телефон: Учетная зап--- Электро--- Суть обращения: Клиент требует возврат денежных средств за неоказанную курьерскую доставку.,Прочее,e63559389bca63a33e32717f82b8de70647ecdaa9831eca3e639eb3a636c445b,620,1
38672409,Индекс ОПС: ---ходим доступ--- Электронная почта для отправки логина/пароля--- Дополнительная информация: Прошу предоставить права администратора,Создание и изменение пользователя с правами Администратор,4ea7214530c59008da7b0fd1093a9d508dc49a198487801a693a7d642a146d15,622,0
38672785,"Добрый день. Коллеги, в базе прием.ру ф. а формируются не в соответствии с планом направления. План сортировки настроен корректно. Пример: ф. сформировалась в соответствии с планом направления на МР ЛЦ ВНУКОВО ЦЕХ EMS УО , а вот ф. а формируется на МОСКОВСКИЙ АСЦ, хотя в плане направлений изменена адресация на МОСКОВСКИЙ АСЦ ЦЕХ ЛОГИСТИКИ.",Формирование и закрытие емкостей,8e469c87f7c771eacc4bbf455148830da72da50ef68c42686029357d1c775fd3,625,1
38673839,"Запрос клиента: ""Не получается пдключается QR-код. Просим обновить информаци паспорта. В госуслугах все обновили и вся инфа полностью совпадает с инфой в прилолжении почты россии. Вся информация в профиле заполнена. Электронная подптсь подключена. Ползунок просто не кликабельный и даже переустановка приложения не помогла"" Фарахова Ма--- Просьба предоставить ответ на электронну---",Проблема с QR-код(подключение/отключение),17455c09f04cd4e8bf8ecd168e0681c9d4eefd2dd1aa98988c7de56ef90117da,626,1
38673945,"Добрый день . при приеме писем поступающие с ИВЦ поизошел сбой , А именно, когда оператор окончил прием и вышел на печать квитанции, программа отклонила список автоматически( вышло сообщение список удален), список загрузила снова, но результата не дает.хотя при загрузке файла система выдала сообщение , что прием списка можно начинать через минут, прошло часа список принять не дает возможности. список эк восток т служба спасения список Индекс ОПС: Номер окна: Номер телефона для связи с ОПС: - Последовательность действий: партионный прием Время возникновения ошибки: .. :",Импорт списков из ЛК ЮЛ,d84f35b56fb47babbfe7ff16f895708fbf7430b6327ce3e5a94982f33e6f20bb,627,1
38673994,"здравствуйте, Пришла неактивная ссылка на электронный чек. После отправки письма с описью и уведомлением от почта РФ пришла ссылка---. Кликаю, кликаю и ничего не происходит, ни перехода, ничего Ма---Маргар---",Ошибка в приложении (восстановление работоспособности),de57452b09765ea2efbc71451b83a18d6fa75e8f65e8d08fd57162aa9f1f8896,628,1
38674288,"Добрый день, требуется убрать статусы с РПО отправка в Кладовую Хранения , оставить только статус прибыло в ОПС . Список РПО: Индекс ОПС: Индекс ДТИ (выделенный участок):",Проблемы в работе ИС Возвраты,33a69557c074787f12ac30360acd2651b4ca1e05a80238c9072861404b8aaecc,629,0
38674395,Тема письма: Акция с промокодами/Клиент не может оплатить промокодом/промокод исчез из МП Текст письма: Тематика: Акции с промокодами и Мобильное приложение Канал поступления обращения: По телефону Дата поступления обращения: : .. ----- Суть обращения: При отправке не выбирается почтовый адрес . г. Барнаул ГВАРДЕЙСКОЙ ДИВИЗИИ Д. а к. кв.,Прочее,8dd15a74451b8cb94e8097db9fc16c8dc67f3b0fd7dd29ae56c7285a2309de1f,630,1
38674463,"Тема письма: Услуги для населения/Самостоятельная регистрация отправлений Текст письма: Тематика: Самостоятельная регистрация отправлений Канал поступления обращения: По телефону Дата поступления обращения: : .. ФИ--- Телефон: Электронная почта --- Суть обращения: Из ЛК в МП не возможно отправить заказное письмо, при оплате сняли по р с двух карт.",Не проходит оплата/возврат,3d15ad2b21c38816ab1afa8b58f34d3ff3f952a940870fab71854534e73aeb9a,631,0
38674473,"К--- не может войти в приложение введен адрес, введен код, а на экране крутится кружок загрузки и всё. Приложение полностью переустанав---",Ошибка в приложении (восстановление работоспособности),b6d3e095a1a4e8b3211fd527f8380c8ebf10984bb777eda465b333e4c05edd40,632,1
38674569,"Тема письма: Услуги для населения/Самостоятельная регистрация отправлений Текст письма: Тематика: Самостоятельная регистрация отправлений Канал поступления обращения: По телефону Дата поступления обращения: :--- Телефон: Номер ШПИ: , , Учетная--- Электронн--- Суть обращения: Не видно движения по трек номеру в приложении Почта России",Прочее,eae4ec96de46675d5aa565ed0654294d73e92be2e19e206cab08a705e847fc9c,633,1
38674803,Тема письма: Акция с промокодами/Клиент не может оплатить промокодом/промокод исчез из МП Текст письма: Тематика: Акции с промокодами и Мобильное приложение Канал поступления обращения: По телефону Дата поступления обращения: : .. --- Телефон: Номер ШПИ: Электронная п--- Суть обращения: у клиента нет возможности отследить отправление на сайте ПР. просьба устранить данную проблему.,Прочее,cd1f3ecaee21be919833141aa507e13bff9b6fb70f9162b188e2c6bfb17063a7,634,1
38675215,"Добрый день. Не подтверждает прием простых писем по списку (Партия ) от .. отправитель АО СРТС, способ оплаты ЗОО (ZQQJPUFGS, ZQQCUFH). Индекс ОПС: Номер окна: Номер телефона для связи с ОПС: Последовательность действий: ПРИЕМ ПАРТИОННЫЙ Время возникновения ошибки: .. :",Импорт списков из ЛК ЮЛ,5435741f3089f9d4ee0129f4534ad4daff66f743fea8d3d5e3567de1c3694def,635,1
38675380,"День добрый, не работает приложение уже дня . С интернетом все нормально, обновляла и переустанавливала, не помогло. . Ч--- В--- Серге--- . Xiaomi t . Версия андроида . Версия приложения ... Ответ необходимо предоставить непосредственно клиенту---",Ошибка в приложении (восстановление работоспособности),21a003de905e5b52416d136e99ce0066d005a83fb0f699fa39fb1b2a53ff1078,636,1
38675662,"День добрый, не работает приложение уже дня . С интернетом все нормально, обновляла и переустанавливала, не помогло. . Ч--- В--- Серге--- . Xiaomi t . Версия андроида . Версия приложения ... Ответ необходимо предоставить непосредственно клиенту---",Ошибка в приложении (восстановление работоспособности),21a003de905e5b52416d136e99ce0066d005a83fb0f699fa39fb1b2a53ff1078,637,1
38675809,Тема письма: Акция с промокодами/Клиент не может оплатить промокодом/промокод исчез из МП Текст письма: Тематика: Акции с промокодами и Мобильное приложение Канал поступления обращения: По телефону Дата поступления обращения: : .. ----- Суть обращения: При отправке не выбирается почтовый адрес . г. Барнаул ГВАРДЕЙСКОЙ ДИВИЗИИ Д. а к. кв.,Прочее,8dd15a74451b8cb94e8097db9fc16c8dc67f3b0fd7dd29ae56c7285a2309de1f,638,1
38675853,"Запрос клиента: ""Не получается пдключается QR-код. Просим обновить информаци паспорта. В госуслугах все обновили и вся инфа полностью совпадает с инфой в прилолжении почты россии. Вся информация в профиле заполнена. Электронная подптсь подключена. Ползунок просто не кликабельный и даже переустановка приложения не помогла"" Ф---М--- Просьба предоставить ответ на электронну---",Проблема с QR-код(подключение/отключение),17455c09f04cd4e8bf8ecd168e0681c9d4eefd2dd1aa98988c7de56ef90117da,639,1
38675872,Нет иконки qr кода и опции подтвердить личность с помощью qr кода в профиле. Г--- Ма---,Проблема с QR-код(подключение/отключение),96378dd81b34d37ec40378d3a7a297c7eba454c412832bff2d64731c5aff79cc,640,1
38678269,"Тема письма: Тема отсутствует. Текст письма: Извините не туда отправила... в общем вот прикладываю вам скрин, я что только не делала , но старый номер не меняется, мой новый номер , а старый вроде бы такой. Не пропускает меня на электронную подпись, хотя в госуслугах все четко и новый номер... Отправлено с iPhone",Прочее,a3340491d1b97591de34f7f2f8d80c82d6f8e315871f6f676f6435bbb2e7a7e9,649,1
38678827,Добрый день. не работает партионный прием Индекс ОПС: Номер окна: Номер телефона для связи с ОПС: Последовательность действий: прием партинной почты Время возникновения ошибки: .. :,Импорт списков из архива ф.103 (zip-архив),ffeec6c54705c6528cc2038b9b429b1afa78628462f7c90a9931dd1274e49fbd,651,1
38679198,"Кулишенко Наталья --- не открывается QR-код, только скачала приложение. Ввожу блокировку экрана, Ничего не происходит.",Проблема с QR-код(подключение/отключение),65a7bdd00a86401199733cf1e2cfa150c2c76836ff6434fd162002a23b2d355d,652,1
38679735,"Добрый день! При приеме РПО в ИС Сервис priem.pochta.ru информация о приеме отражается в журнале РПО ЕАС ОПС без конечного статуса Индекс ОПС: Номер окна: Номер телефона для связи с ОПС: ; ---- Последовательность действий: Нет конечного статуса в ЕАС ОПС Время возникновения ошибки: .. : Завершены все дочерние запросы: Запрос: RP Услуга: ПС. Сопровождение ЕАС ОПС Вид запроса: Устранение инцидента Результат работ: Возврат на переклассификацию Описание решения: Добрый день. Инцидент необходимо перекласифицировать на сервис SFE. На примере РПО с ШИ . Согласно топика EO-TYPE-OPERATIONS_RPO, на портале КШД сообщения с операцией . от сервиса SFE отсутствуют:",Формирование и закрытие емкостей,23b5c1a01272181732ae685a163c1ef27f79caaf4a9543bea993fd4b65c64eee,655,1
38680071,"Тема письма: Услуги для населения/Самостоятельная регистрация отправлений Текст письма: Тематика: Самостоятельная регистрация отправлений Канал поступления обращения: По телефону Дата поступления обращения: :--- Телефон: Электрон--- Суть обращения: Коллеги, при отправки ЭЗП при оплатить и отправить у клиента возникает ошибка что-то пошло ни так",Проблема с авторизацией/ЭЗП/Бонусами/Доверенностями,7ceb7d6ce8a8c81f7f4000b484220f9d7c4bae76f9287df224585a7d2c63dcb0,656,1
38680784,"Тема письма: Тема отсутствует. Текст письма: Здравствуйте! Проблема в том что когда я захожу на почту России, то приложение очень долго грузится и потом показывает,войдите позже либо произошла ошибка. И не показывает обновления где посылка находится.",Ошибка в приложении (восстановление работоспособности),c3c2fcc579872d1209118ed0662cc0b779cc7293b0d6ab171f10506643bbc628,658,1
38681314,"Здравствуйте! после приема EMS отправлений не дает сформировать паллет для дальнейшей отправки это касается ""хрупких грузов"" среди которых отмечена бытовая техника, консервы, мед оборудованием и посылки с неизвестным нам наполнением они не всегда зависят от размера и массы Проблема - не сформировать прямой паллет для отправки пока что приходится закрывать емкость как контейнер и сдавать на участок ЕМС Можно как то обойти эти ограничения ? дальше эти емс все равно пойдут паллетом",Формирование и закрытие емкостей,89fb21421078eed03bc7a04c8fc3f1dc68a6a5f65e6bd8d3a2fb6dbe7d6d83cc,659,1
38681377,принятые сегодня в партионном приеме РПО не проходят в исходящую емкость и не отображаются в журнале РПО Индекс ОПС: Номер окна: Номер телефона для связи с ОПС: Последовательность действий: Время возникновения ошибки: .. : Завершены все дочерние запросы: Запрос: RP Услуга: ПС. Сопровождение ЕАС ОПС Вид запроса: Устранение инцидента Результат работ: Возврат на переклассификацию Описание решения: Добрый день. Запрос необходимо передать на поддержку плагина партионной почты. По указанным РПО в ИС СОРПО отсутствует операция Прием,Импорт списков из ЛК ЮЛ,a615342d744fd8ae363e2537aa185451db9e11870c6cda3ca94bbbff4b5f46c2,660,1
38681388,принятые сегодня в партионном приеме РПО не проходят в исходящую емкость и не отображаются в журнале РПО,Формирование и закрытие емкостей,aa8398cc811e948a5284da15650baf9322ca7302628950151dc43d6b8ddee2f0,661,1
38681443,"LKCN отправление вышло в заявки на доставку, хотя по системе прошло вручение. Индекс ОПС: Номер окна: Номер телефона для связи с ОПС: Последовательность действий: Время возникновения ошибки: .. :",Проблема с ОПС/доставкой,12fa7ac3ce7bf2df1d67aafa603f591a5229d4e09db208f70b914e8733dd48dc,662,1
38681574,"Ответ необходимо предоставить непосредственно клиенту на емейл А--- --- Вопрос клиента:Пытаюсь отследить отправление. Не выводит В мобильном приложении пишет, мол, более отправлений на отслеживании так все с десяток отправлений, никак не",Ошибка в приложении (восстановление работоспособности),d560e08184c259a55bf42236c2783f4a7fb4e43d95ace4aefb8d30662b5b93c9,663,1
38681696,Добрый вечер! Не проходит по ф- рпо А--- С---,"Проблема с печатью, открытием, формированием документации",93ff44beff29433d84a8476a9d9d3e9e4a2cddcdae377f301a322abade18b896,664,0
38682192,"просьба создать логин и пароль в партионную почту на портал priem.pochta.ru, для приема от ЮР лиц",Создание и изменение пользователя с правами Администратор,1b03dde99d8363b026a334b55e475a1371ec18c346be49343301bd11cc03a1dc,665,0
38683030,"Алефиров --- Вопрос клиента:Пытаюсь отследить отправление. Не выводит В мобильном приложении пишет, мол, более отправлений на отслеживании так все с десяток отправлений, никак не",Прочее,1c71a89a5606f9046eda940f0433de4a5d30911d16087a984336651f16147558,667,1
38683060,"При принятии партионного приема не принялось отправление РПО . В системе на отправку РПО не ложится на отправку пишет, что нет в кладовой.",Формирование и закрытие емкостей,e6a8252b158b5cc7aa6f1e38ad402de722fc72ee18b7bce2b9ab72ac4b2e12fe,668,1
38683158,Системой мониторинга обнаружена проблема: Описание: Оформление треков: Ошибка Узлы сети: Последние значения: Время возникновения проблемы: -- : Уровень проблемы: Высокий Заявка создана автоматически.,Событие из системы мониторинга,3e61dbac9de4f33def43d400edbb3a5ff6f081e4da6ea2b8b10c73d20e8f15b2,669,0
38684332,"Добрый день. Клиент внес изменения в паспортные данные .. г.. Со слов клиента, сейчас возникает проблема при получении РПО при помощи QR кода. В ОПС у сотрудника пишут, что код не верный. Обновляла, переустанавливала приложение, проблема сохраняется. Просьба разобраться в ситуации. А--- Анаст---",Проблема с QR-код(подключение/отключение),171ba4054d17be47f004d901824688cf1e14f0c0fb51039027779c7167af683e,672,1
38684569,"Здравствуйте! П--- Т--- С---, тел. Незнакомые отправления в приложении. Просьба удалить.",Ошибка в приложении (восстановление работоспособности),c49fe312ee82ba92822e7679142c739bdd695886b907255480a9c62ede374730,673,1
38684996,"Здравствуйте, коллеги. ШПИ: Прошу проверить корректность даты приема, т.к. операция приема идет после операции вручения. Скрин прикрепляю",Передача статусов в Трекинг,5ff00ff41d32553fdb640fd35cee9eddbfc86f038cda107c70c9d53af2e5ef0d,674,0
38685742,Тема письма: Запрос_отлично! Текст письма: Спасибо за быструю реакцию и активность в решении проблемы ))),Прочее,273d67960be59a7815ca2c90ae6301e0804ee83aaf4e3c1882cee424a184052b,677,1
38686577,Добрый день. Не принимаются письма по партионке. Постоянно выбрасывает на окно приема. Индекс ОПС: Номер окна: Номер телефона для связи с ОПС: Последовательность действий: п Время возникновения ошибки: .. :,Ошибки загрузки страницы/зависания,dd2097219b02171d8f1c67e57c27b1ffce9fdbc9956b8c22c0de701c6cb43ece,678,1
38686703,"при приеме ф, через программу Pre Post загруженный фал выдает следующую ошибку Индекс ОПС: Номер окна: Номер телефона для связи с ОПС: Последовательность действий: партион прием Время возникновения ошибки: .. :",Импорт списков из архива ф.103 (zip-архив),d3742ae71f1c12840b5913bb0dbea75d44173ffb1c5baedd48a3598b23e10d27,679,1
38687366,"Добрый день! При приеме простых писем через партионный прием, Судебный департамент при Верховном Суде РФ ИНН выходит не верный номер договора, верный номер СД-ю/. Скрин прилагаю Индекс ОПС: Номер окна: Номер телефона для связи с ОПС: Последовательность действий: прием Время возникновения ошибки: .. :",Импорт списков из ЛК ЮЛ,fefe8c7ae94a1563fb169dc22ed795c065f77af9409245f52c8fef8f28db6144,680,1
38688115,"RP- первый запрос. в него не могу добавить комментарий, поэтому этот за---с изменения в паспортные данные .. г.. Со слов клиента, сейчас возникает проблема при получении РПО при помощи QR кода. В ОПС у сотрудника пишут, что код не верный. Обновляла, переустанавливала приложение, проблема сохраняется. Просьба разобраться в ситуации. А--- Анаст--- КЛИЕНТУ: Просьба обновить паспортные данные обратившись с паспортом в ближайшее отделение почтовой связи или на сайте по ---/pmu/application/update-pep?type=profile , после чего повторить попытку подключения qr-кода и уточнить актуальность проблемы ОТВЕТ КЛИЕНТА: Уже обновляли два раза данные в отделении.",Проблема с QR-код(подключение/отключение),33c45315f1b68ca87da73cb19e94be2208213a6addb460299ff15e9113897ef0,682,1
38688540,При приеме посылок не вышли чеки окно,Проблемы в работе Silkway,6d53a0ecc8c6abe0a306f281e8c44a82df3b60437284c2a27d4f68677d3c8b70,683,0
38689823,"Тема письма: исо Текст письма: Добрый день. Поступило предложение клиента по улучшению мобильного приложения. Тема: Обращение КЦ Текст: Тематика: Предложение Подтема: Предложение по улучшению технологий Канал поступления обращения: по телефону Дата поступления обращения: .., : Тип заявителя: физическое лицо ---е): Э--- З--- М--- --- ШПИ/номер: Номер ОПС, адрес: Индекс издания, адрес доставки: Суть обращения: Недоволен работой искуственного интелекта, сложно оценить работу ОПС через МП с учетом доступности этой программы для речевого доступа под управлением андройд, программы для незрячих нет в доступности, просьба улучшить сервис и предоставить ответ Ведущий специалист Группа по работе с обращениями Отдел по работе с обращениями макрорегиона Южный Заместитель директора Центр поддержки клиентов АО «Почта России» --- www.pochta.ru Это сообщение может содержать конфиденциальную информацию, которая адресована конкретным лицам. Если вы не адресат этого сообщения, то использование, переадресация, копирование или распространение содержания запрещено и влечет за собой ответственность.",Предложение по изменению,0878e6606c79dccce6a8ea8564de39b9cf92e2e0354828978f470acbbf9c03f3,684,0
38689956,Симдян--- Почему не могу оценить работу отделения? Хочу оценить работу отделения но выдаёт ошибку. Другие отделения могу оценивать а этот нет. За сутки других оценок не было. В прошлом месяце тоже самое было.,Проблема с ОПС/доставкой,e819860277ec12ebe950ce58f8c2a9eb4f0bbc6e55a9e3b16060c1581c404f0d,686,1
38690567,Гребенюк Владими--- это заказ Я получил письмо а оно до сих пор весит что я не получил. В ОАСУ РПО указано вручение.,Ошибка в приложении (восстановление работоспособности),84dae3e13a7353e397d8f59f54532a48f8ff7f9edb84170097b69803101c3454,689,1
38690806,"Добрый день. В центр поддержки клиентов обратился клиент (обращение ), в котором он жалуется, что: РПО не отоброжалось в приложении.Информацию о РПО появилась только .. г. Просьба помочь. Спасибо.",Ошибка в приложении (восстановление работоспособности),821e10e9e242c6064dd3b8c735cf7669cecafa43281503c9b4949c8d214c24fe,691,1
38691436,"Добрый день. Не возможно настроить интеграцию весов (подключение через COM-порт). Сервис не видит подключенные весы. См. скриншот. Действовали по предоставленной ранее инструкции. см. вложение. Требуется актуализация инструкции и предоставление рекомендаций по подключению весов к сервису. Ссылка ""Оборудование"" не открывает новую страницу!","Проблема с печатью, открытием, формированием документации",5017fdc8dc1dc4460f6781ea34c8cb53ed1ddd4086b8759ffa256d042a9126db,695,0
38691479,---ч Телефон: Номер ШПИ: Электронная--- Суть обращения: Клиенту ошибочно поступило уведомление о данном отправлении. Просьба информацию проверить и предоставить развернутый ответ,Проблема с push/sms/email,6c14593466059cd7143a104061396ce0d31656af68a8e8f3efe06339fa500b9c,696,1
38691709,"добрый день просим ,помощи в установлении знаков ЗОО на письмах",Формирование и закрытие емкостей,66f917eef5461bc1ba0c424192f552475cf8f60645968ffad4fab785cc5213d7,697,1
38692097,"Б--- Ю--- А--- Добрый день При смене номера телефона не работает теперь QR, пишет что нет ПЭП Но она подключена и на госуслугах тоже все изменено Направляю скрины. В отделении почты тоже пробовали менять, все везде корректно указано Номер телефона везде изменен. Я взаимодействую с почтой почти каждый день и мне необходимо чтобы работал QR. Надеюсь на ваше оперативное включение и решение проблемы.",Проблема с QR-код(подключение/отключение),9c3bbd6a33ac956d6e55d4964bbb76a333f7ab1daab091a001f0e11ffea27e8b,698,1
38692138,"Здравствуйте. При оформлении предзаполненного письма в личном кабинете система выдает ""не можем найти такой адрес"" причём, адрес корректен. , Московская обл., г.Краснознаменск, ул. Автомобилистов, зд. стр. Деми--- + просьба направить ответ клиенту на эл.почту,пожалуйста.",Проблема с адресами,7c5425788bc7b68ef764e2e46f3e32a1fc585c066c4e6dc1fd533a8a68cbe3c9,699,0
38692237,"Не могу оплатить по сбп,выдает ошибку Г--- Даниил Ев---",Не проходит оплата/возврат,8ffa4f945b86adbf483bc79cd37e0234e42add380cf80a71c1e7d4acd5c03333,700,0
38692894,"Не получается оформить доверенность на год, выбирается на месяц. Ф--- А---. Ответ предоставить клиенту на электронную почту.",Прочее,4dbebdf8dfb49c3b030a7da8e434f4a4b5302bee7e856fd3416859ca3bc06dc7,703,1
38692925,"Добрый день! Просьба предоставить доступ к партионному приёму, вручению , приему возврата, доставке заместителю начал--- таб. номер VOR-.",Создание и изменение пользователя с правами Администратор,8d1be877cf07d6444d798477ee4276009387e5da2860287ac70532e42afff5ae,704,0
38692958,"Тема письма: Проблемы с учетной записью при входе в Мобильное приложение или сайт Почты России Текст письма: Тематика: Проблемы с учетной записью при входе в МП/Сайт Канал поступления обращения: По телефону Дата поступления обращения: : .. ФИ--- Телефон: Электронн--- Суть обращения: На андроиде установили МП Почты России ... не могут войти в МП, выдает: неизвестная ошибка, обратитесь позднее.",Ошибка в приложении (восстановление работоспособности),982b191adfa85c5d1ae609ae173e21474ae7061e8f6d90fc48db93504200fcdd,705,1
38694471,"Просим внести в программу направления ЛЦ Внуково- УАОСПП и МПКО-Восток, Цех No",Формирование и закрытие емкостей,4f32ff1a342e843f3443f02cc86d5bb575cb3c312c9a3357edf923bbfd8450b4,709,1
38694498,Прошу отменить доставку РПО LKCN в мобильном приложении. т.к. клиент дома не находится. Желает получить РПО самостоятельно в ОПС . В мобильном приложении отменить заявку нет возможности.,Проблема с ОПС/доставкой,5976a64c38f2d295616eb6ae50c9569a90bb83a2dac5c8115660048be49f9e86,710,1
38694798,"Тема письма: Проблемы с учетной записью при входе в Мобильное приложение или сайт Почты России Текст письма: Тематика: Проблемы с учетной записью при входе в МП/Сайт Канал поступления обращения: По телефону Дата поступления обращения: : .. ФИ--- Телефон: Электронн--- Суть обращения: На андроиде установили МП Почты России ... не могут войти в МП, выдает: неизвестная ошибка, обратитесь позднее.",Ошибка в приложении (восстановление работоспособности),982b191adfa85c5d1ae609ae173e21474ae7061e8f6d90fc48db93504200fcdd,711,1
38694810,"Добрый день. Поступило обращение Тема: Без темы Текст: Не могу войти в приложение. Код подтверждения отправляю,, пишут- данная почта уже используется,, правильно, я её использую,,, что делать? Надо отслеживать посылку.",Ошибка в приложении (восстановление работоспособности),f7a82edb981400020aec9b69fe8cc02afe2215e2ea8271d6336fa0bedc0438e1,712,1
38695272,Тема письма: Проблемы с учетной записью при входе в Мобильное приложение или сайт Почты России Текст письма: Тематика: Проблемы с учетной записью при входе в МП/Сайт Канал поступления обращения: По телефону Дата поступления обращения: : .--- Телефон: Номер ШПИ: ******** Электронная--- Суть обращения: Не могу войти в моб. приложение. Прошу устранить ошибку.,Проблема с авторизацией/ЭЗП/Бонусами/Доверенностями,aa50f34be724e1d5f617e0270f079feaa41fade9ecff6608c0a3534aa74a97d2,713,1
38695336,"Добрый день. не обработать списки из заданий No-, -,- от корпоративного клиента ГОКУ ""НовгородАвтодор"". Загрузили повторно списки из АСУ-ГП, при импорте в Плагине ПП сообщение: При попытке провести РПО списка, например (список задание -): Остальные задания обработаны, плагин работает. Индекс ОПС: Номер окна: Номер телефона для связи с ОПС: Последовательность действий: ППП-считывание РПО (или загрузка из файла) Время возникновения ошибки: .. :",Импорт списков из ЛК ЮЛ,1d3673e36d01b68b4a25a54d7c8c46adcf0ff163541e4c7269a894250770da3e,714,1
38695485,---на Телефон: Номер ШПИ: ******** Электронная--- Суть обращения: Не могу войти в моб. приложение. Прошу устранить ошибку.,Проблема с авторизацией/ЭЗП/Бонусами/Доверенностями,73541b23532cbc35ecdd2a2e8e5e2529c2801ef1856fb41037012a8d684b2763,715,1
38695803,"Тема письма: Тема отсутствует. Текст письма: Вы рекомендуете мне переустановить приложение. Нужно ли будет вводить код из СМС, у меня сейчас не работает телефон, есть только интернет?",Прочее,c1964bad7f35501bd39d083a9441e4c213125507eeae51b87175b7fa3387c989,717,1
38696486,"Добрый день! ИСО Добрый день! Тема: Не работает запись Текст: Данные обновил, госуслуги подключил, подтверждение пришло. Записаться не дает. Оператор в чате не отвечае---",Прочее,4ac5b97b3ca3c4c6ba3828814eda12511a40df63a5174b74bdef573f5e600d36,719,1
38696577,неправильные тарифы по заказным бандеролям. Онлайн тарификатор меняем.,Проблемы в работе Препост/PrePost,a171ecdc2bcca0185d86cdfeb73a394e98d7a298dbe0b529c9a3f976e50b9442,720,1
38696825,"А--- + -- Не могу подключить ПЭП, пишет уже зарегистрирован. Номер указан актуальный. это актуальный номер. Скриншот прилагается.",Проблема с QR-код(подключение/отключение),64941dc1d43937d06100e0027aaba8b6ef9d382167c1e758991e21f1d472242b,721,1
38697024,Тема письма: Услуги для населения/Самостоятельная регистрация отправлений Текст письма: Тематика: Самостоятельная регистрация отправлений Канал поступления обращения: По телефону Дата поступления обращения: : .. ФИ--- Телефон: + Индекс ОПС: Электронна--- Суть обращения: проблема куар кодом не приходит код,Проблема с QR-код(подключение/отключение),1c754aef515dc9f5de6ff46586dfe2cadf73c9d8a749087b460b01b7c2d1ad24,722,1
38697167,"Тема письма: Тема отсутствует. Текст письма: Я только нажимаю войти и мне высвечивается вот эта хрень , а пароль я помню через Яндекс захожу , а прога не работает -- Отправлено из Mail для Android",Ошибка в приложении (восстановление работоспособности),17a35df54f1da19f1ebf8aed2fa058f8c4912b71a16deb8f9e840086eb668a4e,723,1
38697245,Тема письма: Услуги для населения/Самостоятельная регистрация отправлений Текст письма: Тематика: Самостоятельная регистрация отправлений Канал поступления обращения: По телефону Дата поступления обращения: : .. --- Телефон: + Индекс ОПС: Электронна--- Суть обращения: проблема куар кодом не приходит код,Проблема с QR-код(подключение/отключение),1c754aef515dc9f5de6ff46586dfe2cadf73c9d8a749087b460b01b7c2d1ad24,724,1
38697804,"Не работает добавление госпочты! Госуслуги пишут, это приложение почты России. На госуслугах всё работает. Решите вопрос! Жду уже четверо суток!!! Ответ пришёл, что мои данные обновили! Но результата нет! Кравче---",Проблема с авторизацией/ЭЗП/Бонусами/Доверенностями,2717b353965e414a2ff64a123402896fd3816725312cc3a908e5c7b96594c814,727,1
38697958,подскажите пожалуйста что делать если под моим номером при получении посылок высвечивается другой человек? Как эта убрать ? А--- А--- Шамши---,Проблема с данными в личном кабинете клиента,022c8d950c577916347571b68a32399de0afcc3a3733381e9e3ca06a273faf95,728,0
38698170,Проблемыы с подключением куар кода. Р--- Д---. Ответ предоставить клиенту на электронную почту.,Проблема с QR-код(подключение/отключение),7006e1b0e7643d6033bb9acbd7b9a661f2627053284e1b4fbbd5b1e996863b8a,729,1
38698258,Проблемыы с подключением куар кода. Р--- Д---. Ответ предоставить клиенту на электронную почту.,Проблема с QR-код(подключение/отключение),7006e1b0e7643d6033bb9acbd7b9a661f2627053284e1b4fbbd5b1e996863b8a,730,1
38698530,"У клиента не работает QR-код, он формируется, но программа пишет, что он не подходит. Дата и часы на телефоне выставлена правиль--- , выдан .. /м УВД Подольска и Подольского района МО. Помогите восстановить доступ к QR коду.",Проблема с QR-код(подключение/отключение),5505cc04d7fe5abdb84c19a6e3e9d4d7517167ebe466a728afba12db9807c798,734,1
38698578,"Тема письма: Услуги для населения/Самостоятельная регистрация отправлений Текст письма: Тематика: Самостоятельная регистрация отправлений Канал поступления обращения: По телефону Дата поступления обращения: : --- Телефон: Адрес заявителя: край Красноярский, р-н Ирбейский, с Ирбейское ул.Комсомольская д. Индекс ОПС: Электронн--- Суть обращения: при самостоятельном оформлении посылки в моб.приложении клиенту не выходит тот индекс, куда направить РПО - пишут, что такого индекса нет. Приложение автоматически меняет нужный индекс на . Просьба разобраться и помочь - нужный индекс - .",Проблема с адресами,56775f73de7840b039781ca7a514cab4c0bc72ee399396b67a9f09e30c1518b3,737,0
38698599,"Тема письма: Проблема оповещения от Приложения Текст письма: Добрый день! Приходит на телефон много push-сообщений, среди которых было и от приложения «Почта России». Когда такие сообщения быстро просматриваешь, то не успеть прочитать написанное... сообщение пропадает. Хорошо, что хотя бы успела его увидеть..) Проблема вот в чем: открыла приложение, но в нем никаких оповещений нет! Вообще ничего! Также не пришло уведомление на электронную почту, хотя все галочки об оповещениях стоят! И что я должна получить в почтовом отделении? Спрашивала в чате, ответа нет. В отделении меня спросили о бумажном уведомлении или куар-коде. Уведомления не было ( оно пришло в почтовый ящик, кстати, на следующий день после получения письма с пометкой о неудачном вручении...). Открыла в приложении код и только по нему оператор определила, что мне есть заказное письмо и посылка (!!!) в соседнем отделе! Получается, если бы я пропустила push-сообщение, то и не узнала бы ни о письме, ни о посылке! Затем после получения письма и посылки я открыла в приложении раздел «полученная корреспонденция», однако там тоже не было отмечено, что я получила письмо. После перезагрузки про письмо отметка появилась, а про посылку-нет! Хотела отказаться от использования приложения, но такой услуги нет.... Надеюсь, что мой рассказ понятен. Если есть уточняющие вопросы, то готова на них ответить! Спасибо! Отправлено из мобильной Почты Mail.ru С уважением, Патентный поверенный РФ N",Предложение по изменению,87e39900afcd1a18cfaa856596d3d75da5493cbef87bda8984fb5d68fddfae3b,738,0
38698949,Доброй ночи. Не работает Priem.ru,Ошибки загрузки страницы/зависания,d2a09d1bfe2255b342564ff619698c720210f592f251a36afd316d3c484c63ae,739,1
38698965,Добрый вечер. ПРОГРАММА ВЫДАЕТ ОШИБКУ СЕРВИСА,Импорт списков из ЛК ЮЛ,009c3f3a6d6a33674541d5d4182b6cef5c3807104f67ca6f4f34333e0955315a,740,1
38699152,Ответ необходимо предоставить непосредственно клиенту на емейл Е--- Вопрос клиента:Невозможно войти в аккаунт Приложение пишет что не возможно войти в аккаунт При попытке зарегистрироваться в приложении оно пишет что невозможно войти в аккаунт,Проблема с авторизацией/ЭЗП/Бонусами/Доверенностями,1d14107f727166f56de4615bad5560e1794ae9c3971f2c00ea64c37818c22362,741,1
38699665,"Добрый день, коллеги! Прошу предоставить информацию по обращению клиента об отсутствии автоматической регистрации РПО No в ЛК . Заранее спасибо!Причина заявления = Иное (указать) Параметры отправления: Отслеживание отправления = Регистрируемое Параметры отправления: Масса отправления = Параметры отправления: Дата отправки = .. Параметры отправления: Индекс отделения отправки = Трек-номер = Удостоверение личности заявителя: Тип документа = Паспорт РФ Удостоверение личности заявителя: Серия = Удостоверение личности заявителя: Номер = Удостоверение личности заявителя: Когда выдан = .. Удостоверение личности заявителя: Кем выдан = ТПNo УФМС г.СПб и Ленинградской обл--- Кирилл Васильевич Данные заявителя: Адрес (населённый пункт, улица, дом, квартира) = г Санкт-Петербург, пр-кт Богатырский, д. , литера А, к. , кв. Данные заявителя: Индекс = Данные заявител--- Данные заявителя: Телефон =",Автодобавление почтовых отправлений,2749932016cd109b20e953be589c484e303860dff69e956d208d934d9a51562e,742,0
38700548,"Суть обращения: При заполнения профиля в мобильном приложении почта России не сохраняется адрес регистрации. После введения и сохранения данные из поля изчезают. Несмотря на то, что система поиска адрес формирует. исо",Проблема с адресами,55fef9b2c5b18f6ebe798babeccbe04148b36fd3d8c502dde21a24fe63d18a02,743,0
38700708,Е--- Невозможно войти в аккаунт Приложение пишет что не возможно войти в аккаунт При попытке зарегистрироваться в приложении оно пишет что невозможно войти в аккаунт,Проблема с авторизацией/ЭЗП/Бонусами/Доверенностями,c1634d789038fb8c8d5453eeeb845a33a2aba48685eb806019e32e3cf4cace7f,744,1
38700869,"При приеме партионного списка от ОСП по Барышскому району No от .. выбрали неверный ИНН и КПП. Теперь данный список висит с ошибкой, повторно принять не дает. В журнал РПО письма не легли, не можем их отправить с исходящей почтой. Индекс ОПС: Номер окна: Номер телефона для связи с ОПС: Последовательность действий: партионный прием Время возникновения ошибки: .. :",Импорт списков из ЛК ЮЛ,2ce839a44cbc8f7313c052ddcf26e0c9d42e1c13fae2e42b913cf6d99a8070c0,745,1
38700953,"Добрый день! Два РПО разряда СУДЕБНОЕ: , имеют отметку в ЕАС - ""возврату не подлежит"", данная отметка не применима к заказным письмам разряда судебное. Соответственно по истечению срока хранения эти РПО встали на досыл в - досыл почты, передача на временное хранение. Срок возврата этих судебных писем ..! Убедительная просьба, в кротчайшие сроки удалить отметку ""возврату не подлежит"" и присвоить данным РПО корректную причину возврата, по истечению срока хранения! Индекс ОПС: Номер окна: Номер телефона для связи с ОПС: Последовательность действий: ЕАС - исходящая почта... Время возникновения ошибки: .. : По вопросу МЕТОДОЛОГИЧЕСКОМ РЕСУРСА Почты России, необходимо обращаться к ответственным за данный ресурс. РПО были приняты в плагине ""Партионный прием"": Согласно LKUL-: Отметка ""Возврату не подлежит"" для разряда ""Судебное"": Для клиентов, отправляющих письменную корреспонденцию с разрядом ""Судебное"", требуется реализовать возможность применять/изменять в отправлениях параметр ""Возврату не подлежит"". Клиент сам проставляет чек-бокс ""Возврату не подлежит"" для отправлений, создаваемых через веб-интерфейс ЛК ЮЛ. За дальнейшей консультацией следует обратиться в ОперБлок УФПС. Ошибок ЕАС не обнаружено.",Формирование и закрытие емкостей,b1b7d9b43e060c9387a62a8839972e4ec71b572211cbf47994925904abd49aa9,746,1
38701266,"не проходит список,показывает что он уже проведён,но по факту он не проведён, раннее уже создавались заявки по поводу этой проблемы, где был дан ответ, что нужно вернуть список отправителю для исправления, отправитель Камышинский городской суд, куда возврат списков запрещён, хотелось бы узнать причину проблемы,потому что приходится часто возвращать списки по этой причине,и что делать отправителю чтобы впредь такого не повторялось Индекс ОПС: Номер окна: Номер телефона для связи с ОПС: Последовательность действий: фронт зона партионный приём Время возникновения ошибки: .. :",Импорт списков из архива ф.103 (zip-архив),d1b631eac3a971e1b247babaf7dd776dce6203a6f2af2620bd67848745b7da5c,747,1
38701336,"П--- Макси---, +. Не формируется QR-код. При нажатии ничего не происходит.",Проблема с QR-код(подключение/отключение),8643be7a540618c995dd2c0787b55f7c02868eb6940911a2a973bc21e60e4a2a,748,1
38701447,"показывает что индекс не существует,отправлялось письмо в Херсонскую область,индекс назначения был поставлен ,прошу устранить проблемуИндекс ОПС: Номер окна: Номер телефона для связи с ОПС: -- Последовательность действий: фронт зона партионный приём Время возникновения ошибки: .. :",Импорт списков из архива ф.103 (zip-архив),3ad48469f64006415dda621fe0fadec8d2d7735f3b04483f0dc028e0fed75f29,749,1
38701700,Тема письма: Услуги для населения/Самостоятельная регистрация отправлений Текст письма: Тематика: Самостоятельная регистрация отправлений Канал поступления обращения: По телефону Дата поступления обращения: : .. ---ть обращения: Не генерируется QR код для получения РПО в мобильном приложении.,Проблема с QR-код(подключение/отключение),03943aa139908feb4531637358a6e4b2df8103d61b776bb513f1b02cbde372fc,750,1
38701782,"Тема письма: Fwd: Получен ответ разработчика на Ваш отзыв о приложении «Почта России» Текст письма: Приветствую! Описание проблемы: Каждый раз, при отправки корреспонденции (заказное письмо с описью и уведомлением) в почтовом отделение и предъявлении QR кода оператору, отправление в приложении и ЛК не отображается. Приходится вручную его вбивать. Когда мне отправляют корреспонденцию (заказное письмо с описью и уведомлением), так же не отображается в приложении и ЛК. Телеграмма с Москвы приходила в приложение и ЛК. С Питера нет (может они не оплатили функцию) С Уважением, Дмитрий -------- Пересылаемое сообщение -------- От: Apple -> Дата: среда, марта г. в : +: Тема: Получен ответ разработчика на Ваш отзыв о приложении «Почта России» App Store Здравствуйте, Дмитрий! Разработчик Russian Post ответил на Ваш отзыв: Почта России Russian Post «Добрый день. Пришлите, пожалуйста, описание проблем, возникших при работе приложения, на адр---. Спасибо. » Хотите изменить отзыв? Вы также можете связаться с разработчиком. Аккаунт Apple • Условия продажи • Политика конфиденциальности Copyright © Apple Distribution International Ltd. Все права защищены",Предложение по изменению,d8da27f39b045ca22b9f0e273a92e14deadc7393d644c3b3acc750cee0b65220,751,0
38702040,Тема письма: Услуги для населения/Самостоятельная регистрация отправлений Текст письма: Тематика: Самостоятельная регистрация отправлений Канал поступления обращения: По телефону Дата поступления обращения: : .. ---ть обращения: Не генерируется QR код для получения РПО в мобильном приложении.,Проблема с QR-код(подключение/отключение),03943aa139908feb4531637358a6e4b2df8103d61b776bb513f1b02cbde372fc,752,1
38702221,Добрый день. Прошу проверить был ли прием в отделении отправлений по спискам: СПИСОК No (Партия ) простых почтовых отправлений от .. СПИСОК No (Партия ) простых почтовых отправлений от ..На стороне АСКУ не обнаружено загрузок по спискам.,Проблема с загрузкой данных в 1С,0163c9c5ddbc244ffd6488a91563f285b091ce6b456e144fd2ab1ac4c85a6142,753,0
38702427,Тема письма: Сервис трекинга /Другое Текст письма: Тематика: Сервис Трекинга. Жалобы/предложения Канал поступления обращения: По телефону Дата поступления обращения: : --- Телефон: Номер ШПИ: Элект--- Суть обращения: у клиента в личном кабинете не отпображается последний статус письма. с марта нет информации. марта письмо прибыло в место вручения данной записи у клиента нет.,Автодобавление почтовых отправлений,03fd6ff39fe6c6903c6331487b492e5065dc71012ad0f4f11ebcd0b46f834365,754,0
38702551,"RP- его закрыли , проблема не решена Кулишенко Ната--- не открывается QR-код, только скачала приложение. Ввожу блокировку экрана, Ничего не происходит. Рекомендуется выполнить следующую инструкцию: - Удаляем приложение почты России - Отключаем блокировку экрана паролем в настройках смартфона. - Удаляем пароль блокировки экрана и отпечаток пальца в настройках смартфона - Заново устанавливаем приложение Почты России - Запускаем его. Авторизуется в приложении по логину и паролю. - Нажимаем на ""Покажите QR Код"" - Приложение попросит включить блокировку экрана. Нажимаем ""Пропустить"" - Далее для подключения QR кода вводим одноразовый код из push уведомления Сообщите результат ответным комментарием. ОТВЕТ КЛИЕНТА Добрый день..все сделала по инструкции...нажимаю пропустить..возвращается на исходную синюю картинку..qr не появляется",Проблема с QR-код(подключение/отключение),c92fa1cd7abc3676d570da2c1a0d9b7d546a6ac89915b91b311c39ea6e43b62d,755,1
38702699,Тема письма: Акция с промокодами/Клиент не может оплатить промокодом/промокод исчез из МП Текст письма: Тематика: Акции с промокодами и Мобильное приложение Канал поступления обращения: По телефону Дата поступления обращения: : .. Ф--- Телефон: Электронн--- Суть обращения: Клиенту на номер телефона ошибочно прислали СМС сообщение на получение посылки клиент просит проверить данные.,Проблема с push/sms/email,f25b9b22f85e541cc1d91e04de9632716f91603a379b5a8c85317579a26e9fc7,756,1
38702887,"RP-первый.Не могу добавить комментарий Г--- В--- это заказ Я получил письмо а оно до сих пор весит что я не получил. В ОАСУ РПО указано вручение. Просьба, в первую очередь выйти из аккаунта, затем повторно войти, почистить кэш приложения, удалить cookie и перезапустить приложение. Если ситуация не поменяется, приложите следующие данные: Модель устройства; Версия OC устройства; Полное название версии прошивки; Были ли предустановлены на устройстве Google\Huawei сервисы изготовителем или клиент устанавливал их вручную? (если устройство на Android). Версия мобильного приложения, установленная на устройстве на данный момент; Последняя версия приложения, которую удалось запустить; Номер телефона\e-mail через который осуществлялся вход в приложение; Примерное время и дата, в которое были осуществлены неудачные попытки входа в приложение; Видеозапись с воспроизведением ошибки с указанием даты и времени, в которое была воспроизведена ошибка Ответ от клиента: Нечего не изменилось скриншот во вложении . Во вложении",Ошибка в приложении (восстановление работоспособности),8f9b3064699acaa9ccea589942c0775ce4b06b7c3fb170acf0f8d310b26e69b6,757,1
38703263,"Тема письма: Сервис трекинга /Другое Текст письма: Тематика: Сервис Трекинга. Жалобы/предложения Канал поступления обращения: По телефону Дата поступления обращения: : ..--- Телефон: Адрес заявителя: обл Самарская, р-н Волжский, п.Придорожный, м-к Южный город, ул.Ямская д.,кв. Индекс ОПС: Номер ШПИ: Учетная запись: Электронная п--- Суть обращения: в М.П. не отображаются Пуш уведомление об отправлениях , на электронную почту тоже не приходят уведомления, на гор.лтнии тоже не отслеживаются трэк номера",Проблема с push/sms/email,80892a7206c38b60203b190539a77e8177a1402520582ac68c54fc86ea9164c0,758,1
38703572,Добрый день !в приложение почта России идут какие то тех работы? не возможно войти Поступила жалоба от клиента По данному электронному адресу не может зайти в личный кабинет,Прочее,048b2cfc874317aeb94b8cbce40e2a7a01869d95e35ed53910c8de4bebed8554,759,1
38703826,Тема письма: Акция с промокодами/Клиент не может оплатить промокодом/промокод исчез из МП Текст письма: Тематика: Акции с промокодами и Мобильное приложение Канал поступления обращения: По телефону Дата поступления обращения: : .. Ф--- Телефон: Электронн--- Суть обращения: Клиенту на номер телефона ошибочно прислали СМС сообщение на получение посылки клиент просит проверить данные.,Проблема с push/sms/email,f25b9b22f85e541cc1d91e04de9632716f91603a379b5a8c85317579a26e9fc7,760,1
38704418,"Добрый день! Клиент: ---: ПЭП подключена. Данные на Госуслугах и в ОПС обновляла (паспорт) Проблема: Мобильное приложение После обновления паспорта, уведомления приходили еще полгода. Госпочта подключена, в настройках все по адресу После .. пичьма, посылки не отображаются в личном кабинете, не приходят уведомления Трек-номера",Автодобавление почтовых отправлений,f4306d3d7ba12fae0af62e4cc8eef91afe5fd179f2485b05de31a0b721f21222,761,0
38704789,"Тема письма: Услуги для населения/Самостоятельная регистрация отправлений Текст письма: Тематика: Самостоятельная регистрация отправлений Канал поступления обращения: По телефону Дата поступления обращения: : ..--- Телефон: + Индекс ОПС: Электронная--- Суть обращения: ОПС временно находится по другому адресу, почему эти изменения не отражены в мобильном приложении Почты России?",Проблема с ОПС/доставкой,45c30b4efc10f1b95847d04bd07bc0c45f377f023c6be02558ce88928810f51d,762,1
38705261,В отделении не видят доверенность. Б--- М--- Мамурж---. Ответ предоставить клиенту на электронную почту.,Прочее,d106df2386a6d7faf10fbc170b208e997586a6d5c78dd04ae72b92780abdb953,763,1
38705426,"Тема письма: Услуги для населения/Самостоятельная регистрация отправлений Текст письма: Тематика: Самостоятельная регистрация отправлений Канал поступления обращения: По телефону Дата поступления обращения: : .. ФИ--- Телефон: Адрес заявителя: Москва, ул Бажова. д кв Индекс ОПС: Номер ШПИ: RSRU Электронн--- Суть обращения: RSRU -необходимо удалить!!!",Прочее,9eebeeb9e392dc34655714ded12753163d970d0fddc5b68d1f9ab3ebc2aa1d9c,764,1
38705840,"Добрый день! Прошу предоставления информации для ответа клиенту по обращению от ..Тема: Обращение КЦ Текст: Тематика: Дополнительные услуги и сервисы Подтема: Работа систем Канал поступления обращения: по телефону Дата поступления обращения: .., : Тип заявителя: физическое лицо ------ Телефон: Адрес: обл Калининградская, г Калининград, ул Мирная, д. , кв. ШПИ/номер: Номер ОПС, адрес: Индекс издания, адрес доставки: Суть обращения: Клиент не может войти в приложение в водит номер телефона и пароль там высвечивается не верное имя пользователя или пароль просьба разобраться в данной ситуации.",Проблема с данными в личном кабинете клиента,e312bec414d3eb40531096ce6f33f5c13997567a65ff1ea2bb0476eeec0dffbe,765,0
38705847,Тема письма: Услуги для населения/Самостоятельная регистрация отправлений Текст письма: Тематика: Самостоятельная регистрация отправлений Канал поступления обращения: По телефону Дата поступления обращения: : .. --- Телефон: Электронная--- Суть обращения: При отправке отправления в приложении как только забивает номер квартиры пишет что такого адреса нет,Проблема с адресами,1981f04e0b8800551e89f56b85440bf36f98d67ef1e7c07b38635e825d5eb2fb,766,0
38705984,Тема письма: Услуги для населения/Самостоятельная регистрация отправлений Текст письма: Тематика: Самостоятельная регистрация отправлений Канал поступления обращения: По телефону Дата поступления обращения: : .. --- Телефон: Электронная--- Суть обращения: При отправке отправления в приложении как только забивает номер квартиры пишет что такого адреса нет,Проблема с адресами,1981f04e0b8800551e89f56b85440bf36f98d67ef1e7c07b38635e825d5eb2fb,768,0
38706083,"ИСО Отправитель посылки CLNL в Нидерландах не может зайти на САЙТ Почты России, приложение тоже перестало наработать. Блокировка с вашей стороны. Просьба передать информацию в Вашу техническую служ---ния- в России у меня проблем с сайтом postnl нет никаких: без регистрации и подтверждения личности я могу посмотреть информацию по трек номеру, получаю приятные письма регулярно, и postnl уведомляют, что письма защищены от фишинга. В России это типичная проблема(блокировка) такими ресурсами после снятия блокировки уже не пользуюсь, нет доверия. С надеждой на исправление ситуации, Лариса",Прочее,002841e698f20f6c2b4f422d06a996b52093dfaa0e35b45387a95aff7180e49b,769,1
38706239,Тема письма: Проблемы с учетной записью при входе в Мобильное приложение или сайт Почты России Текст письма: Тематика: Проблемы с учетной записью при входе в МП/Сайт Канал поступления обращения: По телефону Дата поступления обращения: : --- Телефон: + Электро--- Суть обращения: Нет предварительной запи---.,Проблема с ОПС/доставкой,ea8d7b0108898b03aa12f897884e17a86c7879ff441ce7678fd42561b24abe03,770,1
38706972,Тема письма: Проблемы с учетной записью при входе в Мобильное приложение или сайт Почты России Текст письма: Тематика: Проблемы с учетной записью при входе в МП/Сайт Канал поступления обращения: По телефону Дата поступления обращения: : --- Телефон: + Электро--- Суть обращения: Нет предварительной запи---.,Проблема с ОПС/доставкой,ea8d7b0108898b03aa12f897884e17a86c7879ff441ce7678fd42561b24abe03,771,1
38707347,"формирует ШПИ для юр.лиц. дублирующими как для ОПС примеры нет возможности после приема рпо отправить их, так как РПО с таким номером уже уходило с ОПС Индекс ОПС: Номер окна: Номер телефона для связи с ОПС: Последовательность действий: . Время возникновения ошибки: .. :",Формирование и закрытие емкостей,4ada46d452a009594d7b26a079c00ca5c12402c847c28c07268b627793288837,772,1
38708014,"Белотелов Конст---, Клиент интересуется : Почему мои электронные заказные письма, отправленные через сайт почты, в приложении показываются только если выберешь галочкой категорию отправлений ""Госпочта""? Ведь это не Госпочта совершенно. И еще: А ещё в приложении, когда я пишу сюда сообщения и отправляю их в чат, текст проваливается под выдвигающуюся снизу клавиатуру, и не видно переписку, пока не закроешь клавиатуру. Для уточнения информации свяжитесь с клиентом по эл почте или телефону.",Прочее,84bf120681d0d8d519e23436af26a1b650be43d5d36a610ba0eb51295a7c1c05,773,1
38708843,"Ошибка при приеме писем на -ом окне, после обновления, выдает ошибку. Прием не открывается",Передача статусов в Трекинг,41e220e6d8cbd3edfa7e194c8174096a0cd0a83af616241dafea73d76ccd8b61,774,0
38708883,"Запрос клиента ""Изменил электронную почту в профиле. Однако все уведомления продолжают приходить на неактуальную почту. Просим помочь решить ситу--- А--- Не --- Прошу также в конце отправить ответ н---",Проблема с push/sms/email,f1671472052a65b6860ba5b877f740d9978f935bb465b3546ed12e6af30a0dbf,775,1
38708986,"Добрый день. К нам поступила жалоба клиента. Прошу дать ответ по существу его проблемы.Суть обращения: клиент обратился с проблемой, было подключено смс для отправителя о получении рпо, по факту смс нет. просьба повторно направить смс о вручении. ---лефон: ШПИ/номер:",Проблема с push/sms/email,725fd0d31b99967896d917996cf97fc16da51de079da98004b5b73e80f385a1d,776,1
38709155,"Тема письма: Сервис трекинга /Другое Текст письма: Тематика: Сервис Трекинга. Жалобы/предложения Канал поступления обращения: По телефону Дата поступления обращения: : ..--- Телефон: Адрес заявителя: обл Самарская, р-н Волжский, п.Придорожный, м-к Южный город, ул.Ямская д.,кв. Индекс ОПС: Номер ШПИ: Учетная запись: Электронная п--- Суть обращения: в М.П. не отображаются Пуш уведомление об отправлениях , на электронную почту тоже не приходят уведомления, на гор.лтнии тоже не отслеживаются трэк номера",Проблема с push/sms/email,80892a7206c38b60203b190539a77e8177a1402520582ac68c54fc86ea9164c0,777,1
38709727,"Б--- Конст---, Клиент интересуется : Почему мо+I763и электронные заказные письма, отправленные через сайт почты, в приложении показываются только если выберешь галочкой категорию отправлений ""Госпочта""? Ведь это не Госпочта совершенно. И еще: А ещё в приложении, когда я пишу сюда сообщения и отправляю их в чат, текст проваливается под выдвигающуюся снизу клавиатуру, и не видно переписку, пока не закроешь клавиатуру.",Предложение по изменению,b320fe304d0f8e81ccbc95e9d8189e7d4bebed52f649903024b1696af95871c1,779,0
38709960,"Не можем принять в ""партионном приеме"" ЕАС список созданный в PrePost. Индекс ОПС: Номер окна: Номер телефона для связи с ОПС: --- Последовательность действий: --- Время возникновения ошибки: .. :",Импорт списков из архива ф.103 (zip-архив),243984e1caaa26ae51d010a6f9913f4942c7cd46dc48cb3fc025161a15739ec1,780,1
38710306,"Здравствуйте! У клиентки возникла проблема. Не может получить QR код. Со слов клиентки: нажимаю на значок ""Покажите QR-код оператору"", отправляет на Госуслуги. Ввожу пароль от госуслуг, пишет: ""Регистрация на используемый номер телефона ранее выполнена"" . В профиле ЛК на сайте Почта России написано, что простая электронная подпись Подключена ... С ПЭП вы можете получать письма и посылки без паспорта и использовать цифровые сервисы Почты России. Клиентка обращалась в несколько отделений, проверяют данные, все верно, но куар-код не формируется. Никакие личные данные не менялись.",Проблема с QR-код(подключение/отключение),cbe2b3960997aa0ce5ea18106d181c57f7c971e5db4c7f5887bd9bc5b6a51a66,782,1
38710605,. были приняты отправления в партионном приеме. при создании накладной на отправку отправления не добавляются,Формирование и закрытие емкостей,77748068ed06c0767c98c82b3cd4916d6c6ce6d0d1d7095595d54747f3f0d1bc,785,1
38710938,Тема письма: Номер телефона --- Текст письма: Скриншот ошибки я отправила по СМС Отправлено с iPhone,Проблема с авторизацией/ЭЗП/Бонусами/Доверенностями,afe7bfa6fd351bc0c110aa8645b7888df00dec8a66ee81f8b490331c63fe98af,788,1
38710939,Тема письма: Ошибка оплаты Текст письма: Номер телефона ---,Проблема с авторизацией/ЭЗП/Бонусами/Доверенностями,f283c36e41551cb8650d0d0ea6b317174bb3fe5685a8cdacdf6415b0d3b9863d,789,1
38711184,"Тема письма: ПЭП, Е. Жалоба Текст письма: Тематика: Простая электронная подпись Канал поступления обращения: По телефону Дата поступления обращен--- Телефон: Адрес заявителя: Санкт-Петрбург Новосмоленская набережная кв. Индекс ОПС: Номер ШПИ: Электрон--- Суть обращения: В лк мобильного приложения и на адрес эл. почты периодически ппоступают уведомления об отправке рпо писем компанией ООО ""НОРДФИЛ"" с использованием моего номера телефона . Прошу выяснить ситуацию и отключить мой номер от юр. лица",Проблема с push/sms/email,1a66257f0f90503f217cb90f9e4454fd83d88b41c1fb659b1347d9cf4d102079,790,1
38711327,"К--- Алек--- Здравствуйте, у меня возникла проблема с подключение qr кода для получения посылок, при нажатии на кнопку (использовать qr) ничего не происходит, пробовал обращаться в отделение почты, но помочь там мне не смогли. Приложение обновлено до последней версии",Проблема с QR-код(подключение/отключение),6178d2669ceb4c517a112bb993969ad2151bee72b067e14f849fe432090ab7fa,791,1
38711534,"я отправляла письмо месяц назад и ждала уведомления о ответном письме, но его так и не было. По итогу оказалось, что письмо, которое мне пришло, отправили обратно к отправителю. У меня подключены электронные извещения, так же я уже звонила на этот номер и мне так ничего информативного не сказали. Мне не пришли ни физические извещения о том, что мне пришло письмо, ни электронные, ни на госуслугах, ни на сайте почты, ни в приложении. А--- Дарья Але---;",Проблема с push/sms/email,e56476c656e65f5010e517db6fcf2d4a588ff739a6b8e8c1e1742e36dc1c9c26,793,1
38711586,"Данные на госуслугах обновлены, почему не могу подключить получение по QR-коду? Кна Алена ---",Проблема с QR-код(подключение/отключение),6fccd7496bd64c6902cb87dfbfd849d72fff4bc72a46814b2266d856ffbdabb9,795,1
38711687,"Тема письма: Не могу авторизоваться в приложении Текст письма: Здравствуйте, не могу авторизоваться в приложении почты. Пишет неверный логин или пароль. Пробую восстановить пароль, но когда ввожу код подтверждения - появляется сообщение что сервис временно недоступен. Номер телефона +",Проблема с авторизацией/ЭЗП/Бонусами/Доверенностями,b3a20c891d83b5221696e8da31d3bc97a9a7be2b30f51254c0322e9abb4b4996,796,1
38711810,"Пропал архив полученной корреспонденции за - годы, пропал пару дней назад - почему?Очень нужен! Там судебная корреспонденция, которая необходима. Степанова ---",Автодобавление почтовых отправлений,e44d7557bdc116766cb784a398455dadf915f472e6c815132e48a6bd7b8949ee,797,0
38712091,Тема письма: Это и был полный скриншот Текст письма: Отправлено с iPhone,Проблема с авторизацией/ЭЗП/Бонусами/Доверенностями,976da5032fdab53fb939f00e26b15dea8e3c20d8bca082ace096c57a25cc9257,799,1
38712327,"ИСО No Для ответа заявителю прошу предоставить информацию. Тема: Обращение КЦ Текст: Тематика: Предложение Подтема: Предложение по улучшению сервиса Канал поступления обращения: по телефону Дата поступления обращения: .., : Тип заявителя: физическое лицо ---- ШПИ/номер: Номер ОПС, адрес: Индекс издания, адрес доставки: Суть обращения: Клиент просит чтобы добавили возможность отправлять электронное заказное письмо из приложения почты россии, именно с возможностью выбора, печатать его в центре печати, или доставлять электронно.",Предложение по изменению,f47a7676c8b9ee25c7378b74d5ec0a015555fdbabacfb6dac65e323333130031,800,0
38712536,"Тема письма: ПЭП, Е. Жалоба Текст письма: Тематика: Простая электронная подпись Канал поступления обращения: По телефону Дата поступления обращен--- Телефон: Адрес заявителя: Санкт-Петербург Новосмоленская набережная кв. Индекс ОПС: Номер ШПИ: Электрон--- Суть обращения: В лк мобильного приложения и на адрес эл. почты периодически ппоступают уведомления об отправке рпо писем компанией ООО ""НОРДФИЛ"" с использованием моего номера телефона . Прошу выяснить ситуацию и отключить мой номер от юр. лица",Проблема с push/sms/email,1a66257f0f90503f217cb90f9e4454fd83d88b41c1fb659b1347d9cf4d102079,802,1
38712539,"При формировании списка ф на простые отправления, предпочтовая подготовка, не верно считает тариф за составление списка, вместо за каждое почтовое отправление считает строку, а в строке может быть и отправлений и больше. просим исправить ошибку","Проблема с печатью, открытием, формированием документации",7f1c0a6dfd9f8474739ac269e6b201e234aa2af6ca09784490daf7cd1e8ffa2d,803,0
38712847,"Тема письма: Дополнение Текст письма: Номер телефона ---- Почта@ на которую отправляете сейчас Трек номер-я вам отправила конверт на котором все указано.Данное письмо и другие в том числе не отображаются в мобильном приложении.Вопрос,когда будет решена проблема? Отправлено с iPhone марта г., в--- написал(а): При ответе добавьте комментарий выше Здравствуйте! В запрос под номером добавлен комментарий Пользователь добавил комментарий: Добрый день! Для решения запроса приложите, пожалуйста, следующую информацию: - номер телефона и e-mail, под которым Вы авторизованы на сайте/в мобильном приложении Почта России; - трек-номера отправлений, которые не отобразились в Вашем личном кабинете. Услуга: Мобильное приложение ""Почта России"" Вид запроса: Прочее Контак--- Описание: Тема письма: Обращение от .. Текст письма: <a-ad-a-fc-defaeffc> Отправлено с iPhone февр. г., в :, Юл---> написал(а): Отправлено с iPhone Добрый вечер. Проблема в мобильном приложении,где специалист приняв заявку описала.От вас поступил ответ-трек номер и тд,дело не в треке и --- о другом,почему в мобильном приложении не отображаются полученные мной письма по коду в отделении Почта России? Мобильное приложение активировано по данному номеру телефона. февр. г., в--- написал(а): При ответе добавьте комментарий выше Здравствуйте! В запрос под номером добавлен комментарий Пользова--- добавил комментарий: Добрый день. Просьба уточнить: Трек номер отправления (если трек номера нет, необходимы следующие данные-дата/время отправления, адрес и индекс получателя, индекс ОПС, из которого было отправлено почтовое отправление, ---. Под каким логином (номером телефона) вы авторизованы в мобильном приложении Почта России. С уважением, Отдел поддержки пользователей Услуга: Мобильное приложение ""Почта России"" Вид запроса: Автодобавление почтовых отправлений Контактный телефон: Контак--- Описание: Тема письма: Проблемы с учетной записью при входе в Мобильное приложение или сайт Почты России Текст письма: Тематика: Проблемы с учетной записью при входе в МП/Сайт Канал поступления обращения: По телефону Дата поступления обращени--- Телефон: Электронная поч--- Суть обращения: У клиента в мобильном приложении с ноября не отображаются отправления , которые она получила , просит исправить ошибку или предоставить информацию <fde-f-be--fae> <fdcdca-d-e-f-abbe>",Автодобавление почтовых отправлений,017c7493adb2dd6468d1e78896ef51d1002449cbb6637efcfb53a9e3562d5c5d,804,0
38712848,"Тема письма: Дополнение Текст письма: Номер телефона ---- Почта@ на которую отправляете сейчас Трек номер-я вам отправила конверт на котором все указано.Данное письмо и другие в том числе не отображаются в мобильном приложении.Вопрос,когда будет решена проблема? Отправлено с iPhone марта г., в--- написал(а): При ответе добавьте комментарий выше Здравствуйте! В запрос под номером добавлен комментарий Пользо--- добавил комментарий: Добрый день! Для решения запроса приложите, пожалуйста, следующую информацию: - номер телефона и e-mail, под которым Вы авторизованы на сайте/в мобильном приложении Почта России; - трек-номера отправлений, которые не отобразились в Вашем личном кабинете. Услуга: Мобильное приложение ""Почта России"" Вид запроса: Прочее Контак--- Описание: Тема письма: Обращение от .. Текст письма: <a-ad-a-fc-defaeffc> Отправлено с iPhone февр. г., в :, Юл---> написал(а): Отправлено с iPhone Добрый вечер. Проблема в мобильном приложении,где специалист приняв заявку описала.От вас поступил ответ-трек номер и тд,дело не в треке и --- о другом,почему в мобильном приложении не отображаются полученные мной письма по коду в отделении Почта России? Мобильное приложение активировано по данному номеру телефона. февр. г., в--- написал(а): При ответе добавьте комментарий выше Здравствуйте! В запрос под номером добавлен комментарий добавил комментарий: Добрый день. Просьба уточнить: Трек номер отправления (если трек номера нет, необходимы следующие данные-дата/время отправления, адрес и индекс получателя, индекс ОПС, из которого было отправлено почтовое отправление, ---. Под каким логином (номером телефона) вы авторизованы в мобильном приложении Почта России. С уважением, Отдел поддержки пользователей Услуга: Мобильное приложение ""Почта России"" Вид запроса: Автодобавление почтовых отправлений Контактный телефон: Контак--- Описание: Тема письма: Проблемы с учетной записью при входе в Мобильное приложение или сайт Почты России Текст письма: Тематика: Проблемы с учетной записью при входе в МП/Сайт Канал поступления обращения: По телефону Дата поступления обращени--- Телефон: Электронная поч--- Суть обращения: У клиента в мобильном приложении с ноября не отображаются отправления , которые она получила , просит исправить ошибку или предоставить информацию <fde-f-be--fae> <fdcdca-d-e-f-abbe>",Автодобавление почтовых отправлений,017c7493adb2dd6468d1e78896ef51d1002449cbb6637efcfb53a9e3562d5c5d,805,0
38712983,"добрый день,рпо не принимается в партионом приеме,пишет ошибку ,скрин проложен ниже,помогите пожалуйста",Импорт списков из ЛК ЮЛ,76d381864aa612a5a0c445f6235e55f24dfe7169690a846af897578d9576946b,806,1
38712994,"Добрый день! Просьба предоставить доступ заместителю начальника участка Россошански--- таб. номер VOR-, учетная запись программе Почта России, для вручения, приема( в том числе партионного) EMS отправлений. Контактный телефон",Создание и изменение пользователя с правами Администратор,6205327a9cb5329c50f28c59ecfbff98d5ec9a8443bb545ab6e4115d3cc3c14a,807,0
38712997,"Клиент не может войти в Личный кабинет через мобильное приложение, сразу выдает ошибку. Приложение только установила, так же переустанавливала раза. С--- Ю-- Александр--- Сяоми редми Версия андроид Версия приложения ... Ответ необходимо предоставить непосредственно клиенту на---",Проблема с авторизацией/ЭЗП/Бонусами/Доверенностями,690e928bce5e08a60634fb229934e55472ca27fb3651c49aacc5b7373ad4184c,808,1
38713183,Я не могу войти в систему для получения посылки по Q коду.перебрасывает на страницу Почта России . Вход в систему и все... И--- Мари---,Проблема с QR-код(подключение/отключение),73f3a5d62ce54e351d8bc6b9e6e16c03c9c5a1a834576cbff1afe6c5ac5e0d31,809,1
38713199,Тема письма: Акция с промокодами/Клиент не может оплатить промокодом/промокод исчез из МП Текст письма: Тематика: Акции с промокодами и Мобильное приложение Канал поступления обращения: По телефону Дата поступления обращения: :--- Телефон: Электронная почта кли--- Суть обращения: не отслеживается в приложении нет информации о статусе РПО,Прочее,957c92141611f47a253d01f4b5d35f8ad0b31a73e863f37b234fd4123e778361,810,1
38713432,"Добрый день! Направляю обращение клиента. Тема: Обращение КЦ EMS в ИСО Текст: Канал поступления обращения: По телефону. Дата поступления обращения: .. Тип заявителя: Физическое лицо ---очтовы--- Тематика вопроса: Жалобы на работу мобильного приложения Причина вопроса: Жалобы на работу мобильного приложения ШПИ: EFRU Номер ОПС, адрес: Суть обращения: Клиент получает информацию на мобильное приложение по РПО от ООО ""Лента"", она физлицо, она не относится ни к ООО ""Лента"",---. Это происходит уже много лет и она к этому не имеет никакого отношения, как ей избавиться от этой информации? В техподдержку МП клиент уже писала. ей ответили, что не могут помочь, так как нет связи с отправителем.",Автодобавление почтовых отправлений,b41900b10f209d04c0844499f0c01b2c39530c180e99e6e3b0a9dd2e36dd1a8c,811,0
38713513,"Тема письма: Акция с промокодами/Клиент не может оплатить промокодом/промокод исчез из МП Текст письма: Тематика: Акции с промокодами и Мобильное приложение Канал поступления обращения: По телефону Дата поступления обращения: :--- Телефон: Адрес заявителя: обл Омская, г Омск, ул Дианова, дом В До востребования Индекс ОПС: Учетная запись: Электронная по--- Суть обращения: Эл почта не привязывается к номеру клиента в лк и мп, программа пишет , что почта привязана к другому номеру () Это старый номер. Клиент хотел бы, чтобы данные нового номера телефона --- были связаны и была возможность изменить эти данные в настройках. Клиент просит помочь в решении данного вопроса. Старым номером клиент не пользуется лет. возможно этот номер привязан к данным другого клиента и данным чужой эл. почты. Поэтому клиент просит внимательно подойти к данному вопросу.",Проблема с данными в личном кабинете клиента,80564f32dfb7ed0e6f5da27164b036c766477c27850c0a98d6e9806c2418f4b5,813,0
38713784,"при оформлении международного отправлении, в приложении нет ввода кода ТНВЭД. В отделении не проходят такие отправление, требует обязательный ввод",Проблема с ОПС/доставкой,b328c7c3071853a187cad7a3410ec9493728aefc545cdd6f6019328c59c7218c,814,1
38714162,"клиенту не поступили уведомления у вручении были заказаны смс уведомлен--- --- Александр Николаевич,",Проблема с push/sms/email,1a340e130e6587ef00d85f42b98a3f07de9538d2661cd494d8684430631c4c18,818,1
38714257,"Ульянова Елена Вик--- Добрый день Зарегистрировала на свой телефон данные мужа, чтобы отслеживать его отправления. Потом скачала приложение на его телефон . Теперь пробую перерегистрировать на своём телефоне Почту на себя, но не получается. Кюар код выдаёт его и мой телефон при регистрации не принимает. Пишет, что под ним зарегистрирован уже кто то. Вообще запутала все окончательно, а у меня ещё будут посылки и отправления. На почте не смогли помочь. Что де--- -я. Муж -Ульянов Владимир Ильич. Электронн---. Телефоны: мой , мужа -. При необходимости могу предоставить адрес ещё одной электронной почты. На почте (в пункте) сегодня вроде все поменяли, но кюар код опять выдаёт мужа. И у меня в настройках указан тоже он. Поменять не получается.",Проблема с QR-код(подключение/отключение),2855b59fd3de5f4d06fbbb65fbd181144db2c34c489516d74fd5a26381c009c8,820,1
38714317,"не могу войти в Личный кабинет через мобильное приложение, сразу выдает ошибку. Приложение только установила, так же переустанавливала раза. Сахно Юлия Александровн--- Сяоми редми Версия андроид Версия приложения ...",Проблема с авторизацией/ЭЗП/Бонусами/Доверенностями,9a3aabd74fcc7e08724313f13c6ac3c044c37e528e1906a2c3b4b404188a1d2c,821,1
38714334,"Добрый день! Было создано правило в настойке сортиро---сены индексы Москва, МО, Санкт Петербург, Ленинградская область, Татарстан , во время обработки в данную ячейку падает вся Россия.",Формирование и закрытие емкостей,84c5df8dfe2a348ce0e42fc5a1fc7e235d5ed10a3c65e4bd1929e315f1cdec99,822,1
38714491,"Здравствуйте,при приёме партионых переводов по флешке от организации программа при загрузке файла выдаёт ошибку(Неверная длина имени файла).Прикладываем скан ошибки и файл с переводами которые надо принять Индекс ОПС: Номер окна: Номер телефона для связи с ОПС: Последовательность действий: прием партионных переводов Время возникновения ошибки: .. :",Импорт списков из архива ф.103 (zip-архив),c304cd1f3413e179d217afb3c44ac3b6b49bed178eab2f4c69763f260a9d37ec,824,1
38714803,добрый день. прощу удалить рпо No и из партионного приема список No партия от ..г. агентство по обеспечению деятельности мировых судей самарской области Индекс ОПС: Индекс ДТИ (выделенный участок):,Импорт списков из ЛК ЮЛ,a5dbe85c5fdfc4069f77d857621ca18e9659558e127e927664a54ae4711988ea,825,1
38714891,"Делаю запрос на получения кюаркода для получения посылки, но код не приходит! Электронная подпись активирована! Высвечивается окно для ввода цифр, но смс с котом не приходит! Иванов ---",Проблема с QR-код(подключение/отключение),f033f1d8f0ab94859a21c1abc943083218defbe8da992419d38264eebf446a61,826,1
38718192,"клиенту не поступили уведомления у вручении были з--- Александр Николаевич,",Проблема с push/sms/email,4b1e7a8ee0e981989a51828b39a5674f18100a3c4b66f0a4b60a5f4f15abbdcc,835,1
38719057,"Здравствуйте! трек LCCN К--- В--- Ев--- Адрес просп. Комсомольский, клиент не может оформить курьерскую доставку. скрины",Ошибка в приложении (восстановление работоспособности),83f8436cc7173cee13a5eae97080df688e4065e8fa8b9390ff16d00f36c2e753,838,1
38719845,"Добрый день, коллеги. Прошу принять в работу на основании комментария специалиста: Запрос: RP Услуга: ПС. Сопровождение ЕАС ОПС Вид запроса: Устранение инцидента Результат работ: Возврат на переклассификацию Описание решения: Здравствуйте. Для сотрудника линии поддержки: запрос необходимо переклассифицировать на поддержку плагина Партионный прием. ЕАС -Фрон зона-партионный прием. Произошла отмена обработки списка. Необходимо повторно загрузить файл по данному списку, для приема РПО",Передача статусов в Трекинг,49cdee53d474f5331339e83a9717221c11736be6981a6c83f109da275f30dff1,839,0
38720972,Тема письма: Акция с промокодами/Клиент не может оплатить промокодом/промокод исчез из МП Текст письма: Тематика: Акции с промокодами и Мобильное приложение Канал поступления обращения: По телефону Дата поступления обращения: : .. Ф--- Телефон: Электронная почта--- Суть обращения: клиенту не приходят электронные уведомления о получении денежных переводов,Прочее,e8a6a989f6275aa12390cca12d3b491f07e3041727d92d57facd776a2b7093c7,843,1
38721482,"Добрый день. Подскажите что нужно сделать клиенту, при приеме писем список не проходит, выдает ошибку (скрин во вложении)",Импорт списков из архива ф.103 (zip-архив),341726cbcd20a98333c0c6947791387d1c08841c2281bb1ce7795da37a09de21,845,1
38721762,"Невозможно принять гибридную корреспонденцию от ИВЦ- обработка отменена список - от ..,необходима повторная подгрузка файла, так как при считывании QR кода ошибка отправление не идентифицировано.",Формирование и закрытие емкостей,3ee3529ddae3ecc0700a85873a610436baabb9cf06eacecdc637b577e650c411,846,1
38722007,"Здравствуйте! У клиентки возникла проблема. Не может получить QR код. Со слов клиентки: нажимаю на значок ""Покажите QR-код оператору"", отправляет на Госуслуги. Ввожу пароль от госуслуг, пишет: ""Регистрация на используемый номер телефона ранее выполнена"" . В профиле ЛК на сайте Почта России написано, что простая электронная подпись Подключена ... С ПЭП вы можете получать письма и посылки без паспорта и использовать цифровые сервисы Почты России. Клиентка обращалась в несколько отделений, проверяют данные, все верно, но куар-код не формируется. Никакие личные данные не менялись. RP- это был первый запрос. поступил ответ от клиента:Добрый день. Все получилось. QR-код формируется. Спасибо. Так как не могла добавить комментарий клиента, создала этот. ПРОШУ ЗАКРЫТЬ ДАННЫЙ ЗАПРОС и соответственно и этот- RP",Проблема с QR-код(подключение/отключение),64b65cbca6b3b4ca3e77c222f2c589b747c5ff2a6e88910ca308fa06899f9c63,847,1
38722179,"Тема письма: Акция с промокодами/Клиент не может оплатить промокодом/промокод исчез из МП Текст письма: Тематика: Акции с промокодами и Мобильное приложение Канал поступления обращения: По телефону Дата поступления обращения: : .. --- Телефон: Учетная запись: Электронная--- Суть обращения: Клиенту не приходят пуш-уведомления по передвижению почтовых отправлений, после обновления приложения висят замки на уведомлениях. Просьба помочь решить проблему.",Проблема с push/sms/email,a43d6be560f2620972275e694969ee0ef5a26fcd843c2edbe64f32f927db7fd6,849,1
38722252,"Тема письма: Акция с промокодами/Клиент не может оплатить промокодом/промокод исчез из МП Текст письма: Тематика: Акции с промокодами и Мобильное приложение Канал поступления обращения: По телефону Дата поступления обращения: : .. --- Телефон: Учетная запись: Электронная--- Суть обращения: Клиенту не приходят пуш-уведомления по передвижению почтовых отправлений, после обновления приложения висят замки на уведомлениях. Просьба помочь решить проблему.",Проблема с push/sms/email,a43d6be560f2620972275e694969ee0ef5a26fcd843c2edbe64f32f927db7fd6,850,1
38722858,Тема письма: Акция с промокодами/Клиент не может оплатить промокодом/промокод исчез из МП Текст письма: Тематика: Акции с промокодами и Мобильное приложение Канал поступления обращения: По телефону Дата поступления обращения: : .. Ф--- Телефон: Электронная почта--- Суть обращения: клиенту не приходят электронные уведомления о получении денежных переводов,Прочее,e8a6a989f6275aa12390cca12d3b491f07e3041727d92d57facd776a2b7093c7,851,1
38722887,"CDB-TYPE-OPERATIONS_BAG (в КШД это интеграции I-, I-., I-, I-., I-., I-, I-) CDB-TYPE-OPERATIONS_DOCUMENT (в КШД это интеграции I-, I-., I-., I-., I-., I-., I-., I-., I-, I-., I-., I-, I-, I-.) Какой тип веса заполняЕте? В ЕИАП ожидали тип веса = Вес порожней тары , получаем только тип Подавательский Примеры ЕАС ОПС: bar_codemessage_idefc-ada--da-bdeeae-e-ae-ce-bfcfdd---b-adfcf Примеры ПП : bar_codemessage_idbffba-e-c-ac-cd",Передача статусов в Трекинг,35304b23d80276fecf025b8def9e200b653e73617feeee6c6c2aece53353d0bc,852,0
38722965,при приеме простых писем партионно произошло повреждение документа формата PDF. из-за чего открытие и дальнейшая печать невозможна. прошу проверить,"Проблема с печатью, открытием, формированием документации",92713b27ac45b348db044b26978719f02aabbbf89d80f9df3cc6d0310d6d5a7c,853,0
38724607,"Добрый день сегодня при приеме партионного приема от Газпрома по списку в котором было отправления прошло только отправление и программа приема вышла из ЕАС. Повторно начила приема писем , а они уже не проходят . Прошу помочь решить проблему. , Индекс ОПС: Номер окна: Номер телефона для связи с ОПС: Последовательность действий: прием партионный вышла ошибка и программа закрылась Время возникновения ошибки: .. :",Проблемы в работе Silkway,ae56a66ecb8b27dc9aac64041ce9b414c929115e380bd7f71c1fb92de8f3b872,857,0
38724783,при приеме ручной ввод простых отправлений,Ошибки загрузки страницы/зависания,5577ba9a34382c981301b198a550350a4da9e09791ba74e9e8d1bf4a6e66cc1d,859,1
38724962,", поступившее .., дата проблемы не указана, однако, для подготовки ответа прошу дать комментарии, может с акцентом на будущее, что нужно указывать в случае повторения проблемы: --- т--- Описание: Добрый день! Сегодня не работает мобильное приложение. И на сайте невозможно отследить почтовое отправление. Какой срок устранения этой проблемы? Спасибо",Прочее,da9ef15ea3c2f262a080472796d93f5f507c522640fb50cedffc16b707c2103f,860,1
38725252,"Убрать текст «оплата только наличными». Текст отображается на последнем экране оформления для РПО с ТПО (предположительно, точное условие когда появляется этот текст — неизвестно). Пример отправления, в котором был текст: CTU Экран:",Прочее,64116c121b90489671f8a265399fe8f89eceaa18f58435a467107eb0a1144595,862,1
38725698,Мне нужно подключить госпочту в почте России. При попытке это сделать мне пишут что госпочта привязанна к другому аккаунту. Как мне поменять номер телефона. Я так поняла что госпочта была привязана к старому номеру т--- Номер предыдущий Номер акт---,Проблема с данными в личном кабинете клиента,9a13a4265f82802ac650494befa9212c8aef42510b93db94e4c432078073a096,865,0
38728621,"Тема письма: Акция с промокодами/Клиент не может оплатить промокодом/промокод исчез из МП Текст письма: Тематика: Акции с промокодами и Мобильное приложение Канал поступления обращения: По телефону Дата поступления обращения: --- Телефон: Адрес заявителя: обл Тверская, г Андреаполь, п Костюшино, ул Лесная, д. , кв. Индекс ОПС: обл Тверская, г Андреаполь, п Костюшино, ул Школьная, дом Учетная запись: Электронн--- Суть обращения: Клиент при оформлении посылки, подписки, рпо столкнулся с проблемой невозможности привязать индекс к своим отправлениям. И подписка, и посылки привязываются через наш сайт и МП к индексу в г Андреаполь. Но это совсем другой населенный пункт, клиент очень пожилой человек и не может получать свои отправления в других опс. Тем более, что много лет обслуживает п Костюшино. Когда клиент писал в этом опс заявление на переадресацию, то посылки и подписка были в это опс переадресованы. Клиент просит привязять индекс к адресным данным поселка Костюшино, а нек городу Андреаполь, потому, что это насамом Андреапольский р-он, и дать возможность оформления почтовых отправлений изначально правильно и без последующей переадресации.",Прочее,58f0c3ec9bf53af943f50f685c2aefed0c3f34cb1067bb1aa7c490fccb656079,867,1
38728913,"ЛЦ Внуково-, корпус , ОПС тел. доб. После вручения возвратных отправлений посылка онлайн комбинированная с о/ц ООО ФФ Стайл дог.No ИНН по списку No от .., в С АСКУ был сформирован, но не проведен отчет No от .. на возвратных отправления на сумму , руб. ""С ошибкой"". Проблемные РПО , . Список ф. во вложении. Индекс ОПС: Индекс ДТИ (выделенный участок):",Проблемы в работе ИС Возвраты,43137e1cab8df0cd353272a754b77eb111a1727451fe54c8a2a6a0ccb3473e60,869,0
38729134,"При формировании списка ф. не формируется файл для загрузки в программу "" Прием ру"" по организации ИП Зюрин ИНН договор КК-/-ПУС-- от ... (см.скриншот). .",Проблемы в работе Препост/PrePost,e802ce4480fa783ea32a1acdc37c31b5d9b920a45c59b3108f830b53eaaacd38,870,1
38729279,при попытке открыть плагин партионного приема выдает ошибку. просьба уточнить возможность входа в систему,Проблемы в работе Silkway,3261cf381abfbe5d7519bfc679ff1f5e3a695ea5797ca404e5c5861bf66726b5,871,0
38729624,"При приёме партии писем ГИБДД программа выдаёт ошибку,пишет отправление не идентифицировано",Импорт списков из ЛК ЮЛ,4bacc0ac083415758862cd18d1746e3384cc9162593a24e0e09ec861b44b12a9,873,1
38729867,"не проходит прием простых рпо с ЗОО для примера ZQQJPUTNSM, ZQQJPUNMAD, партионка выдает ошибку, см. скриншот. тел",Импорт списков из ЛК ЮЛ,fe0b063183869a41e8295501d7aa82d9243248906158106a2833252b1e1a94e2,875,1
38729917,"При приёме партии ГИБДД возникла ошибка ,отправление не идентифицировано",Импорт списков из ЛК ЮЛ,f6482cc0d37a51d65e9f78c9f9514dc7f19dbb219ac5a29d3e38225df45447cd,876,1
38730590,#NAME?,Автодобавление почтовых отправлений,1fe589bd66adaa942872a22099eec480ad29d074fdac55efbfe57e30d4299efd,881,0
38732327,"при закрытии любого типа емкости посылки онлайн, сервис выдает ошибку",Формирование и закрытие емкостей,47691b6364539e10c6806d1b8cce8e622288123e7d6a11a61c782a1df3549eb6,882,1
38732774,"Здравствуйте! Клиент каким-то образом сформировал список из штук под одним ШПИ, заметили мы это только после приема одной штуки. При попытке закрыть список программа выдает ошибку. Просьба закрыть список принудительно. Клиент ООО ""Атрибут"" договор ИНН",Формирование и закрытие емкостей,9618fefe95ec80507e534b296ccc8d50988f988b1bc06161bc4485e94960532f,883,1
38732806,"НЕ ЗАГРУЖАЕТ ФАЙЛ С ПАРТИОННОЙ ПОЧТОЙ Индекс ОПС: Номер окна: Номер телефона для связи с ОПС: Последовательность действий: ЗАГРУЗИТЬ СПИСОК,ОШИБКА Время возникновения ошибки: .. :",Импорт списков из архива ф.103 (zip-архив),8be9fd43fee2a456c4bb04d820b0ceb7539a9cae5c43ae41f7fb8fe83a49172f,884,1
38733285,"Здравствуйте. РПО были приняты в партионном приеме , но в журнале РПО их не видно. Нет возможности снять письма с исходящей почтой. Подскажите в чем дело? Индекс ОПС: Номер окна: Номер телефона для связи с ОПС: Последовательность действий: прием РПО Время возникновения ошибки: .. :",Импорт списков из архива ф.103 (zip-архив),856d52901c822308240c63b5335cf23a5be59e921f45e33e8832af1f99891156,885,1
38735812,"Здравствуйте, в отделении были приняты простые письма с ЗОО, но позже клиенту были возвращены деньги как за непринятые РПО, но по факту они были отравлены. Клиент желает произвести оплату, как провести? ZQQJPTUQNAJ ZQQUCTUPL ZQQCTUMKJ ZQQUCTUPJQUQ ZQQUCTUKPDVX ZQQCTULVCSK ZQQNXTUNMU ZQQCTULLKH ZQQJPTUNP ZQQNXTUMNWE ZQQUCTUNUHU ZQQUCTUMCPQ ZQQUCTUMGQER ZQQNXTUMTKTF ZQQCTUMYUC Индекс ОПС: Номер окна: Номер телефона для связи с ОПС: Последовательность действий: ПАРТИОННЫЙ ПРИЕМ Время возникновения ошибки: .. :",Формирование и закрытие емкостей,59b0eaab648408080d5ce98f47bcc5b30b77e4e5ff719f4fab2e6d3627708054,887,1
38736686,Индекс ОПС: ---ходим доступ--- Электронная почта для отправки логина/парол--- Дополнительная информация: Прошу предоставить доступ в Партионный приём оператору ---,Создание и изменение пользователя с правами Администратор,6e1daf4ba7701fea7660b0a687184526d6fe9655a0bfa93bf464e8fc9569bf84,888,0
38739121,Здравствуйте. В ОПС при загрузке файлов выходит ошибка,Импорт списков из архива ф.103 (zip-архив),cd173f0cf7319a31c3b0a71eefc5b0e32cc0989379126ae3c43e0f6fc7b41716,889,1
38740106,добрый день! в ОПС организация ПАО ЮНИПРО Яйвинская ГРЭС приносят ЕМС отправления по безналичному расчету . Мы в программе ЕАС принять РПО не можем Личного кабинета у данной организации нет просим вас разъяснить как принять ЕМС по безналичному расчету от организации Индекс ОПС: Номер окна: Номер телефона для связи с ОПС: Последовательность действий: Время возникновения ошибки: .. : Услуга: ПС. Сопровождение ЕАС ОПС Вид запроса: Устранение инцидента Результат работ: Возврат на переклассификацию Описание решения: Здравствуйте. Для сотрудника линии поддержки: запрос необходимо переклассифицировать на поддержку плагина Партионный прием. В ЕАС в сервисе прием возможно осуществить прием только за наличный расчет. Прием за безналичный расчет по ф. осуществляется в плагине Партионный прием. Прошу проконсультировать ОПС по приему РПО от клиента в случае отсутствия у него личного кабинета ЮЛ.,Импорт списков из ЛК ЮЛ,98084e5fdfe8c150716b68ab7bde2434f1ffa7e678afd6c8d25f6b70acffe7f6,890,1
38741667,"не можем принять список, выдает ошибку",Ошибки загрузки страницы/зависания,741ff44591595a5406a0848f9f64708f36af20fcae2d1082016abcc7a874d46f,891,1
38744629,"В ОПС поступил запрос от клиента по РПО поступи---сенным данным ВГХ, при скачивании отчета ВГХ верные, а в списке ф. и в акте из АСКУ ВГХ завышенные, что это, сбой системы???",Проблема с загрузкой данных в 1С,350973806ef0f8e22e5c09845591c764795bee61f1d7b4fa2d272cfbcf9e6660,894,0
38745252,"Добрый день. В отделении связи ОПС Лежнево УФПС Ивановской области не могут принять почту от КА УФССП ИНН по ГК No /-дог-Ф от .., файл от КА загружается с ошибками, клиент не работает в ЛК! Клиент утверждает, что в файл верный и только в ОПС не принимается и выдает ошибки контрольного файла",Импорт списков из архива ф.103 (zip-архив),8856ba52fefd831a822ff8289f3acba62b5bdc15cc1cf5ac53a78df822fbd09e,897,1
38745399,"Здравствуйте, коллеги. В ИС ЕАСР была обнаружена ошибка, когда операция прием оформляется после вручения. Ранее уже обращался к вам (RP), ответ был такой: в ОПС была нарушена процедура оформления документов. Пример ШПИ: Чтобы исключить движение некорректных данных по системам, бизнес-заказчик предлагает вашей системе запретить обработку РПО до проведения операции приема. Скрины прикрепляю.",Проблема с загрузкой данных в 1С,c7eddbfd5debd30a7629aafd7d94939ebd0d0879491b655d86e27d28d52b21f0,898,0
38745887,Индекс ОПС: ---ходим доступ: --- Электронная почта для отправки логина/пар--- Дополнительная информация: Высланный пароль и логин не подходит.,Создание и изменение пользователя с правами Администратор,0272c2cfebaf2173192e67feed80600498a0502328ce6e7e5c2b9eca3acaeb9e,899,0
38746369,"При формирование ф из емкостей,на МСЦ не видят данныеф ,. хотя у нас все сформировалось,только долго ""думало"",когда формировалось ф . Просим сделать ""видящим""ф для МСЦ. Они вскрыли емкости,но данные на них не обнаружили",Формирование и закрытие емкостей,50dd3217d1821fb28e50978242b9777b7b679978b6d6105073d205334eb75290,900,1
38749550,"Добрый день! В плагине ""ПРИЕМ.РУ"" не загружается вкладка ""отделение"", нет возможности снять отчет. Имя компьютера: R--N",Ошибки загрузки страницы/зависания,c5333a1207c72eb2ca12439397acd269cd6b53a74933ee39f6366faa62d4fff6,903,1
38752825,Здравствуйте! Не можем закрыть списки... На оба списка вылезает такая ошибка Со слов клиента это они что-то накосячили при формировании.,Ошибки загрузки страницы/зависания,5052e49cc14980f2b6724beeb0cba8319a68b252923e17e388680a7a8d61ba33,906,1
38756634,Здравствуйте не могу принять письма выдает ошибку,Проблемы в работе Silkway,2954059a3b03c067308e3e6ba8ed7e9533721719f62038039c5840f1a4bf681d,907,0
38757520,Индекс ОПС: ---ходим доступ--- Электронная почта для отправки логина/пароля--- Дополнительная информация: Добрый день! Сотрудник поддержки ключевых клиентов необходим доступ на всю Россию.,Создание и изменение пользователя с правами Администратор,3366e841d4e3ac5f50ec725a83fe9d042ad1c3c23ae398ca8320fa0e028fefef,909,0
38759086,"При обработке партионной почты от контрагента Яшкинский районный Cуд, договор СД-Ю/, выходят ошибки во всех файлах: . Повторное использование ШПИ. . Ошибка тарификации. Просим решить проблему с приемом партионной почты.","Проблема с печатью, открытием, формированием документации",c948d7b4e701bd68825cbddc327655e5535c34f25a7810bac5093e5cf24ca703,911,0
38760047,"Добрый день! При вручении рпо возврата на организацию ООО НПО ФЕНИКС, на касса No под оператором Ш--- не распечатался список ф. по безналу","Проблема с печатью, открытием, формированием документации",3bd74782836c04b179d68d0a8b1ed300063920011c3a4bb05dfc6d6e45def830,913,0
38761309,"Добрый день. Есть отправление ---ssianpost.ru/admin.html#/tracking/search/RSRU) письмо международное, приём .. . В источниках СОРПО (в т.ч. на стороне ЕИАП) я нахожу эту ШПИ и выручку руб, тип оплата =франкирование . В АСКУ РТУ за фев. я не вижу, чтобы клиент заплатил по ЕКУ «письмо международное». Коллеги из ""Отдел управления качеством отчетности услуг"" (Левинова Анастасия) посоветовали обратиться в ЕАС/СОРПО, чтобы разобраться почему тип оплаты ""франкирование"" - есть подозрение, что оплата была ""марками"". Можете посмотреть, что же было с этой ШПИ на самом деле? F--- <---> Sent: Monday, March , : PM To: Безвербный Кирилл Евген------>; Чикало Алла Владимир--->; Сергеева Алла Владимиро---> Cc: Шурыгина Екатерина Геннад--->; Власова Марина И--->; Лукина Ольга С---> Subject: RE: АСКУ ф и РТУ - вопрос по МЗПК (международная ЗПК) Привет, Опять же есть ощущение, что оплата была произведена марками, судя по данным АСКУ были оплачены две услуги по клиенту за фев г. уведомление и наклеивание марок. Предполагаю нужно понять по какой причине в сорпо выпадает код франка при таком формате расчета. Анастасия Левинова Руководитель отдела Отдел управления качеством отчетности услуг Департамент коммерческой отчетности Блок по финансовым и экономическим вопросам From: Безвербный Кирилл Евгень---> Sent: Monday, March , : PM--- ------>; Чикало Алла Владимир--->; Сергеева Алла Владимиро---> Cc: Шурыгина Екатерина Геннад--->; Власова Марина И--->; Лукина Ольга С---> Subject: RE: АСКУ ф и РТУ - вопрос по МЗПК (международная ЗПК) Коллеги, привет! Можете подсказать теперь по другому клиенту? Есть отправление RSRU письмо международное, приём .. . В источниках СОРПО я нахожу эту ШПИ и выручку руб, тип оплата =франкирование . В АСКУ РТУ за фев. я не вижу, чтобы клиент заплатил по ЕКУ «письмо международное». Подскажите, почему? Чуть позже найду ещё подобных примеров, направлю дополнительно.",Формирование и закрытие емкостей,ce693f8d1ba352de93d1018547b90da9c9dfeccd78df0eca42eb1d6e5f8ad16e,915,1
38764067,"НЕ УДАЕТСЯ ДОБАВИТЬ РПО В ЕМКОСТЬ С ИСХОДЯЩЕЙ ПОЧТОЙ, В ЖУРНАЛЕ РПО ОТСУТСТВУЕТ, ХОТЯ ПИСЬМО БЫЛО ПРИНЯТО Индекс ОПС: Номер окна: Номер телефона для связи с ОПС: Последовательность действий: БЭК ЗОНА-ИСХОДЯЩАЯ ПОЧТА-СОЗДАНИЕ ЕМКОСТИ Время возникновения ошибки: .. : Услуга: ПС. Сопровождение ЕАС ОПС Вид запроса: Устранение инцидента Результат работ: Возврат на переклассификацию Описание решения:Плагин--- зоны ответственности технической поддержки ЕАС. За предоставлением консультации по вопросу, почему операция ""Приём"" для отправления с ШИ отсутствует в ИС СОРПО, необходимо создать запрос на ответственных за ""Партионный приём"": В случае, если заявленная проблема возникла не на стороне плагина, просьба создать инцидент на услугу ""ПС. Сопровождение ЕАС ОПС"" с указанием ссылки на текущий запрос, куда предоставить полный анализ и официальный ответ от ответственных за ""Партионный приём"".",Передача статусов в Трекинг,e186d3cb5cdf1a77fe0ca004a61e55f10c1e387c9157bfb582bc2ac3f9c498bd,917,0
38764204,"Завершены все дочерние запросы: Запрос: RP Услуга: ПС. Сопровождение ЕАС ОПС Вид запроса: Устранение инцидента Результат работ: Возврат на переклассификацию Описание решения: Здравствуйте. На примере РПО RSRU. Отправление было принято в плагине Партионный прием. Переклассифиция на поддержку плагина Партионный прием. Добрый день! По части отправлений есть различия в типах оплаты между АСКУ РТУ и Золотой Записью по ШПИ в ЕИАПе. Пример такого отправления: Есть отправление RSRU ""письмо международное"", приём .. . В источниках СОРПО эта ШПИ имеет выручку руб, тип оплаты = франкирование . В АСКУ РТУ за февраль нет записи по ЕКУ «письмо международное». Скорее всего это связано с тем, что оплата была произведена марками Из-за чего такое отличие между источниками?Индекс ОПС: Номер окна: Номер телефона для связи с ОПС: Последовательность действий: проверка данных по одному и тому же отправителю между двумя источниками Время возникновения ошибки: .. :",Ошибки загрузки страницы/зависания,b7e5da2e71dab2be2dcbbe23ac8b7d2d61abd63e34acdc50226aabe171a07e74,918,1
38764257,"Добрый день, при приеме партии писем с уведомлениями (где письма оплачены марками, а уведомления безналичный расчет), квитанция ф бн формируется с верными данными, а в АСКУ информация садится , что уведомления оплачены марками. пример во вложении Индекс ОПС: Номер окна: Номер телефона для связи с ОПС: Последовательность действий: фронт зона-прием-прием парт Время возникновения ошибки: .. :",Формирование и закрытие емкостей,f5a9d8ae57e08b8f1a5d5a83f2648d5875cb2adca240dc906bbfd3bea5e9641e,919,1
38765206,"ММСП , ЛЦ Внуково - , ОПС + доб Не грузит программу Прием.Ру .Сиситемный блок qr .",Ошибки загрузки страницы/зависания,7b14c2740dca7c2b38f7f30e1e733dbb3965763b4cdd26236e0304ccfeb6072e,920,1
38765468,"Добрый день. При приеме партии Екатеринбург Яблоко ИНН: КПП: Договор No: от .. Программа отклоняет прием РПО . скрин ошибки во вложении. ,",Ошибки загрузки страницы/зависания,89eb99c321831f8e11a9016e8e2a07f54c38e31bd1b5afaa068032f5dd774718,921,1
38766994,просьба выслать логин и пароль на начальника отде---,Создание и изменение пользователя с правами Администратор,03116e79eda048636412f93e4aff74b98acee1c153ac87e85b8ddca2fd25df23,924,0
38768075,"При приеме партионной почты из Хотынецкого районного суда с. Знаменское выявлено отсутствие разряда ""Судебное"", (что является грубейшим нарушением) которое обязан проставлять специалист суда при формировании судебных писем. В случае отсутствия такого разряда РПО в системе ЕАС автоматически переходит в разряд простого заказного письма и увеличивается срок хранения с до календарн---сти изменения в плагин ""Партионный прием"" так, чтобы при приеме писем, у которых отсутствует в электронном списке Ф- разряд ""Судебное"" система ЕАС выдавала бы ошибку и проводился бы отказ в приеме таких РПО.",Передача статусов в Трекинг,16e50df3619b87ac4875eabd0e0ab7c2ec7a37b48af6f374ab399cf4c4c65bb7,926,0
38768696,"Добрый день при приеме международных посылок во второй вкладке программа не ""дает"" поставить размеры (ширину.длину и высоту) поэтому не можем распечатать бланк на посылку принимаем в первой вкладке....",Проблемы в работе Silkway,8ecbb1f808b3c229aba9fcb56a896da078af7ddc47ee44a38518ef96863e30ae,927,0
38768747,Здравствуйте Не удается вложить РПО CLRU в емкость. РПО было принято в партионном приеме. Прием был без ошибок.,Формирование и закрытие емкостей,ca679b6260ccea47fc58de04a7dd1a0d81debbbc77f283c1d67ab5bcbbd2d8cf,928,1
38775002,В ПАРТИОННОЙ ПОЧТЕ СПИСОК ЗАКАЗНЫХ ПИСЕМ НЕ ЗАГРУЖАЕТСЯ ПОСЛЕ СОЗДАНИЯ ЕГО В ПРОГРАММЕ ПРЕДПОЧТОВАЯ ПОДГОТОВКА (по Pre- Post) Индекс ОПС: Номер окна: Номер телефона для связи с ОПС: Последовательность действий: заносим информацию по приему Pre Post -ставим отметку формирование списка потом загрузка списка далее выбор папки потом заходим в партприем в ЕАС и загружаем файлы . Время возникновения ошибки: .. :,Импорт списков из архива ф.103 (zip-архив),798cb723eefa2cd67ad33297bba5ec105b38199b12c75f6efb311c919f3a9756,929,1
38777167,При приеме комбинирован---сти ВГХ Индекс ОПС: Номер окна: Номер телефона для связи с ОПС: Последовательность действий: партионый прием писем Время возникновения ошибки: .. :,"Проблема с печатью, открытием, формированием документации",dd82ce800a09d4a74e7299e9a62113b48ba6dd14f8529c64bfda2fc917a87f9b,931,0
38778502,"ДОБРЫЙ ДЕНЬ,ВЧЕРА ПО ТЕХНИЧСКИМ ПРИЧИНАМ НЕ ПРОШЛИ ПРИЕМ ВОТ ЭТИ ОПРАВЛЕНИЯ НЕ ПРОШЛИ РЕГИСТРАЦИЮ НА ПОЧТЕ,ПИШЕТ ЧТО ОТПРАВЛЕНИЯ ОТСУТСТВУЮТ,ОНИ В НАЛИЧИИ НА ПОЧТЕ,МНЕ НУЖНО ИХ ФИЗИЧЕСКИ ПРИНЯТЬ И ОТПРАВИТЬ,ПРОГРАММА НЕ ДАЕТ ЭТОГО СДЕЛАТЬ, ОТПРАВЛЕНИЯ , Индекс ОПС: Номер окна: Номер телефона для связи с ОПС: Последовательность действий: ДОБРЫЙ ДЕНЬ,ВЧЕРА ПО ТЕХНИЧСКИМ ПРИЧИНАМ НЕ ПРОШЛИ ПРИЕМ ВОТ ЭТИ ОПРАВЛЕНИЯ НЕ ПРОШЛИ РЕГИСТРАЦИЮ НА ПОЧТЕ,ПИШЕТ ЧТО ОТПРАВЛЕНИЯ ОТСУТСТВУЮТ,ОНИ В НАЛИЧИИ НА ПОЧТЕ,МНЕ НУЖНО ИХ ФИЗИЧЕСКИ ПРИНЯТЬ И ОТПРАВИТЬ,ПРОГРАММА НЕ ДАЕТ ЭТОГО СДЕЛАТЬ, ОТПРАВЛЕНИЯ , Время возникновения ошибки: .. :",Формирование и закрытие емкостей,17762da4e90b483f5376ae6dddcba6e6f7bab6336d3762592f102e649a9cf117,932,1
38779448,"Добрый день! Не могу принять письма, выходит ошибка.",Ошибки загрузки страницы/зависания,bce67c007f1762a6f9bfe6723f0d8a00b89bcfc5b6c6b060f0f63fbb4d654f08,933,1
38780817,Добрый день!Нужно удалить в С список простых писем.,Импорт списков из ЛК ЮЛ,86f0a19d1e0b040613914a04cf2b5139c6da26d53f0981f03618b77974dd29d7,934,1
38781438,"принято рпо но в отправке нет приема. не отправить рпо Запрос: RP Услуга: ПС. Сопровождение ЕАС ОПС Вид запроса: Устранение инцидента Результат работ: Возврат на переклассификацию Описание решения: Запрос необходимо переклассифицировать на тех.поддержку плагина Партионная почта для анализа проблемы, был ли прием проблемного РПО.",Импорт списков из ЛК ЮЛ,73bb2ba412994a98d58f83305982c8e9ac9163ff610fc4e043eb2d82e547ca6b,935,1
38781715,"Добрый день , при приеме простой корреспонденции от организации ""Мобильные телесистемы"" нет договора //- , а есть договор /// , который не действует . просим вас обновить данные на актуальные . списки по договору //- не подгружаются","Проблема с печатью, открытием, формированием документации",2153b9ad1f6a026d218bbfd6095d76bb92981412817bd9b61ec7d76efd21dec5,937,0
38782620,"Компания Купишуз направила в пример РПО , , где вместо заявленной услуги Посылка Онлайн идет расчет по услуге Посылка. В связи с чем идет разница тарифа. Данные по клиенту - ИНН , договор Ф--. Прошу установить причину, по которой проведена замена услуги. Спасибо. Расчет по Посылка Онлайн Расчет по Посылка:",Передача статусов в Трекинг,e3333d0a19bef473470f2fb18ada2150fa4ddc974a2c847cd167b9bdccbbe124,938,0
38782661,"​​Название и индекс УКД: Описание проблемы:​​ Добрый день, не могу завершить прием отправления, выходит ошибка",Формирование и закрытие емкостей,b578624d78da88641aff97b717e801c9a732ea9b309f0609bc3f95c49a4f6c55,939,1
38782671,"Добрый день. Коллеги, в базе прием.ру завели план и правило сортировки РПО до ОПС, правило не сработала все РПО падают в резерв, просьба сообщить причину. Пример РПО ШПИ No в адрес",Формирование и закрытие емкостей,5f6d166e3acb917ee37eeb9d843bee84f9d43f6ec7441cba1007ca9b889d8312,940,1
38782691,"Добрый день! Коллеги, ранее по заявке инициировали запрос в С АСКУ по проблеме выгрузки данных. Отчеты с номеклатурой Возврат посылок Комбинированное обыкновенное перестали выгружаться автоматически. Документы формировались пустыми. Сегодня по заявке нам предоставили следующий ответ: Категория отправления """", а для номенклатуры "" Возврат посылок"" категория отправления """". Вам необходимо обратиться в партионный приём для разъяснения почему они указывают тег = , если все верно и нужна новая услуга то обращайтесь. Просьба решить проблему с отсутствием автоматической выгрузки в С АСКУ. Индекс ОПС: Индекс ДТИ (выделенный участок):",Проблемы в работе ИС Возвраты,9ab540aaadac7d3ac1e8fe3a9ae1d8eb10e5a6fb5b43ff57ce4e07e2496a3bb4,941,0
38783694,"Завершены все дочерние запросы: Запрос: RP Услуга: ПС. Сопровождение ЕАС ОПС Вид запроса: Устранение инцидента Результат работ: Возврат на переклассификацию Описание решения: Добрый день. Инцидент необходимо переклассифицировать на группу поддержки плагина ""Партионная почта"". Просьба провести анализ и проконсультировать пользователя. При приёме списка простых писем ( штук, No списка F) в меню Партионный приём список до конца не принялся. Постоянно висит статус ""В обработке"". Ни принять, ни удалить невозможно - отсутствуют какие-либо меню. При повторной попытке принять список пишет, что ""Документ F отсканирован повторно"". Перезагрузка ЕАС и всего компьютера не помогла. Необходимо принять данный список простых писем через Паритонный приём. Как это сделать? При приёме списка простых писем ( штук, No списка F) в меню Партионный приём список до конца не принялся. Постоянно висит статус ""В обработке"". Ни принять, ни удалить невозможно - отсутствуют какие-либо меню. При повторной попытке принять список пишет, что ""Документ F отсканирован повторно"". Перезагрузка ЕАС и всего компьютера не помогла. Необходимо принять данный список простых писем через Паритонный приём. Как это сделать? Индекс ОПС: Номер окна: Номер телефона для связи с ОПС: + Анна После---я - Фронт-зона - Партионный приём - Приём по спискам Время возникновения ошибки: .. :",Ошибки загрузки страницы/зависания,816054f81df009366f5106f8374b27d572b7330550fc13baff5ba954efc5b6ab,942,1
38784063,"Добрый день. Наблюдается проблема с подтягиванием адресов на УКД- для отправлений принятых в Партионном приеме. Т.Е. отправление приняли в прием.ру для доставки нашим же УКД. Далее делаем емкость из нашего УКД на наше УКД, регистрируем через входящие и адрес на ярлыке полный, а в курьерхабе без номеров домов, квартир и офисов.","Проблема с печатью, открытием, формированием документации",d20913662f788ab925bae024cb8701cb7d0595fb4b2c7ffd84b29fbf76c23ff5,944,0
38784222,при приеме посылок произошла ошибка Индекс ОПС: Номер окна: Номер телефона для связи с ОПС: Последовательность действий: прием партионной почты Время возникновения ошибки: .. :,Ошибки загрузки страницы/зависания,8011c1948b111beee9759a4700556f2a2d2aa329647df0e78ffe022f2e3550eb,945,1
38785061,"Добрый вечер! долгая загрузка после закрытия списка в партионном приёме Индекс ОПС: Номер окна: Номер телефона для связи с ОПС: Последовательность действий: Фронт-зона, партионный приём, нажимаю завершить приём - долгая загрузка Время возникновения ошибки: .. :",Ошибки загрузки страницы/зависания,fd5f5fbd2889b3904b0e6093487a019b465a0c430306a72b086f4256900d2d14,946,1
38785186,"ПРИ ЗАКРЫВАНИИ СПИСКОВ ОЧЕНЬ ДОЛГО ВИСИТ , ЗАКРЫТИЯ КАЖДОГО СПИСКА ЗАНИМАЕТ ДО МИНУТ",Ошибки загрузки страницы/зависания,4967b7c728457654782365a38d036658c6b4b76336661917dde3d1ad65c71e8e,947,1
38785727,Добрый день. Не можем принять рпо по Ф. Начальник смены ---,Импорт списков из ЛК ЮЛ,9cafe18e04197f72f243a5795c22ad22bfbbc753ef8ae5c05cbcdf33c279d908,948,1
38785924,Добрый день. Не можем принять рпо по Ф. Начальник смены ---,Импорт списков из ЛК ЮЛ,9cafe18e04197f72f243a5795c22ad22bfbbc753ef8ae5c05cbcdf33c279d908,949,1
38785928,Добрый день. Не можем принять рпо по Ф. Начальник смены ---,Импорт списков из ЛК ЮЛ,9cafe18e04197f72f243a5795c22ad22bfbbc753ef8ae5c05cbcdf33c279d908,950,1
38787228,"НЕ МОЖЕМ НАБИТЬ РПО В ЕМКОСТЬ Запрос: RP Услуга: ПС. Сопровождение ЕАС ОПС Вид запроса: Устранение инцидента Результат работ: Возврат на переклассификацию Описание решения: RP инцидент необходимо переклассифицировать на ответственных за плагин ""Партионная почта"".","Проблема с печатью, открытием, формированием документации",f82cba9a2359514fcf02ed1dc71d94279465e8e3b6b33a9358f755842bf37d50,952,0
38787883,"Добрый день! При приёме данного письма в партионном приёме, пишет данную ошибку. Индекс ОПС: Номер окна: Номер телефона для связи с ОПС: -- Последовательность действий: - Время возникновения ошибки: .. :",Импорт списков из ЛК ЮЛ,8f03c6945efc05afb586e1e450267b7c392dd219bde73dbe71e91cfe223a5326,953,1
38789616,просьба установить программу prepost на рабочий компьютер,Установка Препост/PrePost в ОПС,cba863c8b923c66591171bb119451af935fdf8788779dbdff64dc57a30de40ff,954,0
38790816,". при партионном приеме РПО в кол-ве шт. в конце оформления выскочила ошибка, в итоге посылка принялась, а отсутствует в журнале операций. При этом когда заходим в ЕАС партионный прием пишет документ принадлежит ранее обработанному списку. Помогите исправить ошибку и принят посылки. Спасибо.",Импорт списков из архива ф.103 (zip-архив),89c794bc085917742537e605f907a09ccf956219af55ef83207c9f4641ca6357,956,1
38793496,"при формировании списка ф. нет категории отправления ""Секограммы"" окна d, d,d,W",Проблемы в работе Препост/PrePost,9e7d9bb188f320be31d4a8679a6dbe47968f4305a5ea33f4814cac5a7afe515d,957,1
38797794,"Добрый день! После партионного приема РПО , , не садятся в накладную на отправку. Просим вашего содействия.",Импорт списков из архива ф.103 (zip-архив),6c0530ea1014d857b845271c54b33a2b74343b388d6bfae1f5dc29698692f667,958,1
38798604,Добрый день. Просим помочь: Не можем принять партионный прием( скрин ошибки прилагаю) РПО EFRU EFRU EFRU EFRu,Импорт списков из ЛК ЮЛ,20c235a7ce6d14b31040341917468c7b4578ca5b5891e29c6c61e0e0ad2e5b4b,959,1
38803241,"Клиент сдает груз по ТК, утверждает, что проставляет ВГХ, но при приеме ВГХ не стоят, вносим в ручную, почему не подтягиваются данные?",Импорт списков из ЛК ЮЛ,a0a46c6d4c5d594c7885676a7b800b828b87fae6dc4faf8eae525c17a50cc876,963,1
38805272,"Не принимается ЕМС EFRU оформленное в ЛК по договору No (ФГБУ Государственный заповедник ""Олекминский"") , пишет отправление не идентифицировано Индекс ОПС: Номер окна: Номер телефона для связи с ОПС: Последовательность действий: Партионный прием Время возникновения ошибки: .. :",Импорт списков из ЛК ЮЛ,72a784d117514da4e09f72bbb31b8992570c5c427044d58e9503123d4f1ecb4b,967,1
38805838,"При оформлении заказных писем от Агентства мировых судей , письма не выгружаются в ЕАС. Такая же проблема была на компьютере , пока не устранили. Про мой компьютер забыли. Для контрагента ""Агентство мировых судей "" ИНН КПП в С АСКУ не найден действуйщий договор с номером -М/. Индекс ОПС: Номер окна: Номер телефона для связи с ОПС: Последовательность действий: Прием заказных писем в препосте, выгрузка в ЕАС Время возникновения ошибки: .. :",Проблемы в работе Препост/PrePost,71612974a957d5ae30484ed8f54a6c319db0b057b762c1cc32c47289dbc533f8,968,1
38805970,"Здравствуйте! После обновления от .. г. возобновилась проблема, которая была заявлена в запросе RP. ОПС - МОКК закрытого типа, работает только с ЮЛ. БД и сервисы ЕАС находятся на сервере r--s. При партионном приеме списков от ЮЛ происходит зависание по несколько минут. Отправления попадают в журнал РПО с опозданием, соответственно невозможно формировать емкости. Всё это существенно замедляет работу. Индекс ОПС: Номер окна: все окна Номер телефона для связи с ОПС: Последовательность действий: партионный прием Время возникновения ошибки: .. : Все службы в актуальном состоянии, работают штатно. Перезапуск служб и перезагрузка сервера результата не дает. От поддержки ЕАСа получен ответ: Запрос: RP Услуга: ПС. Сопровождение ЕАС ОПС Вид запроса: Устранение инцидента Результат работ: Возврат на переклассификацию. Описание решения: Плагин--- зоны ответственности технической поддержки ЕАС ОПС. За предоставлением консультации по вопросам, связанным с плагином, необходимо создать запрос на ответственных за ""Партионный приём"". В случае, если заявленная проблема возникла не на стороне плагина, просьба создать инцидент на услугу ""ПС. Сопровождение ЕАС ОПС"" с указанием ссылки на текущий запрос, куда предоставить полный анализ и официальный ответ от ответственных за ""Партионный приём"".",Импорт списков из ЛК ЮЛ,ad4591800677b14cdd0b31176a1649abeb610fa351597fefcf6fa73f181766c2,969,1
38807845,"при формировании емкостей в СФЕ нарушается порядок передачи данных , сначала передается операция отправка а потом формирование а время одинаковое. операция формирование проводится раньше чем отправка нужно передачать время операции соответствующее времени выполнения операции пример емкости",Формирование и закрытие емкостей,3f5dd642f75f64c90c47b138472cbae8055d4ddbf66f9b5c6aef608fafe0ede1,971,1
38808336,"При создании емкости для отправки исходящей почты РПО не ложится в постпакет и в ящик на отправку. У письма статус Возврат от ... Выходит сообщение-необработанная ошибка в приложении. Запрос: RP Услуга: СортМастер Вид запроса: Инцидент АИС СортМастер Результат работ: Решение предоставлено Описание решения: Добрый день. Не ошибка СМ. СМ являеться принимающей стороной. Данные о данном РПО были загружены в трекинг ,. Приём РПО был ,. То есть данные о приёме бьли получены спустя почти недели. Всё это время РПО шло без этих данных. Что поступило в СМ, то и было передано дальше , было р---сли индекс. Других данных не вносили. Обращаться надо на поддержку той системы которая не передала данные. ППП ""Партионная Почта"".",Формирование и закрытие емкостей,d64de9c03f83bbc451ce0f43c43354bd41bb546736d6a08b90a1e642c9056d1e,972,1
38809040,"в предпочтовой подготовке неправильный тариф ,не могу обработать письма в еас ,тк выдает ошибки Индекс ОПС: Номер окна: Номер телефона для связи с ОПС: Последовательность действий: исправить ошибку,срочно Время возникновения ошибки: .. :",Формирование и закрытие емкостей,47798fe5f801eb1269eb01ef10d171add3efb09733631f7f39e3469192386207,973,1
38811752,"ДОбрый день, обновите программу препост на компьютере W",Установка Препост/PrePost в ОПС,7225f8fbc43b5a04406a64a555e60f1a843cfa8ad65ee97ef35bd560553c86e1,976,0
38811775,Доброго при загрузке эксель файла невалидные индексы ГСП данные опс не являются доставочными,Проблемы в работе Препост/PrePost,bf6206ed3a0e13a19d0bf7a448967258a744009c442416cd984743607b149970,977,1
38813211,Добрый день. не можем от судебных приставов принять бандероли. как эту ошибку можно исправить. приходиться принимать вручную. Отправления оформлены с ошибками. Верните список отправителю для исправления.Ошибки спискаОшибка входных данных: обнаружены ошибки при проверке отправлений Ошибки отправлений Найдено отправления с ошибками Валидация тарифа Письмо заказное () от ... Пересылка заказного письма (). Вес не может превышать г[.][.][.]Валидация тарифа Письмо заказное () от ... Пересылка заказного письма (). Вес не может превышать г[.][.][.] Индекс ОПС: Номер окна: Номер телефона для связи с ОПС: Последовательность действий: прием партинной почты Время возникновения ошибки: .. :,Импорт списков из архива ф.103 (zip-архив),23f54ab68776f91b6289bf53212fa45ca40974c462732c7d50a35256a5120438,978,1
38816184,Здравствуйте.У нас осталась одна не закрытая емкость. Не можем определить ка,Формирование и закрытие емкостей,ba97f0443ab8f04558cfc650d60d880123d8a9f27b41dae0d176b6ad97823366,983,1
38816857,"Здравствуйте. При приеме РПО по спискам в партионном приеме висит программа, что затрудняет работу. Индекс ОПС: Номер окна: Номер телефона для связи с ОПС: Последовательность действий: Висит прием партионной почты Время возникновения ошибки: .. :",Ошибки загрузки страницы/зависания,88f8d54c70d016b2de436e9b0e205f421b792bed3e08a298edac7f117727e673,984,1
38817018,"ПОДОШЕЛ КЛИЕНТ ООО ТК НИКОТРАНС. ОНИ ЗАКЛЮЧИЛИ ДОГОВОР НА ОТПРАВКУРПО ПО БЕЗНАЛУ. ПРИНЕСЛИ ПИСЬМА СО ШТРИХКОДАМИ, БЕЗ КУАР КОДОВ НА КОНВЕРТЕ. В ПАРТИОННОМ ПРИЕМЕ НЕ ПРИНИМЕТ - ПИШЕТ, ЧТО НИСЬМО НЕ ИДЕНТИФИЦИРОВАНО, В УПРОЩЕННОМ ПРИЕМЕ НЕ ПРИНИМАЕТ - ПИШЕТ, ЧТО ПРИНИМАТЬ НАДО В ПЛАГИНЕ ПАРТИННОГО ПРИЕМА, В ПРИЕМЕ РПО НЕ ПРИНИМАЕТ - ПИШЕТ, ЧТО ТАКЖЕ РПО НАДО ПРИНИМАТЬВ УПРОЩЕННОМ ПРИЕМЕ. ПИСЬМА ПРИНЯТЬ НЕВОЗМОЖНО Индекс ОПС: Номер окна: Номер телефона для связи с ОПС: Последовательность действий: ФРОНТ-ЗОНА - ПРИЕМ - ПАРТИОННЫЙ ПРИЕМ, ФРОНТ- ЗОНА - ПРИЕМ - ПРИЕМ РПО Время возникновения ошибки: .. :",Импорт списков из ЛК ЮЛ,e44e6b8be8fd50c35e7642090e05bf6afe4ccb1eebf40c2836ba44c9924b9e11,985,1
38819911,Индекс ОПС: Номер окна: Номер телефона для связи с ОПС: Последовательность действий: ошибка в приеме партионный прием Время возникновения ошибки: .. :,Импорт списков из ЛК ЮЛ,bac53a1e4bb56676f635c8794634f7471c62dca444f38dedb3b9e54a63df801c,988,1
38820003,"Обработанные письма в партионном приеме не возможно вложить в имешок для отправки исходящей почты Индекс ОПС: Номер окна: Номер телефона для связи с ОПС: Последовательность действий: партионный прием осуществлен .., содать емкость исходящей почты не удалось не вчера, не сегодня. Время возникновения ошибки: .. : Запрос: RP Услуга: ПС. Сопровождение ЕАС ОПС Вид запроса: Устранение инцидента Результат работ: Возврат на переклассификацию Описание решения: Добрый день! Данный запрос необходимо переклассифицировать на поддержку плагина ""Партионный прием""",Формирование и закрытие емкостей,25b847186c9adc0d75fd41a39ec98b4ea9a051ba04f93082b042e67398700b19,989,1
38821034,"При партионном приеме не считываются ШПИ. Невозможно принят большой список писем. Индекс ОПС: Номер окна: Номер телефона для связи с ОПС: Последовательность действий: входим в партионный прием, сканируем письмо, ничего не происходит. Время возникновения ошибки: .. :",Ошибки загрузки страницы/зависания,9a176122401478d2dedecd39088845683af6509ddd505b8e180615d6299b9f2c,991,1
38823147,"После оформления писем в РгePost контрагент ИП Алейников В.В. ИНН , договор В/// от ..г. файл не подгружается в ЕАС, выдаёт ошибку. К. тел.",Проблемы в работе Препост/PrePost,6117707a804d797d5960abe01ed9813e9184cadcb36fd5e953f725e634301018,992,1
38825466,"Не работает программа ОТПРАВКА з/п в ЦПК. НЕ присваивается No ШПИ , Выдает ошибку и обратитесь к Администратору. Очень много отправки Надзорных органов. Срочно",Ошибки загрузки страницы/зависания,26c7dd5103fb4381bb91aaca382362a9610b4e763c2d37cd469b2e4ca6dfcf77,994,1
38826648,"добрый день, НЕ ПАДАЮТ ПИСЬМА В ПАПКУ ПРИ ОТПРАВКЕ СПИСКОВ ТЕЛ",Проблемы в работе Препост/PrePost,b38365a480122ae1691b91c6c24f3a554fe3cfddad1800606a78b43e6136335d,995,1
38830540,"Доброго организация сдает письма на отправку с наклеенными ШПИ и не по порядку как в шаблоне указать шпи , чтобы загрузить в программу списки по - отправлений выбирать номера попорядку возможности нет",Проблемы в работе Препост/PrePost,d51f3125e61b179629c9df6d488a667a947c3647883e855f47dec201bb304bec,998,1
38832795,При выгрузке списка выдает ошибку. Скрины прилагаю,Импорт списков из архива ф.103 (zip-архив),df54a841ef292bca2279e67d1b71c0f35e1827965aa3f9539b8d9c981d668cc5,999,1
38834351,Добрый день! В ОПС необходимо установить актуальную версию Препост локально. Актуальная версия .. ...,Установка Препост/PrePost в ОПС,94e67756a7584a59239f47a5b4c9fa06b22da0bd5475a84634044255d1d5b174,1000,0
38834866,Доброго невозможно загрузить файл для международных отправлений,Проблемы в работе Препост/PrePost,05c7d69ce28e5ee16905431a5e90ad210e98ea1a3fe389a130b3cf27122af3f0,1001,1
38835544,Доброго в международной почте нельзя указать получателя ИК цифры ввести в наименование получателя невозможно,Проблемы в работе Препост/PrePost,d2094f5c4bee02cb01d5bfefad1818b86abbc52708e270b478616353834c5667,1002,1
38836191,"При поступления паллат АЛЬКОР и КО на участок УКД Чебоксары приходят очень много не зарегистрированных РПО .. :: Обработка Прибыло в сортировочный центр Татарстан Респ, Лаишевский р-н, Казанский ЛПЦ ПОСЛЕ КАЗАНИ НЕ ПОСТУПАЕТ НА УООП ЧЕБОКСАРЫ ,СРАЗУ НА УКД ЧЕБОКСАРЫ,ТАК КАК ВЫХОДИТ В ПАЛЛАТАХ КОРОБКИ НЕ ПРИПИСАНЫ ф. МЫ ИХ РЕГИСТРУЕМ САМИ ВХОДЯЩЕЙ ПОЧТОЙ И ОТДАЕМ НА ДОСТАВКУ .. :: Регистрация Чувашская Республика - Чувашия, Чебоксары УКД","Проблема с печатью, открытием, формированием документации",ac08aefb67bfb2d381f0ca9da02950407cd96c401dd9e20140994d89b8ec5cb0,1003,0
38836791,"Добрый день. При приеме КПО в плагине ППП ПАРТИОННАЯ ПОЧТА , возникла проблема. Скан прилагаю. Прошу помочь",Проблемы в работе Silkway,694421a76ee14388c4c0089da5e332a12bbe6981d4356e62578ad7c01d9f739a,1004,0
38838394,"Добрый день! Прошу провести проверку и пояснить, как могло получиться, что при наличии приёма .. РПО No , была возможность присвоения идентификатора с таким же ШПИ, и соответственно возможно было осуществить приём нового РПО No",Формирование и закрытие емкостей,4018ff0845666965560b331c74f8e260616bc2a57c015c91d78156946941e131,1006,1
38841587,"Здраствуйте ! На участке а/я программа ИС Возвраты происходит зависание , далее выдает ошибку сервера Индекс ОПС: Индекс ДТИ (выделенный участок):",Проблемы в работе ИС Возвраты,54bf22d4c8c7efd20f6616560a03c459f914880ac4c960233805859deff5bf3c,1007,0
38842101,установить программу на окно w предварительно позвонив ппо телефону,Установка Препост/PrePost в ОПС,96e222091fe49a7e04083d08bf4cd40d9050103a8e066171b53ffc9557999452,1008,0
38843291,на всех кассах работа в Партионном приеме при завершении выходит сообщение с.т. для связи Индекс ОПС: Номер окна: Номер телефона для связи с ОПС: Последовательность действий: Партионный прием - сканировании ШПИ - завершение списка Время возникновения ошибки: .. :,Импорт списков из архива ф.103 (zip-архив),51eb2bc0be33472d322e3dad14d21a838a3df38371263b2aeee3c1bfa57a4549,1010,1
38843302,EAC не работает прием рпо,Проблемы в работе Silkway,32480a02e9cefcd3ab15797ebcf6bb693df69d6c6c470070f638dd5ade847f35,1011,0
38843506,Не завершаются приёмы списков ф. в Партионном приёме на всех окнах. Скриншот ошибки во вложении. Телефон д--- П---а Начальник ОПС Норильск.,Ошибки загрузки страницы/зависания,689e1ae6d5991aeb780775d19d5560efe12d5f6519b12e5ed1a68f69a9a30977,1012,1
38844361,ошибки при загрузке файла,Проблемы в работе Препост/PrePost,07f75fe5f5281f3dbaa0da70a5bdf9223492ec667ebec1295a6a4c8e90018624,1013,1
38844990,"Добрый день! Для выгрузки и контроля статусов РПО ключевого клиента НАО ""Вайнахтелеком"" в УФПС Чеченской Республики, прошу вас предоставить доступ к данному функционалу Руководителю отдела контрол---у---.",Создание и изменение пользователя с правами Администратор,8973f1d0aa001d2cc01dee37015921683dbc9fa3b9f03045a7a456dd63c95b2e,1014,0
38845222,прием простой кореспонденции через лк Индекс ОПС: Номер окна: Номер телефона для связи с ОПС: Последовательность действий: Время возникновения ошибки: .. :,Ошибки загрузки страницы/зависания,206a0783488061b04ae138e7b74f27f3210aabd689349ea700664aa4eaf72fd2,1015,1
38846682,не могу открыть папку фз для чтения и сохранения документов на рабочий стол,"Проблема с печатью, открытием, формированием документации",b2ef5ec84aa0f665cec4ab6c2ba5e97fe74cf95b229a196acb4f1c7a714cd16e,1017,0
38847852,Установить программу и протарифицировать,Установка Препост/PrePost в ОПС,48d1b819ba1b8a33c8bbbae259bf0eec2c66f668f8ff9d87c29d1788b087338a,1019,0
38847858,"Добрый день , в при приеме простой корреспонденции от организации Гольфстрим нет возможности выбора актуального договора No. гольфстрим.. Индекс ОПС: Номер окна: Номер телефона для связи с ОПС: Последовательность действий: партионный прием - ошибка Время возникновения ошибки: .. :",Импорт списков из ЛК ЮЛ,c4b5d40e0e9738e9346f007bcc6c4ab2ee6c983c846af3c68d39f147cd5d6173,1020,1
38848366,"Здравствуйте! Прошу проконсультировать по вопросу отправки международной почтовой корреспонденции. Почему в программе отсутствует возможность выбрать оплату простого международного уведомления марками. Каким образом выдать клиенту корректную квитанцию об оплате МПО, если в реестре указана сумма платы за доп услуги с НДС ,. Клиент оплачивает сумму пересылки международного почтового отправления марками. Марки НДС не облагаются.",Проблемы в работе Препост/PrePost,1f4e0ba14d6022a6354610c58e1661baa7c7657d317b436ad386f94f26fac721,1021,1
38850232,"ошибочно было принято два раза простая письменная корреспонденция от организации, можно ли аннулировать ошибочный список на сумму ,р ? Индекс ОПС: Номер окна: Номер телефона для связи с ОПС: Последовательность действий: партионный прием Время возникновения ошибки: .. :",Импорт списков из архива ф.103 (zip-архив),e5cae59c81ee1ac5a3be84c1a44b21a62e0dfaaef5526477e2f89a96165d4253,1023,1
38850260,созданный файл не грузится в ЛК,Проблемы в работе Препост/PrePost,4987fdd67d0b773c0910b7d74aa06ea5dc1f220bdfb3570ff155bf82f796421a,1024,1
38850334,созданный файл не грузится в ЛК,Проблемы в работе Препост/PrePost,4987fdd67d0b773c0910b7d74aa06ea5dc1f220bdfb3570ff155bf82f796421a,1025,1
38851029,"ПРИ ПРИЕМЕ ЧЕРЕЗ ПРИПОСТ ПОСЫЛКИ ПО БЕЗНАЛУ ОТ ФКУ ИК , ДОГОВОР /-Ф .. ВЫДАЕТ ОШИБКУ ПРОСЬБА ПРОГРУЗИТЬ ДОГОВОР В АСКУ Индекс ОПС: Номер окна: Номер телефона для связи с ОПС: - Последовательность действий: ПРИЕМ ЧЕРЕЗ ПРИПОСТ Время возникновения ошибки: .. :",Импорт списков из архива ф.103 (zip-архив),ad9a57b2ce2f24bb36f7e2ae69b597c734a2fda9eb9d1e2bb84ec9c843f3bce6,1026,1
38851459,"ДОБРЫЙ ДЕНЬ! ПРИ ПРИЕМЕ ЗАКЗНОГО ПИСЬМА ЧЗ ПАРТИОННЫЙ ПРИЕМ ОТ ОРГАНИЗАЦИИ ВЫХОДИТ ОШИБКА ""ОТПРАВЛЕНИЕ НЕ ИДЕНТИФИЦИРОВАНО"" , СОЗВОНИЛАСЬ В ОТПРАВИТЕЛЕМ, У НИХ В ПРОГРАММЕ ВСЕ ОФОРМЛЕНО. КАК ПРИНЯТЬ ЭТО ПИСЬМО? ЧТО НЕ ТАК?ПОМОГИТЕ СКРИН ОШИБКИ ПРИЛАГАЮ",Импорт списков из ЛК ЮЛ,2158b5506a40ec41adcf635e4c1d486876315528e07bb113be159ff858ffaa7f,1027,1
38853547,"Добрый день. Коллеги, просьба настроить в прием ру возможность распечатать ф. а на само клюющий ярлык. Сейчас ярлык ф. а выводится на печать в формате А.",Формирование и закрытие емкостей,17d96aa4d0e5330662a75ef19aa742bca8ec36e4f936ac6e15a1c2e401029fd3,1028,1
38853672,"Добрый день. Помогите пожалуйста. При приёме списка через партионный приём (простые письма), произошёл сбой. Принимала организацию час назад. Пишет, что список в обработке. Зато, час спустя, принял список организации другой, у которой простые письма и список отсутствуют. Скрины прилагаю. Индекс ОПС: . Номер окна: . Номер телефона для связи с ОПС: Последовательность действий: Приём - партионный приём Время возникновения ошибки: .. :",Ошибки загрузки страницы/зависания,46ecccbdeb5763320b38bca3c94078a95cf5f9e6950e3286b1501d07545114c1,1029,1
38854937,"Партионный приём на окне. Закрытие списка было некорректно, с ошибкой.",Импорт списков из ЛК ЮЛ,7c61690bd9f0fb363ad76ca9d3b2ccf302ac5071ed9d8d6988472d48eccde5e9,1032,1
38855334,"Тема письма: От ОПС замечания к работе ПреПост версии ... Текст письма: Добрый день. . Программа не фиксирует наименования организаций и параметры отправлений (если набивать вручную несколько отправлений, каждый раз всё набирать заново). . Программа не запоминаем путь сохранения файлов (приходится каждый раз задавать путь). . Программа не синхронизируется с собой на других компьютерах (если использовать два компьютера, то придётся вручную опять забивать базу организаций). . Программа не даёт повторно использовать ШПИ о отправлениях, не прошедших выгрузку, посредством набивки списков в Excel. . Нет возможности редактирования списков (категорически необходимая функция). . Программа не понимает направление в ГСП (, , и пр). Приходится ставить индекс обслуживания, что приведёт к замедлению почты. . При выгрузке файла Excel, программа придирается к территориям ЛНР и ДНР. Проходит только ручная набивка. Неудобно бить всё по отдельности. . Ещё проблема. Программа не допускает написание адреса и наименования получателя на русском языке для МЖД/отправлений. Допускается русский язык для стран бывшего СНГ. Некоторые организации требуют добуквенного указания получателей. И для них латиница недопустима. Дмитрий Корнев Главный специалист по информационным технологиям Отдел поддержки финансовых и локальных систем Служба поддержки бизнес приложений Дирекция по МР Центральный Блок по региональным сервисам ООО ""Почта Сервис"" , Москва, Варшавское ш., д. Раб. + () ----- --- Это сообщение может содержать конфиденциальную информацию, которая адресована конкретным лицам. Если вы не адресат этого сообщения, то использование, переадресация, копирование или распространение содержания запрещено и влечет за собой ответственность.",Проблема из почты,cad9f9be3d147db9b14664651fd4d52e37d84188cecbfc508b9fc082d8b01295,1034,0
38857581,при приеме писем через гугл не индетефицируются. Индекс ОПС: Номер окна: Номер телефона для связи с ОПС: Последовательность действий: . Время возникновения ошибки: .. :,"Проблема с печатью, открытием, формированием документации",74055986911c2a3026a5fa9b634cca9a767842415aea6f8fa8bbf09c32101e08,1036,0
38858805,"при партионном приеме партии из писем, выдает ошибку , что отсканирован некорректный ЗОО, но по окончанию приема все письма встали по списку из Индекс ОПС: Номер окна: Номер телефона для связи с ОПС: Последовательность действий: при партионном приеме партии из писем, выдает ошибку , что отсканирован некорректный ЗОО, но по окончанию приема все письма встали по списку из Время возникновения ошибки: .. :",Импорт списков из ЛК ЮЛ,611c580cf573ad12458a7ee303b690e4424dd90a914f7fce48b43175e9724ec3,1037,1
38859764,"НЕВОЗМОЖНО ПРИНЯТЬ ПАРТИЮ ПИСЕМ ШТУК ОФОРМЛЕННЫЕ ЗОО , ОТ ДМС ОФОРМЛЕННЫЕ КАК ЭЛЕКТРОННЫЕ ЗАКАЗНОЕ В БУМАЖНОМ ВИДЕ ИХ МВЦ ЗАБАЙКАЛЬСКОГО КРАЯ ВЫХОДИТ ОШИБКА , СКРИН ПРИЛАГАЮ Индекс ОПС: Номер окна: Номер телефона для связи с ОПС: Последовательность действий: Время возникновения ошибки: .. :",Ошибки загрузки страницы/зависания,b7f7911989eadbe3c8ff98a3ca7b2c2dbf36b2938f7db2b3be99ab4d8a230ca1,1038,1
38861020,"СПИСОК НЕ ЗАГРУЖАЕТСЯ . НОМЕР ОТ УФССП ПО ВО. ПРОГРАММА СООБЩАЕТ , ЧТО В СПИСКЕ ЕСТЬ МЕЖДУНАРОДНОЕ ОТПРАВЛЕНИЕ. НО ЕГО В СПИСКЕ НЕТ. Индекс ОПС: Номер окна: Номер телефона для связи с ОПС: Последовательность действий: СПИСОК НЕ ЗАГРУЖАЕТСЯ . НОМЕР ОТ УФССП ПО ВО. ПРОГРАММА СООБЩАЕТ , ЧТО В СПИСКЕ ЕСТЬ МЕЖДУНАРОДНОЕ ОТПРАВЛЕНИЕ. НО ЕГО В СПИСКЕ НЕТ. Время возникновения ошибки: .. :",Ошибки загрузки страницы/зависания,3560882c0195602354ff80ae394559e9f890ba65daf907ba52d752bf3837f540,1039,1
38862173,срочно установить программу на арм ... ... предварительно позвонив ппо теле,Установка Препост/PrePost в ОПС,593662b8c3a2294c34b072e7fa4297614644b3e13319d86498c44d185d03d194,1041,0
38863750,"УКД Новосибирск Коллеги, добрый день! Не можем принять РПО. Поможете?",Импорт списков из ЛК ЮЛ,0e3914e911f042b528c60ee8bf3887b2eab8d0335b0e0793f7d2dcbec8cbab34,1042,1
38865608,В программе PrePost не можем принять письма с разрядом Административное.Проходят только письма класса.,Проблемы в работе Препост/PrePost,e0eab0d541520d3ca4d4588d2bc1da237f5fb46b07c6624425be00b0f57aca84,1043,1
38867164,"обговили препост в новой программе нет также индексов гсп зеленоград с корпусами не грузит,. а также другие ошибки все в архиве скрины ошибок с загрузочным файлом если удалить все отправления из загрузки, исправить файл повторно не дает загрузить с уже использованными ШПИ, но список мы не загрузили и удалили его из списка в обработке",Проблемы в работе Препост/PrePost,663a6440685a4a103ac0981c574f2719284703bc37d6269bd9d81f9e43fb1bae,1044,1
38867294,добрый день! не садится принятое письмо в накладную для отправки! Индекс ОПС: Номер окна: Номер телефона для связи с ОПС: Последовательность действий: Время возникновения ошибки: .. :,Импорт списков из ЛК ЮЛ,c976fe2e909c95f59603f9d6ed6d4a9da2d259bd5d8164aa8e1a95379b17f91f,1045,1
38870043,"на всех операциях происходить завесания транзакций ( на торговле, приемке почты и выдачи, платежей по коммуналке иногда до х минут",Ошибки загрузки страницы/зависания,abbc217b8e85c0269ab378a5cfaac8cd3d5e8b9b59dc67832a5e329d8162480a,1046,1
38871683,"ОПС , по ВТК ИНН , необходимо удалить принятые списки, номера списков ВИТК No от .. на сумму , , ВТК No от .. на сумму ,, ВКТ No от .. на сумму , КТ + партионный прием, проводился на кассе",Формирование и закрытие емкостей,e521a961c7d2a757e7cfc7b91d377d4800f8f29658e5342b0ef72336629547f3,1048,1
38871901,Тема письма: программа PrePost Текст письма: обновили программу prepost на версию .. и при создании отправлений с уведомлением не формируется для печати бланки уведомлений ф. как можно это исправить?,Проблема из почты,9da5e5ce5ef911e07d24c31c2be6a33620dd3f604e8ec385796edec099c5f3cd,1049,0
38876325,Добрый день! Прошу проставить статус приём в базе ЕАС в ОПС у РПО . Запрос: RP Услуга: ПС. Сопровождение ЕАС ОПС Вид запроса: Устранение инцидента Результат работ: Возврат на переклассификацию Описание решения: Добрый день. РПО у отправителя заключен договор с АО Почта России. Прием должен был проводиться через плагин Партионного приема. В ИС СОРПО операция от плагина отсутствует. Запрос для анализа проблемы необходимо передать на поддержку плагина Партионный прием.,Импорт списков из ЛК ЮЛ,482d76831c3b59d58019aba4fbafe3a3d4d1465371089207d2ed081f75b736eb,1052,1
38876339,"при приеме отправлений в партионном приеме(Priem.pochta.ru) от разных пользователей на разных компьютерах( Т--- , Г---) , выходит акт входного контроля с отсутствием отправлений от пользователя Е---","Проблема с печатью, открытием, формированием документации",5d1c6c7060c5ca118c906ce6cbf83b284b3de702978461c655b969525ce75990,1053,0
38877813,"Здравствуйте,набирала письма военкомат через препост в список,не могу выгрузить в папку,чтобы распечатать ф ,в папке не загрузилось,что за ошибка?срочно помогите",Проблемы в работе Препост/PrePost,1a4b8b9690d91caa4771f23b5fbf119b287d71c8bc5c1764c702eb16e3fe20d3,1054,1
38880622,---вна Телефон: Учетная запись: Электронная почта--- Суть обращения: клиент направил телеграмму через МП но не поступило уведомление об отправки,Проблема с push/sms/email,2b7bbc1799db71e5e236827046783e125cf49f094945aa07bccda35ab538ff0c,1058,1
38880679,"Текст: У меня работает интернет в доме по WI-FI, получаю QR-код, который ""сгорает"" в течение минут и обновить его в почтовом отделении я не могу, поскольку интернет у меня работает только по WI-FI, которого в почтовом отделении нет. Может быть стоит подумать над тем, чтобы оборудовать почтовые отделения роутерами.",Проблема с QR-код(подключение/отключение),8185e1e0c42807d6f6061f7427ea63ce75883194a97f0e70c015d811f8645ae8,1059,1
38880888,"Здравствуйте! Ответ прошу направить на почту клиента. Его проблема: Qr код не активируется: запрашивает код смс и снова выводит на синий экран активации кода. И так бесконечно по кругу. Приложение переустанавливали. Сотрудники почты помочь не смогл Пробовала со сканером отпечатка пальца и без него. Приложение обновила, не помогло. . Асташова Анастасия Дмит--- . Андроид . Версия . Google pixel pro",Проблема с QR-код(подключение/отключение),c25e6407439a7831a8c87d24f1a8336232453bbee06317827d7c8a8384f08439,1060,1
38881117,Добрый день В ОПС со вчерашнего днне могут провести прием списков оформленных в ЛК клиента Списки от марта No от мировых судей на отправлений и Список No от судебных приставов При скнировании вылетают ошибки: На список На список При отслеживании выборочно по номеру РПО и операции имеются,Импорт списков из ЛК ЮЛ,5c1dfbb8a23cfe0a13dcaffc73bc1c31d4d820e4e87c04a67c6bd73c593cd37f,1061,1
38881187,"Тема письма: Акция с промокодами/Клиент не может оплатить промокодом/промокод исчез из МП Текст письма: Тематика: Акции с промокодами и Мобильное приложение Канал поступления обращения: По телефону Дата поступления обращения: : ..--- Телефон: Адрес заявителя: - Индекс ОПС: - Номер ШПИ: Адрес почтомата: - Учетная запись: - Электронная --- Суть обращения: Клиенту приходит информация по чужим отправлениям в --- Например: , Это последние трек-номера, а их приходит много и регулярно. Клиент просит проверить и исправить ошибку.",Автодобавление почтовых отправлений,b7046078576aa574bd06868bb2cfef4c160f4082508756bc0d5bf8f693194576,1062,0
38881751,"Здравствуйте. Обращение клиента: ""Кнопка оплатить и отправить не работает при оформлении электронного письма через приложение. Все зависло как на скриншоте"". Ответ просим направить клиенту на электронный адрес. С--- И--- .Викторо---",Не проходит оплата/возврат,0a1da4289b4a51d066d3423cc5336f2344d46a0a568f7ee71785cb7c942facb0,1065,0
38881913,"А--- Александр--- В таком случае, почему у меня не работает функция ""Отслеживание""? К которой я подключена несколько лет. Но в последнее время я не получаю никаких сообений о передвижении почтовых отправлени",Проблема с данными в личном кабинете клиента,410c65df68f50acc7c9373bff7b91949356db1f1d7167c1043e50eab8238cc39,1066,0
38882242,Добрый день! В журнале РПО и на сайте ИС СОРПО не отражается прием РПО по списку При повторном приеме выходит сообщение: На сайте ИС СОРПО статус РПО присвоение идентификатора:,Импорт списков из ЛК ЮЛ,1f282d0a4bfc2c5ffa2e9b6057509f878e2b9ae74e1af38b7e8d23618b4a72d3,1067,1
38882300,сделали список в препост с каким основанием возвращать данное письмо клиенту? данный индекс не является доставочным?,Проблемы в работе Препост/PrePost,3c9267cd180bd81962fd5ab0b5e320e2ea59d15f13bebe451b159b59a2bcc972,1068,1
38882689,"Вносим Предложение по внедрению ПЕРЕКЛЮЧЕНИЯ Аккаунтов в Приложении. Будет очень удобно пользоваться внутри семьи, чтобы -летнего отца не тащить в отделение Почты России.",Предложение по изменению,4d882b08e3211d0a7210726cea1d3c1830d8aca9717b9086bbadca49c7e61a46,1071,0
38882989,"Тема письма: Услуги для населения/Самостоятельная регистрация отправлений Текст письма: Тематика: Самостоятельная регистрация отправлений Канал поступления обращения: По телефону Дата поступления обращения: : .. Ф--- Телефон: Адрес заявителя: край Ставропольский, р-н Ипатовский, г Ипатово, ул Профсоюзная, д. Индекс ОПС: Номер ШПИ: Электронная--- Суть обращения: При самостоятельной регистрации отправления возникает ошибка при оплате в ОПС. Деньги с карты не списываются. Приходится оформлять посылку снова. Ошибка возникает в течении месяца при отправке разных отправлений. Прошу устранить ошибку.",Не проходит оплата/возврат,f503a6fd48576d4ebffb17d71ed6e547ddf460824e4491efc418a0877af8886e,1073,0
38883050,"Тема письма: Акция с промокодами/Клиент не может оплатить промокодом/промокод исчез из МП Текст письма: Тематика: Акции с промокодами и Мобильное приложение Канал поступления обращения: По телефону Дата поступления обращения: : .. --- Эл--- Суть обращения: На адрес электронной почты приходят уведомления о поступивших РПО, которые мне не принадлежат",Прочее,14aad09c0d97635dfc3ea098080090b144a6cff35cd472229737c44d6f08c47d,1074,1
38883146,"Проблема со шрифтом кириллицы в некоторых отправлениях, пишет ""кракозябрами"" и поэтому невозможно определить отправителя Ч--- Вл---",Проблема с данными в личном кабинете клиента,2b8cbb3faf88b7cc23479c87a223f37f442071cca9ca1cc4249d1e3bb8b665d3,1077,0
38884697,"Тема письма: Проблемы с учетной записью при входе в Мобильное приложение или сайт Почты России Текст письма: Тематика: Проблемы с учетной записью при входе в МП/Сайт Канал поступления обращения: По телефону Дата поступления обращения: : ..--- Телефон: Адрес заявителя: проспект Димитрова кв Индекс ОПС: Адрес почтомата: обл Новосибирская, г Новосибирск, ул Путевая, дом Электронн--- Суть обращения: Не поступают уведомления в приложении",Проблема с push/sms/email,ac9f94fba59e8bc8f57e8e57f2848d46bba22dc8f3279c52c35d1a9505d10c30,1080,1
38884775,"---вна Телефон: Адрес заявителя: проспект Димитрова кв Индекс ОПС: Адрес почтомата: обл Новосибирская, г Новосибирск, ул Путевая, дом Электронн--- Суть обращения: Не поступают уведомления в приложении",Проблема с push/sms/email,ab9f9396cd9b63a04e3960e757c11a88ea5661f0fcb0dd2cce8fef6064c531d6,1081,1
38885284,"Добрый день ! прошу помочь разобраться в этом вопросе . C .. по .. не проходят заказные письма в личном кабинете, пишет ошибка сервиса, но такая ошибка выходит часто. Делала выгрузку писем .. на .. оператор с почты мне вернула их обратно, т.к. пишет такую же ошибку ( ошибка сервиса) как и у меня. Сегодня .. пыталась еще раз сделать выгрузку, но безуспешно. Наименование организации: ООО Каргилл ИНН организации: Номер договора организации: Скриншоты с ошибками; вложенные документы с уточнениями; платёжные поручения клиента: ООО Каргил.png",Ошибки загрузки страницы/зависания,7ed65d517561d8baa80cac8fab686ceb75609c97ab03b237a444f8455218055c,1084,1
38885449,ПРИ ОБРАБОТКИ ПАРТИОННОЙ ПОЧТЫ БЫЛ ПРИНЯТ И ОБРАБОТАН СПИСОК No. ПРИ СОЗДАНИИ ЕМКОСТИ ДЛЯ ОТПРАВКИ ПОЧТЫ ВСЕ РПО ИЗ СПИСКА НЕ ВСТАЮТ В ЕМКОСТЬ,Формирование и закрытие емкостей,c22b9b4af9a13986a0be9fc0217637597025ff809bb9d8c7c4042a2e20e982d4,1085,1
38885494,Нет возможности вручить РПО по QR коду. Просим провести анализ корректности формирования QR кода в ЛК клиента.,Проблема с QR-код(подключение/отключение),6949e1ac2244cd7783be01a6be577ace5578db5ad906aa6278075d64b27584a6,1086,1
38886109,"С--- М--- А--- QR активировал, смс сообщение каждый раз надо вводить чтобы зайти в qr код, так не должно быть",Проблема с QR-код(подключение/отключение),56b0c0d4320b47493b8420f25175cc783711b38de6c71365232caa7ef0ca89cb,1090,1
38886385,"Добрый день! Объясните мне пожалуйста почему я не могу получить этот Q код,чтобы получить свои посылки Б-- И--- Вла---",Проблема с QR-код(подключение/отключение),54c416f613e3a94eebaadca04bb765fd2b7977361ef7a30473b32287ee288ae1,1091,1
38886469,Здравствуйте! В--- Ол--- Не мои треки. вложение .,Автодобавление почтовых отправлений,6d3300a8ed01c1ad976043965d75fa0a0a48ab5bee73b11cb73bc3d77ff7b700,1092,0
38886596,"RP Данные аккаунта:--- Добрый день. Примите пожалуйста жалобу на ошибку в работе сайта и приложения. Опять кто-то сильно умный у вас поменял настройки и теперь очень неприятная ошибка происходит. Когда я отправляю посылку человеку Я отправляю ему в ответ через функцию поделиться из приложения ссылку содержащую трек номер. Ранее такая ссылка открывала сразу информацию о посылке в приложении или на сайте. Теперь этого не происходит. Приложение вообще не открывается по такой ссылке. А сайт открывается с окошком введите трек-номер. Это неприемлемо это ведет к множеству непониманий и вопросов со стороны получателей. Я требую немедленно исправить эту ошибку! Буду вам крайне признателен если вы просто передадите эту информацию системному администратору и не будете задавать неуместные вопросы. Хорошего вам дня! КЛИЕНТУ НАПРАВЛЕНО: С целью обеспечения безопасности данных по отправлениям, изменился процесс отслеживания статусов по номеру отправления на сайте Почта России. Для просмотра полного трека движения отправления необходимо войти/ зарегистрироваться в ЛК на сайте Почта России или в мобильном приложении. ОТВЕТ ОТ КЛИЕНТА: дорогие, убедительно вас прошу убрать это умное нововведение. это полная дичь. поверьте, Я очень опытный пользователь Почты России,отправляю десятки посылок в месяц. и в последнюю неделю каждый получатель в недоумении пишет мне, что он не может отследить трек номер. я уже затратил на ответы кучу времени и это продолжится, потому что Ни один нормальный человек не понимает, почему он переходит по ссылке, которая включает в себя трек номер и попадает на непонятную страницу, которая просит его ввести трек-номер. обращаю Ваше внимание, что люди не обязаны регистрироваться на сайте Почты России. обыкновенный получатель имеет право отследить свою посылку без какой бы то ни было регистрации а ещё вы никак не прокомментировали Почему при нажатии на ссылку в смартфоне нет перехода в приложение почты на посылку, а вместо этого попадает На дурацкий сайт который предлагает Ну сами знаете что. увольняйте сразу таких программистов!",Ошибка в приложении (восстановление работоспособности),649b5dba3ddc4660863d2dcfef444e80f293d0cfbf04c6f7cd20246f827f3178,1094,1
38886895,"не приписать РПО к исходящей емкости, принято через партионный прием, оплата ЗОО, выдает ошибку отсутствует в кладовой, по отчету список отработан корректно, скрин прилагаю Индекс ОПС: Номер окна: Номер телефона для связи с ОПС: Последовательность действий: - Время возникновения ошибки: .. :",Формирование и закрытие емкостей,e2498050ddbfd3c8cb8a3f6d133f0c82252ae1f78db7db60a2e392454021f177,1095,1
38887626,"Отсутствуют РПО в кладовой хранения после приёма Невозможно собрать почту на отправку ,,, Индекс ОПС: Номер окна: Номер телефона для связи с ОПС: Последовательность действий: Время возникновения ошибки: .. :",Импорт списков из архива ф.103 (zip-архив),6b8993356878d60a0d6c963fcc48583a61f12a3ccc77a19d39fe107f7a639fa6,1097,1
38888106,"Тема письма: Тема отсутствует. Текст письма: Вот здесь появлялись бы, было бы отлично.",Прочее,42c2d618252df3acf95be0c41af369f50136403e71307a5fb407631028457f97,1099,1
38888315,"Тема письма: Ответ на Google Play Текст письма: Здравствуйте. Почему убрали возможность оставлять обращения в личном кабинете. И на сайте, и в приложении. Ссылки не ведут на формы либо выбрасывают на общую справочную информацию. А робот поддержки только для отфутболивания. За это минус две звезды. Хотя надо бы и больше забрать Сама Почта России присылает старую ссылку на оставление обращения/претен---/account/claims"" Но попробуйте сами оставить там хоть что-нибудь. Просто справочная информация и даже если вы дойдете до советов как все-таки оставить обращение, то оно вас вернет н---/account/claims», где нет форм для обращений. При том, что госуслуги привязаны, я везде авторизован, подтверждения личности дополнительно не требуется, но воспользоваться я этим не могу. При попытке авторизоваться через госуслуги браузер пишет о необходимости привязи аккаунт, но в самом профиле стоит что аккаунт привязан и его можно только отвязать. Ситуация одинаковая и в приложении, и на сайте. С уважением, Константин Тел: ---",Прочее,abd538e54c572494eef9af892252bd9b5dd2cf31e336a1fb7ecd6ec6fa45295f,1100,1
38888317,Добрый день! Прошу оказать содействие по обращению No относительно проблем со входом в ЛК:Тема: Вход в аккаунт. Текст: Объясните как на одном телефоне и почту пр---сти? Захожу в почту. Копирую код подтверждения почты. Захожу на страничку а там опять - введите почту и мы вышлем вам новый код. Второго телефона и ноутбука под рукой нет. Сто делать? Вы там совсем уже что ли обезопасились??????? Вот больше нет никакого желания пользоваться вашим сервисом. Сто раз пожалел уже. Всего доброго! -- С уважением------ Номер телефона - не указан,Проблема с авторизацией/ЭЗП/Бонусами/Доверенностями,20797962fa1bb3bda4465113ec9b58967301e915dcd76c52008bf80b61a3f9f1,1101,1
38888596,Не могу подключить qr код для получения отправлений. Когда хочу открыть код меня перебрасывает на гос услуги а там пишет что уже зарегестрировано на мой другой номер. Ходила на почту раза первый раз поменяли номер не помогло второй раз зарегистрировали через почта банк почему то взяли паспортные данные и тоже не помогло данные клиента С--- М--- С---,Проблема с QR-код(подключение/отключение),dba35a19756f422e78bda891f3a64d475b77cbeb82c6232f9ea1d553e8d3103f,1102,1
38888638,в программе PrePost нет приема заказного письма в республику ДНР,Проблемы в работе Препост/PrePost,e50d9f71687ff68460089cd598391fe217e905164579677dc062b63a104b57d9,1103,1
38888965,"Добрый день! РПО принято .. через партионный прием, но в отслеживании не отображается статус принято в отделении. Не отображается в кладовой. Не можем отправить письмо в пересылку. Завершены все дочерние запросы: Запрос: RP Услуга: ПС. Сопровождение ЕАС ОПС Вид запроса: Устранение инцидента Результат работ: Возврат на переклассификацию Описание решения: Добрый день. Инцидент необходимо направить на поддержку плагина Партионный прием. В ИС СОРПО отсутствует операция прием:",Импорт списков из ЛК ЮЛ,b2835198dc27e790c4deff4900676509700e217c7be266049d0493677c2f0361,1106,1
38889036,"Тема письма: Акция с промокодами/Клиент не может оплатить промокодом/промокод исчез из МП Текст письма: Тематика: Акции с промокодами и Мобильное приложение Канал поступления обращения: По телефону Дата поступления обращения: : .. ФИ--- Телефон: Учетная запись: Электронная п--- Суть обращения: с февраля года клиенту поступают отправление ---. Клиент не знает, кто это и отправления никак к нему не относятся. Просьба разобраться в данной ситуации.",Прочее,cc3c5781e9b36750fe220b4d743c7a9018d6d67595fcbd8c1b1c201d269362a1,1108,1
38889414,"Добрый день! Повторное обращение клиента ИСО No. Прошу сообщить информацию о направлении СМС уведомлений отправителю даты, время?Отправляла заказные письма и оплатила смс оповещения. Письма по треку получили, а смски не б--- Оповещение на телефон Другова Юлия. Клиент не согласен с предыдущим ответом и просит вернуть д/с за неоказанную услугу по СМС информированию.",Проблема с push/sms/email,8136541df08e6fc06a0b44efc8cd415fbdf3b7be94f90087adb6e87e1a044353,1110,1
38889513,добрый день не погу принять письма в партионном приеме от министерства обороны. данные отправителя поменяны что делать.?,Импорт списков из ЛК ЮЛ,9b738245749095c512eb1f1d4c54ce0ea2461e0912dc89f7966d8ca77783af4c,1111,1
38890007,"Тема письма: Акция с промокодами/Клиент не может оплатить промокодом/промокод исчез из МП Текст письма: Тематика: Акции с промокодами и Мобильное приложение Канал поступления обращения: По телефону Дата поступления обращения: :--- Телефон: Номер ШПИ: Учетная запись: Электро--- Суть обращения: ОПС No работает по адресу ""-летия Владивостока пр-кт, А"". При поступлении отправления в ОПС, В МП адресом ОПС указывается ""край Приморский, г Владивосток, ул Русская, дом а"", по которому ОПС не функционирует. Заявительница просит, чтобы информация в МП отображалась корректно",Прочее,292693c8639d478ae485da396137cb86ba3b94327d3854c11595b208a1698cb2,1112,1
38890084,".. было принято письмо No от Арбитражного суда . Данное РПО не можем вложить в емкость, так как отсутствует в журнале РПО. Скрины прилагаются. Индекс ОПС: Номер окна: Номер телефона для связи с ОПС: Последовательность действий: Прием Время возникновения ошибки: .. :",Ошибки загрузки страницы/зависания,87b2deb21adeb6f085e6b1677f74e80a273ac8b1c12c65a64e9dbe122011f10c,1113,1
38890178,"доброе утро, коллеги, поступила жалоба на МП, прошу прокомментировать, что можно ответить клиенту.Тема: Проблема мобильного приложения Текст: Уважаемые разработчики ПО, Есть серьезная недоработка в мобильном приложении Почты России – после отказа в резервировании ячейки АПС для моей посылки (трек-номер заказ с АлиЭкспресс) в почтамате отделения связи () статус этого отправления изменился с доставленного в отделение на как вновь находящийся в пути (индекс , что можно интерпретировать, как возврат в сортировочный центр), а не как просто переданный в отдел доставки того же отделения связи для выдачи в обычном порядке через оператора. Последнее было установлено во время специального посещения отделения связи .. в целях прояснения сложившейся запутанной ситуации. На месте было подтверждено, что данное отправление все это время с марта ожидало выдачи в данном отделении (в отделе доставки), но получатель об этом не был информирован. «Проблемное» отправление было незамедлительно вручено. По причине недостоверного информирования получателя о статусе его отправления на финальной стадии доставки есть риск потерять заказ из-за истечения установленного срока хранения (добродушно полагая, что отправление все еще в пути и Почта России дополнительно известит о готовности к его выдаче) и получить ненужное длительное разбирательство с почтой и торговой площадкой, кто виноват и кто будет компенсировать нанесенный ущерб. Любезно прошу обратить внимание на эту существующую техническую проблему (для получателя отправления отказ в резервировании ячейки АПС это факультатив или необязательная информация, важнее – где после этого посылка? «В пути» означает, что она еще не готова к выдаче). С уважением Сергей Дергачев заранее спасибо.",Предложение по изменению,125f832ead142cd0c21b3ee77e9207bd2ed7ae6292b162a26c6b6d3efaeb12c7,1115,0
38890893,"О---, Добрый день Здравствуйте! По моим паспортным данным на почте выходит другой человек, из-за этого не могу сделать qr код для получения посылок. Что делать ?",Проблема с QR-код(подключение/отключение),5006a86fed9c90fad570cb15553ad3bd3314acbd646021b33b274b37303ab652,1117,1
38891103,Не удается принять партионные письма по форме на штук.Индекс ОПС: Номер окна: Номер телефона для связи с ОПС: Последовательность действий: прием партионки Время возникновения ошибки: .. :,Импорт списков из архива ф.103 (zip-архив),4de6b84dcf2c6a90ebe125721cd31c9e5dde93cf76df613fbca3681d1e6070c0,1118,1
38892041,"Добрый день! В ЦПК поступило обра---а с претензией на то, что уведомления ему поступают на разные электронные адреса. Просит направлять только на один адрес эл.почты. Номер телефона клиента : Адрес эл. почт--- Прошу проверить какие еще адреса эл почты подключены у клиента для направления уведомлений, клиент просит оставить только этот адрес. Я не нашла в его профиле подключенных адресов эл.почты. Заранее благодарю.",Проблема с push/sms/email,625953dc5da5e21a2e5958e5fccbe4c51832fe82d21d6341cef02ca95c243097,1121,1
38892079,"Смычков Андре--- Электронное извещение. Ваше отправление прибыло в отделение Почты России Вопрос почему нет информации в приложении . Почему на почту приходит уведомление, а в приложении тут никакой информации? только что переустановил приложение.",Проблема с push/sms/email,37bfc11fc280213b810507b3aeb2598ac1b9daac25705201031f19b02b55c6e9,1123,1
38892930,"Добрый день. Мне необходимо внести изменение дней выхода в офис в графике, но отсутствует возможность войти в График гибридной дистанционной работы в ЛК Восстановить вход, пожалуйста. мой тел + Полина",Создание и изменение пользователя с правами Администратор,0b833b6430e94394498430da71d8ba9ffbaf03266ea79d67f021c5e094006de6,1124,0
38893216,"gr--- - Кирилл, +()--- есть проблема с отображением этих отправлений в приложении. У меня не получается обновить данные паспорта импортом с госуслуг, поскольку адрес моей постоянной регистрации больше не существует, здание было снесено и его больше нет в ваших базах данных.",Проблема с адресами,d4b20899a8b8b06d426e0cb80e10e9931281b878656f4f37bc4d52c52baebadb,1126,0
38894127,"Доброе утро. Не могу сформировать емкость на письма. В моменте формирования, выхолит информация о том, что у писем идет присвоение идентификатора. В моменте приёмки через партионный прием, все документы сформированы корректно. Прошу проверить причину по которой письма не могут быть отправлены. Заранее благодарю.",Импорт списков из ЛК ЮЛ,573f7513695bdceea03398558277cb43f610c914227673ac2b6cb0a214fb5099,1128,1
38894331,"RP Щ-- А--- --- Здравствуйте, почему так кособоко написано в приложении? Зачем в заблуждение вводите? о таможенном платеже не корректно прописана информация, клиент просит прописать более корректно когда нужно оплачивать таможенный платеж, каким способом, что нужно для этого, либо уведомление это появлялась когда отпарвленеи уже поступит в отделение, т.к. клиент думал уже нужно идти платить, хотя отпарвление в пути. Вопрос по трек номеру cyde Написали бы: при получении - и вопроса не было бы. Так ведь нет! Клиенту направлен ответ по первому запросу :Благодарим вас за конструктивное обращение. Мы стремимся к усовершенствованию предоставляемых услуг, пожелания и замечания пользователей очень важны в этом процессе. Ваше замечание/предложение передано в ответственное подразделение. ПОЛУЧЕН ОТВЕТ ОТ КЛИЕНТА: Я задал вопрос и не получил ответа Это что такое? Мне что, в Роскомнадзор идти жаловаться???",Предложение по изменению,ed73f22ad6219a4d36b62a194024b0bf826b4f6135bdd5604d1e086e44f937f6,1129,0
38894900,"Добрый день. Просьба оказать содействие по прилагаемому обращению No . Заранее благодарю.Тема: Претензия Текст: Здравствуйте! Когда наконец в отделении (Санкт-Петербург) заработает программа для приема наложенных платежей, которую уже дней якобы устанавливают. Долго это безобразия будет продолжаться? Как вообще посылки то получать? Если у вас системные админимстраторы ничего не могут делать, так увольте их и возьмите новых. Полное безобразие. Д--- Виктор",Прочее,230b505c4c518d91ddcb6dd72e544f452c539402091cee927916f2fc08103177,1131,1
38894934,Добрый день! В ОПС ЗТ требуется подключение весов Мера/ кг к системе Партионная почта. Требуется инструкция для подключения весов. При получении Инструкции сотрудники Сервионики выполнят работы по настройке.,Формирование и закрытие емкостей,4fad5634bef11727885f1e712e789416210c3139df0c25290fddf6ab999b312e,1132,1
38895135,"Здравствуйте, приняли посылки через Партионный прием, но они не прогрузились в журнал РПО и мы не можем их отправить",Импорт списков из ЛК ЮЛ,d362a9102d64ab6f8be09d558c5a755bb463be0f852100571001d96be20a66e0,1133,1
38895887,"Добрый день. Согласно данным ИС СОРПО, РПО ШИ принято с категорией ""С объявленной ценностью и обязательным платежом"". Но, при этом, при приеме была указана сумма наложенного платежа. По данным БД Кладовой ОПС приема видно, что некорректные данные поступили из плагина ""Партионная почта"". По данной причине в ОПС отображается суммы на оплату ""Наложенный платеж"" и ""Обязательный платеж"" Для анализа и корректировки некорректных данных инцидент RP необходимо переклассифицировать на ответственных за плагин ""Партионная почта"". Добрый день! Прошу провести корректировку РПО С Н/ПЛ. НА СУММУ , РУБЛЕЙ. По программе выходит платеж ,. Правильный платеж , ,на кассу платеж выходит с ошибкой на ,",Передача статусов в Трекинг,504710732dbedce5336a5483a4d2de9efc5b29f3ca58b2fb6f5eaa72b9274dbf,1136,0
38895917,У кли--- не поступает информация о передвижении отправления на E-mail из системы отслеживания. Вообще никакая информация по отслеживанию не поступает. Трек- номер . Уведомления в личном кабинете включены. Скрин во в---,Проблема с push/sms/email,a883e54b7fd430de30f3ef82dcb4c2fcdb3c092a5d7d6056caec5581a36ffc97,1137,1
38896038,Тема письма: Акция с промокодами/Клиент не может оплатить промокодом/промокод исчез из МП Текст письма: Тематика: Акции с промокодами и Мобильное приложение Канал поступления обращения: По телефону Дата поступления обращения: : .. ---ись: да Электронна--- Суть обращения: Пользователю поступают СМС-уведомления по чужим трекам,Прочее,6ce117b3a1b44b5dda33664cc2b62bc2e0b17116813a5dcd38c6f027a7db396a,1138,1
38896697,"Тема письма: ИСО Текст письма: Добрый день. Клиент тел. () в мобильном приложении почта России направляла денежный перевод, за который просит вернуть деньги. No перевода сказать не может.По информации от тех. Поддержки Клиенту чек о переводе пришел .. в : на электронную почту --/ticket?t=T&s=.&fn=&i=&fp=&n= ) Можно порекомендовать обратиться --- После, актуализируйте данный запрос. А можно уточнить информацию о переводе для продолжения работы по заявке(клиент пишет уже раз). Наталья Тюгина Специалист Группа по работе с обращениями Отдел по работе с обращениями физических лиц Заместитель директора Центр поддержки клиентов АО «Почта Ро--- Это сообщение может содержать конфиденциальную информацию, которая адресована конкретным лицам. Если вы не адресат этого сообщения, то использование, переадресация, копирование или распространение содержания запрещено и влечет за собой ответственность.",Прочее,19a5dd5ad4f95158b9d616a6f171f31758df0e34d67afb12f758e3717bda4ea4,1139,1
38896704,"С--- Мар--- Я вчера зарегистрировался, система запомнила номер телефона и пароль и тут же при входе пишет неверный пароль или имя пользователя (номер телефона) как это понимать??! Не пишите перепроверить правильность ввода, с этим проблем нет",Проблема с авторизацией/ЭЗП/Бонусами/Доверенностями,d145373cc7b7de32b068a741db0282645d3f49e6b0f158a21868e80c4c1e5020,1140,1
38896860,"Добрый день! Уважаемые коллеги! Поступило обращение ИСО- Я отвечаю что РПО вручено, а клиент пишет повторное обращение, что приход ей сообщение можно получить до .. Прошу проверить отправку СМС уведомления РПО Сообщите р--- Тема: Re: Ответ на обращение No Текст: Поясните пожалуйста, вы пишите, что мои документы вручены представителю банка, однако по отслеживание, написано можно получать срок до .,значит никому не вручено письмо! Прошу разобраться, найти документы и доставить адресата, иначе буду вынуждена подать в суд, так как с утерей официальных документов, были нарушены права несовершеннолетних детей!!!!! Отправлено с моего телефона HONOR -------- Исходное сообщение -------- От: Почта ---> Дата: ср, ма---",Проблема с push/sms/email,278b959e7e9a64ae0a68d7bb5848cf96517e389eda5bad1d004fdfb4231c7946,1141,1
38897169,---а Телефон: У--- Электронная --- Суть обращения: Клиенту не приходят электронные уведомления о поступлении денёжных переводов в ОПС. Просьба разобраться в ситуации и принять меры.,Проблема с push/sms/email,2d1b5825b67961289a7ef14bc4a059dd6945aacd7079888b4955055cabd9aaf2,1142,1
38897827,"Добрый день! Не приходят уведомления на почту о создании трек-номера, о получении письма. ООО Союз Металл",Проблема с push/sms/email,aebd9f97d76fc8d91fdc3f595cf905514dd4fc88f530a667fa81e4c6146ad8e0,1144,1
38898003,"Добрый день, Прошу оказать содействие на обращение ИСО No Тема: Обращение КЦ Текст: Тематика: Предложение Подтема: Предложения общего характера Канал поступления обращения: по телефону Дата поступления обращения: .., : Тип заявителя: физическое лицо ------ ШПИ/номер: Номер ОПС, адрес: Индекс издания, адрес доставки: Суть обращения: В мобильном приложении указано что не обязательно вставлять код ТН ВЭД для физических лиц, а при отправке его требуют , некорректная информация в приложении",Прочее,9c139e37deb220106034de186e3985e340051b2debe9343c31f2b7462cf64189,1145,1
38898572,Тема письма: Проблемы с учетной записью при входе в Мобильное приложение или сайт Почты России Текст письма: Тематика: Проблемы с учетной записью при входе в МП/Сайт Канал поступления обращения: По телефону Дата поступления обращения: :--- Телефон: Номер ШПИ: RVHK Электронн--- Суть обращения: В МП у кл нет кнопки оплатить таможенную пошлину онлайн. Просьба решить данную проблему,Предложение по изменению,63a6a8d01eb911edd9d5b365bff82dfe0072bf13b376730b7eea5e6fc05f6944,1148,0
38898613,"Тема письма: ПЭП, Е. Жалоба Текст письма: Тематика: Простая электронная подпись Канал поступления обращения: По телефону Дата поступления обращения: : .--- Телефон: Электронна--- Суть обращения: На имя клиента оформлено электронные доверенности, но доверитель отображается не корректно. Доверители: С--- И--- (в программе отображ---), К--- В--- В--- (отображается Зухра.Ж). Пожалуйта помогите решить вопрос.",Проблема с авторизацией/ЭЗП/Бонусами/Доверенностями,7f9f1ba994c5f9a52bb6d0edb6dfe21ab41f8b05eea92873868e28dae16e86fd,1149,1
38898728,"Ранее уведомления обо всех передвижениях всех отправлений, в том числе авито, алиэкспресс и т.п. приходили на электронную почту. Сейчас не приходят никакие. В том числе о заказных письмах, которые отправляются между физ.лицами, а не только авит--- () alex_mail.ru",Проблема с push/sms/email,265e819466e7fba24e51482e8da2a2aa1987375b4348b0b65c223b9f36992bd7,1151,1
38898891,не приходит код для восстановления пароля. Ж--- Е---. Ответ предоставить клиенту на электронную почту.,Проблема с данными в личном кабинете клиента,6dcb0245016ea669455d185720f13bc4bfa0389fae36719eb7d03a0536e3eeb0,1152,0
38898975,"В ЕАС при партионном приеме появилась функция "" прием простых писем и бандеролей"". Прием ведется весь март, но статистика по количеству принятых не попадает в отчет ап. И вообще я не вижу этой статистики нигде. Что я делаю не так? Добрый день. Инцидент необходимо переклассифицировать на сервис SFE Анализ был проведен на примере РПО . У РПО в Кладовой отсутствует конечная операция ""Покинуло место прием"", из-за чего РПО не отображается в отчете а-п. Сервис SFE отправляет сообщения в топик CDB-TYPE-OPERATION_RPO В рамках анализируемой РПО было отправлено такое сообщение с операцией - Если посмотреть на тело КЛЮЧА, то можно заметить, что у атрибута INDEX отсутствует сам индекс. Согласно все той же интеграции СТ-И-. ИС СОРПО - [КШД] - ЕАС ОПС . индекс в КЛЮЧЕ заполняется из атрибута сообщения Index_to В итоге получаем, что от сервиса SFE в СОРПО ушла операция -, в которой отсутствует атрибут Index_to (смотреть сообщение от SFE выше). Пришла в СОРПО, в топиках трекинга ВСЕ ключи обнуляются. СОРПО передает сообщение в топик EO-TYPE-OPERATIONS_RPO, где КШД собирает заново КЛЮЧ и поскольку в теле сообщения от SFE отсутствует Index_to, заполняет его пустым значением! И такое же пустое значение передается в кладовую в теле операции Индекс ОПС: Номер окна: Номер телефона для связи с ОПС: Последовательность действий: Время возникновения ошибки: .. :",Формирование и закрытие емкостей,c850a81d4a50dd43f1f78d8535d14dc814a80bf1763984b9a1f8cefa57e6fe08,1153,1
38898991,Не поступают уведомления. Нов---. Ответ предоставить на электронную почту клиента.,Проблема с push/sms/email,37f176819c61838067edd100aeba026bd2c092dbe431d3459d4e4ae6601f24ce,1154,1
38899003,Тема письма: Проблемы с учетной записью при входе в Мобильное приложение или сайт Почты России Текст письма: Тематика: Проблемы с учетной записью при входе в МП/Сайт Канал поступления обращения: По телефону Дата поступления обращения: : .. --- Телефон: Электрон--- Суть обращения: не меняется статус в мобильном приложении. Не могу поменять статус и получить посылку,Проблема с данными в личном кабинете клиента,a8a75b4e01a6ecd4b00a5170787670e776418eb7cff00537ef3e964e0433ac44,1155,0
38899193,Здравствуйте. Программа некорректно написала мою фамилию. Как исправить на правильное написание? Неправильно написана фамилия в личном кабинете. Редактировать нет возможности. Барсе---,Проблема с данными в личном кабинете клиента,d983b0599062167787e9bad5020d9b38a593de2ce1e5c1dda9ede61fd3d20faa,1157,0
38899256,"RP С--- Андре--- Электронное извещение. Ваше отправление прибыло в отделение Почты России Вопрос почему нет информации в приложении . Почему на почту приходит уведомление, а в приложении тут никакой информации? только что переустановил приложение. Просьба указать номер телефона, привязанный к аккаунту.- ответ от клиеета: Мой номер указан в подписи -- С уваже--- телефон + !!!!!",Проблема с push/sms/email,82fb1538536be3da782267b90708b415fd5d3ab13c8bd3fff7ae61b713ef7663,1158,1
38899365,Принятое .. в партионном приёме РПО не проходит в исходящую ёмкость и не отображается в журнале РПО. Индекс ОПС: Номер окна: Номер телефона для связи с ОПС: Последовательность действий: Время возникновения ошибки: .. :,Формирование и закрытие емкостей,6da81fca59fb22101ed0bd091b3cdaaf600d699ff3b509b5cd59f2b9970a7e03,1159,1
38899726,"Тема письма: Fwd: Вам поступил запрос No от Почты России. Просьба ответить не позднее .. Текст письма: Добрый день! .. я отправила денежный перевод по России через мобильное приложение АО ""Почта России"" в адрес Ульяновская область, Барышский район. с.Румянцево, . Денежные средства в размере р. + комиссия р. были списаны с моего счета в Сбербанке, о чем свидетельствуют прилагаемые банковская выписка и справка по операции. Перевод до адресата не дошел. В мобильном приложении номера перевода нет. Прошу вернуть мои денежные средства. С уважением, ., + ---------- Forwarded message --------- От: Is---> Date: пт, мар. г. в : Subject: Вам поступил запрос No от Почты России. Просьба ответить не поз--- <grigory---> Добрый день! Уважаемая , информируем Вас, что для проведения проверки по Вашему обращению No от .. необходимы дополнительные сведения:Установлено, что Вам чек о переводе пришел .. в : на электронную почту grigoryevayy@gm---/ticket?t=T&s=.&fn=&i=&fp=&n= ) Вам необходимо самой нап--- и приложить выписку с карты. После получения информации просьба ее приложить для продолжения работы по обращению Просим Вас в срок до .. предоставить вышеуказанную информацию, при получении которой нами будет проведена проверка и по ее результатам в Ваш адрес будет предоставлен ответ. Автор запроса: АО ""Почта России"" ----------------------------------------------- Данное сообщение ожидает ответа! Ответ на запрос необходимо направить на электронный адрес, с которого он поступил, с сохранением тем и текста исходного письма без изменений (нажав на кнопку Ответить). -----------------------------------------------",Розыск почтовых переводов(Онлайн канал),cfabf2d87bedf89e447b960f7475f486a10d2674f119cbc13ca7efef72d491ed,1160,0
38899839,--- Телефон: Электро--- Суть обращения: не меняется статус в мобильном приложении. Не могу поменять статус и получить посылку,Проблема с данными в личном кабинете клиента,f1ce9278cd45b4bffe4b7b87935dcad45fdcca98014a5ef27b8dccde8bbaa8b3,1161,0
38900292,"Здравствуйте! Я не могу через Q-код получить посылку. Пишет, чтоб обновил паспортные данные в госуслугах. У меня всё верно. скрин М--- Р--- Вяч--- тел.",Проблема с авторизацией/ЭЗП/Бонусами/Доверенностями,caf5e4113997c0c8a624cf29f1845aa46973d261aa00afd57834130b09d233ef,1164,1
38900419,У--- Е--- С--- Приложение не работает,Ошибка в приложении (восстановление работоспособности),1c7e1c11634005a58fcf06dedfa2df9206f18f14340f9acba8f829a21e8174d2,1165,1
38900842,Не поступают уведомления. Нов---,Автодобавление почтовых отправлений,81c054f638df164d378c6b92abd3e7d99c177838db14a2e6952c33f38bc2e6bc,1167,0
38901096,"Добрый день, не смогли принять партионный прием, подскажите пожалуйста в чем проблема? рпо у всех таая ошибка Индекс ОПС: Номер окна: Номер телефона для связи с ОПС: Последовательность действий: ............. Время возникновения ошибки: .. :",Формирование и закрытие емкостей,7e2a53ca7242a0fe7c75147bfada53b0d68aa86086f588afb79c580036a78548,1168,1
38901141,"При оформлении отправления, после нажатия ""оплатить"" выдает Сервис временно недоступен. Пожалуйста, попробуйте ещё раз позже. Виктор --",Ошибка в приложении (восстановление работоспособности),e0a1d15766be8cc1687300ebe013859fa9b88802269ae65b7124bf6f176a8f8b,1169,1
38901223,Тема письма: Услуги для населения/Самостоятельная регистрация отправлений Текст письма: Тематика: Самостоятельная регистрация отправлений Канал поступления обращения: По телефону Дата поступления обращения: : .. ФИ--- Телефон: + Номер ШПИ: Электронная по--- Суть обращения: при оформлении письма в приложении привязанной картой не смогла оплатить просьба разобраться в ситуации,Не проходит оплата/возврат,6e017cf7d14d81276b36c30ede4430a694df23a2244ca488b818ab3349cec0a9,1171,0
38901378,"Дата поступления обращения: : .. --- Телефон: Номер ШПИ: - Электронная почта ---Не работает кнопка оплатить ,пишет попробуйте позже,просьба срочно решить проблему.",Проблема с авторизацией/ЭЗП/Бонусами/Доверенностями,c7e1d0b5ef2bd9a4d676dbe5269dd1511dbf46554f7005b374f2e699571b47bf,1173,1
38901445,"при приеме партионной почты от судебного департамента подтягиваются не верные тарифы, список рпо горит красным - принимать не дает и ошибку не выводит. Индекс ОПС: Номер окна: Номер телефона для связи с ОПС: Последовательность действий: прие партионной почты Время возникновения ошибки: .. :",Импорт списков из ЛК ЮЛ,94d4c57a72a50b46c1ceb8b72d43e7504fcb7dccd651666cae85c732b313745a,1174,1
38901493,перестала работать эл.подпись (кюар код не открывается )перебрасывает на гос услуги там пишкт что я подключён и всё по кругу. С--- Дмитрий ---. ответ предоставить клиенту на электронную почту.,Проблема с QR-код(подключение/отключение),9c46171355bb0f038652059aff477632ce95a4b321e69330a199bfed2035a300,1175,1
38901508,"Тема письма: [!!Возможно спам] Congratulations! you have received €,,. Euro",Прочее,f3306735980bee16671b2cc0bb2be12624a92fcd92333e71eeb4a2698bbe6b93,1176,1
38901558,Тема письма: Услуги для населения/Самостоятельная регистрация отправлений Текст письма: Тематика: Самостоятельная регистрация отправлений Канал поступления обращения: По телефону Дата поступления обращения: : .. ФИ--- Телефон: + Номер ШПИ: Электронная п--- Суть обращения: при оформлении письма в приложении привязанной картой не смогла оплатить просьба разобраться в ситуации,Не проходит оплата/возврат,6e017cf7d14d81276b36c30ede4430a694df23a2244ca488b818ab3349cec0a9,1177,0
38901665,"Добрый день, коллеги! В ЦПК поступило обращение, просим предоставить информацию для ответа клиенту. Перестали приходить уведомления на электронную почту(о присвоении трека) К--- А--- В---, номер телефона . Пример РПО",Проблема с push/sms/email,7791fbc1fcfbc819bf84cff209fd3660f77bd20af71b1f516f7c4afec4e1fb2f,1179,1
38901716,перестала работать эл.подпись (кюар код не открывается )перебрасывает на гос услуги там пишкт что я подключён и всё по кругу. С--- Дмитрий ---,Проблема с QR-код(подключение/отключение),a34a878f856c9f50ed1d54d2c959b59f2a61204b6c9111eb454c386f0d1499a5,1180,1
38901759,"Тема письма: Проблемы с учетной записью при входе в Мобильное приложение или сайт Почты России Текст письма: Тематика: Проблемы с учетной записью при входе в МП/Сайт Канал поступления обращения: По телефону Дата поступления обращения: : .. --- Телефон: Номер ШПИ: Учетная з--- Электронная почта кл--- Суть обращения: Клиенту не удаётся оформить отправку заказных писем в ОПС в личном кабинете на сайте почты России. Не выходит окно для оплаты отправки и распечатки бланка отправки. При этом в мобильном приложении почты России написано, что денёжные средства за отправку писем спишутся в ОПС, но штрих - код клиенту не выдаёт. Также не проходит оплата почтовых отправлений с банковской карты клиента, привязанной к мобильному приложению почты России. Просьба разобраться в ситуации и принять меры.",Не проходит оплата/возврат,8a84cca016765df5468ac3337bf4f8af39f544ae27736f0b6cbb138167d61f90,1181,0
38901934,"Тема письма: Акция с промокодами/Клиент не может оплатить промокодом/промокод исчез из МП Текст письма: Тематика: Акции с промокодами и Мобильное приложение Канал поступления обращения: По телефону Дата поступления обращения: : .. ФИ--- Телефон: Учетная запись: есть Электронн--- Суть обращения: в моем МП не отображается информация об отправления и письмах,которые поступаю в мое ОПС, началось это все с .., просьба уточнить информацию наладить работу с получением извещений и примеры по работе МП Почты России",Прочее,669841745308bcea29bd5da1ebf105a31a238927b5db9f41d406b8be318805bd,1184,1
38902051,"ФИ--- Телефон: Учетная запись: есть Электронн--- Суть обращения: в моем МП не отображается информация об отправления и письмах,которые поступаю в мое ОПС, началось это все с .., просьба уточнить информацию наладить работу с получением извещений и примеры по работе МП Почты России",Автодобавление почтовых отправлений,a80f502a9442b17260c7ded73e615c10c6f56064fe7188752186ac0ef46c9c86,1185,0
38902235,"""полноэкранный скриншот ошибки из системы"" я вам не могу отправить, потому что у меня ошибку не показывает, а на почте не определяется код. Я у них же не могу это от скринить?! Штрих код считывается. Алиев Амин--- Также, электронные извещения не приходят если предварительно не ввёл трек номер в поиске!? трек номер Я уже получил отправление, но сам вопрос остаётся.",Проблема с QR-код(подключение/отключение),77a13e7f71e370f51674fc53241c53d5275f1c60b24ed3fcd5b5535f2c3c188e,1186,1
38902287,"Тема письма: Акция с промокодами/Клиент не может оплатить промокодом/промокод исчез из МП Текст письма: Тематика: Акции с промокодами и Мобильное приложение Канал поступления обращения: По телефону Дата поступления обращения: --- Телефон: Адрес заявителя: г.Зеленоград корп. Индекс ОПС: Электронная п--- Суть обращения: Клиент в МП оформляет международное ПО, заполнил декларацию, нет доступа к оплата. Интернет есть, пробовала привязать другие карты, нет доступа.Просьба разобраться.",Не проходит оплата/возврат,7c3c8c1581f8f64b94150e2d7c609599f5177f3d7091b14acf7b27a622f8633c,1187,0
38902801,"Здравствуйте. Коллеги, ответ необходимо предоставить непосредственно клиенту--- Обращение: Здравствуйте. Подключил сервис электронной доверенности. Другой человек пытается выдать мне её, но система пишет, что у меня ничего не подключено, что делать? При том, что я смог установить доверенность на другого человека, а он на меня нет. Данные доверенного лица: К--- В--- Вл--- Данные довер---",Проблема с авторизацией/ЭЗП/Бонусами/Доверенностями,0c3bdde077bbe64cda7e522425f5d43fd02a757cb1febf8536957cfdb3054d65,1191,1
38903135,"Добрый день. просим принять к сведению обращение клиентаТекст: Тематика: Предложение Подтема: Предложение по улучшению сервиса Канал поступления обращения: по телефону Дата поступления обращения: .., : Тип заявителя: физическое лицо ----- ШПИ/номер: Номер ОПС, адрес: Индекс издания, адрес доставки: Суть обращения: У клиента есть предложение чтобы после получения отправления в МП использованный куаркод самоликвидировался, так как сбивает с клиента с толку",Предложение по изменению,4e5a51c0f9d22ddd2666a499d0423f0c1c0316dd71280b45e3671f9d277cd5a5,1192,0
38903269,"Здравствуйте. Коллеги, ответ необходимо предоставить непосредственно клиенту--- Обращение: Здравствуйте. Подключил сервис электронной доверенности. Другой человек пытается выдать мне её, но система пишет, что у меня ничего не подключено, что делать? При том, что я смог установить доверенность на другого человека, а он на меня нет. Данные доверенного лица: К--- В--- Вл--- Данные довер---",Проблема с авторизацией/ЭЗП/Бонусами/Доверенностями,0c3bdde077bbe64cda7e522425f5d43fd02a757cb1febf8536957cfdb3054d65,1194,1
38903720,"Ефимова У--- Не подключается QR-код, обращалась в отделение, сказали, что все данные обновлены, но QR-код все равно не дает подключить.",Проблема с QR-код(подключение/отключение),dd28763cc9574a425a0970ebbe73ea7d189767616fbbd01c90827f9161a92328,1197,1
38903950,"Добрый день Просьба предоставить информацию для ПС.Сопровождение ЕАС: прошу создать подзапрос на поддержку плагина Партионный прием и сообщить ответ. . проводился прием отправлений в плагине Партионный прием. Пример такого РПО . В ИС СОРПО операция Прием выгружена. В ЕАС операция прием отсутствует. По информации сотрудницы ОПС спустя примерно минут с момента окончания приема РПО вышел из строя жесткий диск ПК начальника. БД Кладовая была восстановлена, но указанное РПО в БД отсутствует. Логи всех сервисов за . отсутствуют, поэтому провести анализ сложившейся ситуации не представляется возможным. В ОПС пробовали повторно принять РПО в плагине, но возникает сообщение, что РПО уже приняты. Прошу уточнить возможно ли повторно выгрузить операцию прием из плагина Партионный прием по отсутствующим РПО? Или каким-то образом повторно принять РПО?",Импорт списков из архива ф.103 (zip-архив),78dedf74a8cee11c9093c5d0ea994782beea11b5dca3ce14db4063fd08fc2bdf,1198,1
38904089,"Тема письма: Проблемы с QR-кодом в мобильном приложении Текст письма: Тематика: Акции с промокодами и Мобильное приложение Канал поступления обращения: По телефону Дата поступления обращения: : .--- Телефон: Электронная--- Суть обращения: Модель телефона Айфон , после обновления приложения ПР приложение полностью перестало работать. На пустой странице написано не удалось загрузить данные, проверьте подключение к сети и повторите попытку",Ошибка в приложении (восстановление работоспособности),e41ca03f3cd2d0c44522d9a3880e68facbbfc0f2729c2741ef37df7ee9b6d047,1200,1
38904273,"Здравствуйте! немогу принять письма от Военкомата в программе PrePost, формируется список, выгружается, при отрытии списка выходит ошибка Индекс ОПС: Номер окна: Номер телефона для связи с ОПС: Последовательность действий: PrePost Время возникновения ошибки: .. :",Проблемы в работе Препост/PrePost,64dd0401a5b06fe2398aa98c328c0791699e9965aeef6d0f747a1568f8f9ca79,1204,1
38904476,"Не могу в приложении получить QRкод чтобы показать для получения письма. Программа после нажатия просит ввести Логин Пороль от госуслуг. После введения программа пишет, что ранее авторизован. И все, кода не и все по круг---. . Тел на который получал до марта СМС в почтовом отделении (заносили на почте в систему по паспорту) . А---. Скриншота ошибки при работе с приложением почты России нет, тк нет ошибки, есть проблема - через кнопку получить QRкод не получаю этого кода для предъявления оператору почтового отделения для получения письма. Поэтому и спросил где взять инструкцию по которой это настроить. Самостоятельно проходил по шагам и прикладываю скриншота своих шагов.",Проблема с QR-код(подключение/отключение),ad8af96cdef2d0a4d4739f8acaa4592b18227ea97e14e91c9929e5f5e4e68a32,1206,1
38904778,"Не могу в приложении получить QRкод чтобы показать для получения письма. Программа после нажатия просит ввести Логин Пороль от госуслуг. После введения программа пишет, что ранее авторизован. И все, кода не и все по круг---. . Тел на который получал до марта СМС в почтовом отделении (заносили на почте в систему по паспорту) . А---. Скриншота ошибки при работе с приложением почты России нет, тк нет ошибки, есть проблема - через кнопку получить QRкод не получаю этого кода для предъявления оператору почтового отделения для получения письма. Поэтому и спросил где взять инструкцию по которой это настроить. Самостоятельно проходил по шагам и прикладываю скриншота своих шагов.",Проблема с QR-код(подключение/отключение),ad8af96cdef2d0a4d4739f8acaa4592b18227ea97e14e91c9929e5f5e4e68a32,1210,1
38904844,НЕ ПОЛУЧАЕТСЯ ВРУЧИТЬ ВОЗВРАТНОЕ ПИСЬМО ПО ДОГОВОРУ БЕЗ ВЗИМАНИЯ ПЛАТЫ.,Проблемы в работе Препост/PrePost,a56f4c032c38414c92ce2dc57d529432eacaada66bdd7c1317337be980e587b1,1211,1
38904941,"Тема письма: Заказ Текст письма: Добрый день! Отправлял посылку с оформлением через приложение почты России. При оформлении была указана одна цена (видно на скриншоте тариф ускоренный). Фактически списалась сумма , что больше даже чем по тарифу курьер! За что списана такая сумма? Прошу разобраться и вернуть разницу, составляющую почти рублей!",Тарификация посылок,5443b53e60cbf81adabca4745e63b725c8e725d54f27f89576411a96063121c2,1214,0
38905066,"С--- В--- Оформил и оплатил отправление на сайте. Чек не поступил ни на электронную почту, ни в раздел уведомления. Прошу направить чек.",Прочее,e74ff6627dc079a2c8ecbc0add59433978234b11e64bc17bc123bdf340870420,1216,1
38905519,"Тема письма: Тема отсутствует. Текст письма: Как войти в приложение? Указываю номер телефона и пароль которые только что указал при регистрации, ничего не получается! Электронный адрес тоже пробовал.",Проблема с авторизацией/ЭЗП/Бонусами/Доверенностями,69084762476fead5d9797b1a792438e8ed9b2afb9e938c540427dae131b22bb1,1221,1
38905684,конверты класса не распечатывает отсутствует вся информация адресного ярлыка,Проблемы в работе Препост/PrePost,c3c76b6c836f618769c96a26b8aadd731fefc4ae34f7dcbae50a66052926b6f8,1222,1
38905753,"Тема письма: Проблемы с QR-кодом в мобильном приложении Текст письма: Тематика: Акции с промокодами и Мобильное приложение Канал поступления обращения: По телефону Дата поступления обращения: :--- Телефон: Индекс ОПС: Номер ШПИ: Электрон--- Суть обращения: Клиент записался в ПО на . на час. и, придя в ПО, его не обслужили по причине, что у них не отобразилась её запись, сказав, что это не их проблема велели встать в общую очередь, хотя им была показана запись в моб.приложении. Просьба разобраться либо с моб.приложением, либо с работой ПО (здесь же находится и ПО по причине временного объединения, с коими работниками и общалась клиентка)",Прочее,282cce6db01e67279b101d5bb632720dfb8dcad3d7d670eb75b5a8530d7f59ce,1223,1
38905767,конверты распечатывает неверным форматом индекс должен быть слева внизу,Проблемы в работе Препост/PrePost,4e4571c7b8dbb4ac72e9818bf4e9276d245694d4ebf82f2ebae923aa94ac8b3d,1226,1
38906116,"Тема письма: Не работает QR код Текст письма: Здравствуйте! С самого начала, как ввели QR код, он не работает в приложении. Пишет устарел, обновите. Обновляю, выхожу/захожу-все так же. Раньше работал штрих код, сейчас его не принимают. Пришлось по паспорту опять оформлять. IOS .., iPhone pro max. С уважением, В--- В.А.",Прочее,43147788dfd8f82a01764dbea03db48f01866235640478d2fba18cb4a9830843,1227,1
38906191,Тема письма: Проблемы с учетной записью при входе в Мобильное приложение или сайт Почты России Текст письма: Тематика: Проблемы с учетной записью при входе в МП/Сайт Канал поступления обращения: По телефону Дата поступления обращения: :--- Телефон: + Адрес заявителя: г. Краснодар Станица Елизаветинская ул. Степная д. Индекс ОПС: Номер ШПИ: Учетная запись: + Электронная по--- Суть обращения: МП не поступают уведомления об отправке и поступлению РПО,Автодобавление почтовых отправлений,3b1ce38231499fb3b105258c48276e16abd8a36b7d69b838cde6ad3f32069ccb,1228,0
38906221,Дата поступления обращения: : --- Адрес заявителя: г. Краснодар Станица Елизаветинская ул. Степная д. Индекс ОПС: Учетная запись: + Электронная по--- Суть обращения: МП не поступают уведомления об отправке и поступлению РПО.,Автодобавление почтовых отправлений,5b432826d38a53afb54d5b72ebc8a9765a07b5830f8c2aa564c0481d195bd39d,1229,0
38906304,Дата поступления обращения: : ..--- Телефон: Электрон--- Суть обращения: Просьба провести проверку по самостоятельной регистрации отправлений у клиент в МП выходит ошибка и так не первый раз.,Ошибка в приложении (восстановление работоспособности),1161f42d25265e10415a4a859baf7d1f52d9dddd0935de40ebf7442dd8347e2a,1230,1
38906919,"Не получается войти в личный кабинет, был изменён пароль, но пишет что пароль не верный. Л--- Татьяна---",Проблема с авторизацией/ЭЗП/Бонусами/Доверенностями,444e9ae308b10a3aa926cdd34939aac455825b992caa5643d633bb9d6bd680a8,1232,1
38906924,"Здравствуйте, посылаю перевод все данные вел пишет сервис временно недоступен!!!! Друг с другого телефона водит эти же данные перевод проходит!!! В чем дело не пойму!!! Влад---",Прочее,bd9ba8d78e4ec2f40a4cebccd22a869101c52c16706414a8050bf692eae9e06c,1233,1
38907448,"Как получить QR- код, если не приходит код подтверждения? Е--- Н---Алексан---",Проблема с QR-код(подключение/отключение),0291d8b0ec8f62e00986cbbeb8557a51b776c9429cc17e844d7abd9fb764fc35,1240,1
38907514,Здравствуйте. уведомления не приходят на эл.почту вообще по всем письмам Ш--- Па--- РПО,Проблема с данными в личном кабинете клиента,9be324c097b6435ef62bfa3838742e3254f0b87e9ddd8f1b3a0788cca3442123,1241,0
38907618,"Добрый день! РПО было принято в партионном приеме .., при этом в журнале РПО посылка как принятая не зачится, вследствии чего посылку не возможно отправить с исходящей почтой. Не ошибка ЕАС. По РПО в ИС СОРПО операция Прием отсутствует. Индекс ОПС: Номер окна: Номер телефона для связи с ОПС: Последовательность действий: все Время возникновения ошибки: .. :",Передача статусов в Трекинг,837869c677d5d349ea098988bc8cdd5f4224798f5d8b945dcb8ba03c4e93a874,1242,0
38907767,"Вопрос от клиента, на электронную почту не приходят уведомления о перемещении. Ранее Вы отвечали что, "" в рамках доработки об уведомлении клиентов о перемещении посылок, статусы Сортировка, Покинуло сортировочный центр, Прибыло в сортировочный центр более направляться не будут."", но не приходят уведомления и о поступлении, вообще никаких. Пример трека . Уведомления о прибытии не было. П--- Вади---",Проблема с push/sms/email,008b19a934d3055bf1b1497c9759c3855757495b79136c6e5ca6f0b1ca60f851,1243,1
38914253,Тема письма: Почта России Текст письма: раньше можно было получить посылку по номеру телефона. сейчас зачемто это убрали. кваркод работает только через госуслуги. и приходится как встарину получать посылки по паспорту. верните получение посылок по номеру телефона. это было удобно -- Отправлено из Mail для Android,Предложение по изменению,26a464f5a6a3cb179a6445c8c0e1833dee6685bac1782886c2cb871e12b18939,1248,0
38917167,"Добрый день, коллеги. В интеграции с биллингом (топик BILLING-TYPE-OPERATIONS_DOCUMENT, ) передается некорректная дата. Прошу исправить. Пример: F Передается .., тогда как корректная дата ... Форму прикрепил. В трекере также отображается корректная дата: https://trackadmin.tools.russianpost.ru/admin.html#/tracking/search/ Файл обмена также прикрепил.",Проблема с загрузкой данных в 1С,4b097a3748b94b0cfb9dd4ec1c416aefd0ba93401007fd54f383665f6529a931,1249,0
38918216,"Тема письма: Акция с промокодами/Клиент не может оплатить промокодом/промокод исчез из МП Текст письма: Тематика: Акции с промокодами и Мобильное приложение Канал поступления обращения: По телефону Дата поступления обращения: --- Телефон: Учетная запись: Электронн--- Суть обращения: в МП при вводе адреса в профиле обл Кемеровская область - Кузбасс, г Кемерово, ул Окружная, д. , кв. , система дает выбрать дом но квартиру проставить не удается. просьб---сти корректно адрес для сохранения в профиле, так же не удается сохранить адрес электронной почты.",Прочее,8807d007232e3f1a8f6bcc1a458db4aa254d97f9d4cb0fc5e8f4e3a15d53d793,1251,1
38919260,"Добрый день. При приеме простых списков в приеме нет возможности выбить клиенту почтовые карточкиИндекс ОПС: Номер окна: Номер телефона для связи с ОПС: Последовательность действий: Зайти в прием. Прием простых. Найти по инн клиента, выбрать договор. Время возникновения ошибки: .. :",Ошибки загрузки страницы/зависания,6061cf49ff73d5582bb6cc3969a2d6e129e42855f166aa08aff2107c6d2df247,1252,1
38919709,"Запрос клиента ""У меня подключена услуга электронных извещений, но мне ничего не приходит. И эту функцию система не дает отредактировать"" Липецк. Б--- Е--- отделение Личный кабинет использую установлено Мобильное приложениеПрошу также в конце отправить ответ н---",Проблема с push/sms/email,7918685d889e9dccf968ecf2d6562106c7ef0c377cacd619a25dab2d28588e62,1253,1
38919734,"Добрый день, при оплате посылок сумма задваивается. No, Индекс ОПС: Номер окна: Номер телефона для связи с ОПС: ---- Последовательность действий: . Время возникновения ошибки: .. :",Импорт списков из ЛК ЮЛ,bc9193da675bedf8cf4990445e65bcf2706d8372d88041673a1d307d3d39813b,1254,1
38919864,"при приеме международной посылки CLRU пред оформленная не выдает выход на печать, и не падает в корзину для оплаты, стоит восклицательный знак у декларации, изменит ее и понять что не так не возможно. решили принять отправление через еас с нашим шпи, после заполнения деклорации она не сохраняется и обнуляется просим поправить Индекс ОПС: Номер окна: Номер телефона для связи с ОПС: Последовательность действий: ПРИЕМ РПО Время возникновения ошибки: .. : Комментарий от Пс. сопровождение ЕАС ОПС: на приложенных скриншотах не заполнен код ТНВЭД Ранее в рамках проблемы ""RP"" ЕАС. Прием РПО. Предзаполненное международное РПО не доступно для приема было предоставлено решение: Просьба перевести баг на ЛК ФЛ , так как согласно Код ТНВЭД.msg не был заполнен на портале код ТНВЭД",Импорт списков из ЛК ЮЛ,eb401b8d6d29cf82c93e6063f078130fdd09a0fcafa3b9edefd28575c27e0219,1255,1
38920273,"Клиент М--- У--- Ю---. При вводе в приложении адреса: Ленинградская область Выборгский район п Кирилловское улица Красная, дом кв пишет что такого адреса нет. ответ просьба напра---",Проблема с адресами,c12986681a2f78fb5d1153367343f08d7a38f677a769210196ee7aa59024098d,1257,0
38920350,"Клиент М--- У--- Ю---. При вводе в приложении адреса: Ленинградская область Выборгский район п Кирилловское улица Красная, дом кв пишет что такого адреса нет. ответ просьба напра---",Проблема с адресами,c12986681a2f78fb5d1153367343f08d7a38f677a769210196ee7aa59024098d,1258,0
38920798,"Тема письма: Услуги для населения/Самостоятельная регистрация отправлений Текст письма: Тематика: Самостоятельная регистрация отправлений Канал поступления обращения: По телефону Дата поступления обращения: :--- Телефон: Номер ШПИ: Электронн--- Суть обращения: в М.П. c ВИСЯТ НЕ использованные трэк номера , , просьба удалить",Проблема с данными в личном кабинете клиента,db010187cd15e7462fe38e87b85626881c90cc21b8ff9ccbd921d81b98d98ec0,1259,0
38921455,Тема письма: Проблемы с учетной записью при входе в Мобильное приложение или сайт Почты России Текст письма: Тематика: Проблемы с учетной записью при входе в МП/Сайт Канал поступления обращения: По телефону Дата поступления обращения--- Телефон: Электронная п--- Суть обращения: Клиент не может подключить QR код. Пишет не верный паспорт. Клиент паспорт не менял. На госуслугах зарегистрирован и ПЭП есть. Просьба помочь клиенту.,Проблема с QR-код(подключение/отключение),fb9e003d1b1858137204c4b632bade7fc6b260a42fc216c56b7235ac322b4708,1261,1
38921639,"Ш--- Клиенту не приходят уведомления на электронную почту по всем отправлениям, просьба разобраться и связаться с клиентом.",Проблема с push/sms/email,bc2a9af30ada52653b258acfbcbb5cf365bc58f49f817d3b46963eacdf8a5dde,1263,1
38921960,не идентифицирован список - КУВО УПРАВЛЕНИЕ АВТОМОБИЛЬНЫХ ДОРОГ У- /,Импорт списков из архива ф.103 (zip-архив),aa9531fd5f2f7a977589c947e123b9dece3a43c8bc4a97e021d2fbadc67b64e8,1265,1
38921981,Тема письма: Услуги для населения/Самостоятельная регистрация отправлений Текст письма: Тематика: Самостоятельная регистрация отправлений Канал поступления обращения: По телефону Дата поступления обращения: :--- Телефон: Номер ШПИ: Электронная почта --- Суть обращения: Нажмите кнопку «Получить трек-номер» и идентификатор поступит на Ваш эл. почту. Клиенту не поступает трек на эл. почту. Просьба помочь решить вопрос.,Проблема с push/sms/email,e4f0bdef83a641b3897894f083eb20fe3de698510e898ec4276d19aa940420b3,1266,1
38922030,Не подключается qr-код. Р---,Проблема с QR-код(подключение/отключение),278519df769fc41ae2cbf5d0a9f088971181f27ee35c0c6d49266af0f22fe214,1267,1
38922604,"Добрый день! Не принимаются РПО от организаций, скрины ошибок во вложении разных отправления Индекс ОПС: Номер окна: Номер телефона для связи с ОПС: Последовательность действий: партионный прием Время возникновения ошибки: .. :",Импорт списков из ЛК ЮЛ,5b7fde170b1f63b9e84cb2171e67bd36ae6f321b5b5e1ab3ed5b1df044130e1f,1268,1
38923169,"Тема: QR-код Текст: Опять в отделении при отправлении EDRU не сработал QR. Сотрудники отделения сказали, что он недействителен. Что делать? Обращаюсь неоднократно Отправлено с iPhone Обращение по ИСО . Прошу рассмотреть и предоставить комментарии. Ф--- Се---",Проблема с QR-код(подключение/отключение),99f473321466dae95398fb46942f47f0c107292329e68a5a00416aa63e79b5bc,1269,1
38924148,Добрый день! Как исправить данные в профиле? Я вышла замуж и сменила фамилию Л--- А------ Просьба ответ клиенту предоставить--- Спасибо.,Проблема с данными в личном кабинете клиента,6d5a5ff206286cba671c63cd6798a765ff990cf3fb61d7c3944ffa1ced5b5c6d,1272,0
38924519,"Добрый день! Поступило обращение клиентаТема: Не приходит информация на эл. почту Текст: Здравствуйте. Не приходит информация О перемещениях отправлений на данный эл.адрес привязанный к ЛК на сайте Почта России. В настройках ЛК почта привязана и по совету на сайте Почты Россия перепривязана повторно. В папках спам и блэклисте сообщений от Почты России нет. Так же в на тройках личного кабинета указано, что ВСЯ информация о почтовых отправлениях должна приходить на эл. почту. В чате оператор пишет шаблоны(не компетентен). Не приходит информация даже о том, что отправление принято в ПО. Прошу разобраться почему информация о движении отправлений не приходит и исправить ошибк--- активен, проверен и привязан к учетной записи. С уважением, Л---",Проблема с push/sms/email,918dec3cfca4f18c26f29db7a2752917b8c0b090bbcd9aaa08e1868dbe9e63f9,1275,1
38924830,Добрый день. Просьба оказать содействие по прилагаемому обращению No о причинах не присвоения трек кода. Заранее благодарю.,Прочее,816ff576154435bbaff23bf7691aab8ca0eea8bacac234e805df109e5418d8b1,1276,1
38925085,Тема письма: Акция с промокодами/Клиент не может оплатить промокодом/промокод исчез из МП Текст письма: Тематика: Акции с промокодами и Мобильное приложение Канал поступления обращения: По телефону Дата поступления обращения: --- Телефон: Электро--- Суть обращения: клиент пытается восстановить пароль. ни на адрес электронной почты ни на номер телефона не приходит смс подтверждение.,Прочее,6ace12b74fa96f5ee4cdb69d7d2c747597acc32fb1603bcc427572da79d51756,1277,1
38925286,"Тема письма: ПЭП, Е. Жалоба Текст письма: Тематика: Простая электронная подпись Канал поступления обращения: По телефону Дата поступления обращения: : ..--- Телефон: Электронна--- Суть обращения: В лк данные обновлены гос услуг,ну когда нажимает на кьар код пишет ,что надо обновить паспортные данные,хотя в лк все есть",Проблема с QR-код(подключение/отключение),de5178b401f182a4a3d4d08b95c76625a97382824497c01cabbcf5c9268982ad,1278,1
38925384,"Тема письма: Акция с промокодами/Клиент не может оплатить промокодом/промокод исчез из МП Текст письма: Тематика: Акции с промокодами и Мобильное приложение Канал поступления обращения: По телефону Дата поступления обращения: : ..--- Телефон: Электрон--- Суть обращения: Со слов заявителя, не отображается трек-номер в МП.",Прочее,e6ce1c313ca499d44152c03f9eb9aa190be0f73df3dcba21aa72e0cf6eab79bc,1279,1
38925835,Тема письма: Услуги для населения/Самостоятельная регистрация отправлений Текст письма: Тематика: Самостоятельная регистрация отправлений Канал поступления обращения: По телефону Дата поступления обращения: : --- Телефон: Номер ШПИ: Электронная--- Суть обращения: Не получается отправить заказное письмо. Система пишет ошибку. Бланк не появляется и распечатать невозможно. При оплате возникает ошибка.,Ошибка в приложении (восстановление работоспособности),a04a20610900d8b06920dd5baf30e31bd073081f0f4796ac0d63d151d8a6bb0e,1280,1
38925847,Добрый день РПО с Авито разбитый сервиз )) не получается списать на склад пишет отправление не может быть вложено в емкость т.к.отсутствует в кладовой или тип последней операции над ним не позволяет вложить его в емкость))заново его приняла думала получится отправить)))подскажите как поступить,Формирование и закрытие емкостей,d5383f284268020060ed5143ab8df09cd9e9dd60adadeaa60d3b7faf4bcf6daa,1281,1
38925880,---вич Телефон: Электрон--- Суть обращения: не отображается трек-номер в МП.,Автодобавление почтовых отправлений,a838b8dd6473119000eed04637d5a29648dfaf947d107d7516769352a86838bd,1282,0
38926519,"Здравствуйте! У клиентки возникла проблема. Не может подключить QR код. Выходит Неизвестая ошибка. Скриншот прилагается. Я впервые скачала Ваше приложение и вот не могу пользоваться, раньше получала письма через смс (письма организации по доверенности), сейчас проблема получить письма, вынуждена в ручную заполнять каждое извещение, представляете объем Х--- Минлен--- В почтовом отделении также не смогли подключить qR код.",Ошибка в приложении (восстановление работоспособности),efd555d953e49f3bd7b9e51d31afb76f638f83b333cfe2a3ece278737fc461c7,1286,1
38927337,Добрый день. Просьба оказать содействие по прилагаемому обращению No. Заранее благодарю.Тема: как удалить профиль Текст: я обнаружил профиль не вашем сайте на мое имя. я его не создавал. способа удалить профиль я не нашел. как удалить профиль и все данные?,Прочее,9a707caa8ce2426bc087fcf28a0f017e7c25fd2e8014df03eff2a031c93ebac3,1290,1
38927564,"RP- не могу в него добавить комм клиента Подлисский --- Не работает приложение почта России на ios, пишет ошибка при прохождении проверки безопасности Обновлять и переустанавливать пробовал. Не помогло.",Ошибка в приложении (восстановление работоспособности),26e2408aa0b13af69ba8454b644f0f22233c59d4cae6d289426faa1b153cc473,1291,1
38927690,-просьба обновить оффлайн тарификатор -установить по умолчанию обращение к онлайнтарификатору,Проблемы в работе Препост/PrePost,f227a2061ccdd699f73783fd9ceca52ac3d32106b98552b1af9c1adf72d34aa6,1292,1
38927777,"Тема письма: Акция с промокодами/Клиент не может оплатить промокодом/промокод исчез из МП Текст письма: Тематика: Акции с промокодами и Мобильное приложение Канал поступления обращения: По телефону Дата поступления обращения: : .--- Телефон: Электронная почта клиента: Нет Суть обращения: Клиент жалуется на то что без его ведома на номер ( который не принадлежит клиенту) приходят смс уведомления о поступлении в ОПС отправления . Клиент не давал согласие на обработку личных данных, не регестрировался в ЛК, не привязывал данным номер к ЛК и требует в рамках досудебного урегулирования удалить все данные клиента. Клиент требует ОС по адресу обл Тюменская, г Тюмень, ул Широтная, д. , кв.",Прочее,a17241d045c1e924712fe9134967610b245b690aded7fdaec98dab56a84b88f9,1293,1
38927941,"ММСП , ЛЦ Внуково - , ОПС + доб Ошибка работы в ПО Прием.ру Выдает белый экран.",Ошибки загрузки страницы/зависания,d6db0b4cc70ea734b7c162720e5cdad99f42f43027096c4d97f50c86955f5b64,1294,1
38927955,Номер телефона: < > Примерное время отправки: <.. . (мск)> <Клиент не может войти в мобильное приложение и восстановить доступ. СМС Не приходят. номер тот же действителен>,Проблема с push/sms/email,05d0689b07a3b7cd0cdb3206b346f6cbb1fdf1ff4f55e8c9894459bf8ef67806,1295,1
38928022,"ДОБРЫЙ ДЕНЬ, ПРИ ПРИЕМЕ ПО СПИСКУ Ф.-А КОНТРАГЕНТ ООО САРМАТ ОШИБОЧНО В ПРОГРАММЕ ПРИЕМ. РУ ПОСТАВИЛИ ГАЛОЧКУ БЕЗНАЛИЧНЫЙ РАСЧЕТ (НА ФРАНКИРОВКУ), ФАКТИЧЕСКИ НУЖНО БЫЛО ОТМЕТИТЬ ГАЛОЧКОЙ ЗОО, ПРОСИМ УДАЛИТЬ ПРИЕМ ПО СПИСКУ РПО RSRU",Проблемы в работе Препост/PrePost,774dbce03c6b5e0ecee0787a040d7fa94aaeec6c9286df18693e4ad0eae57e18,1296,1
38928537,"Здравствуйте! Вот такое сообщение я получаю, паспорт у меня действительный. На гос услуга--- --- тел. +",Проблема с авторизацией/ЭЗП/Бонусами/Доверенностями,3c5d89345cb0ee2a67dad92de36e7fa6c3b0e313c4b5b6d2ea28d40c00f08b2e,1297,1
38929007,"RP- не могу добавить комментарий Проблема со шрифтом кириллицы в некоторых отправлениях, пишет ""кракозябрами"" и поэтому невозможно определить отправителя Ч--- Вл--- Я понятия не имею, в каком сервисе производилось оформление отправления, ведь я его получал, а не отправлял. Вопрос видимо нужно задать отделению почты, из которого шло отправление. просьба передать для проверки на услугу ЕАС - Приём - Партионный приём","Проблема с печатью, открытием, формированием документации",567895d0abe35b1fd9e77041e54fd7590806608473ff7efa75ddfa90fb437d6d,1299,0
38929161,Необходимо установить программу прием.ру на компьютерах ... . тел ----,Ошибки загрузки страницы/зависания,b074ab1bb98c48dcf0866d8454e61789aff6348ba67471cfe697ead956108312,1301,1
38930245,"Тема письма: Не работает QR-код при наличии электронной доверенности Текст письма: Добрый день. У меня ( +--- ) подключены двусторонние электронные доверенности с номером +---, но при попытке получения отправления после нажатия ""Покажите QR-код оператору..."" требует ввести некий код Подтверждение (возможность скриншота заблокирована на этом экране). Каким образом я могу получать отправления, направленные адресату, который предоставил мне электронную доверенность? -- С уважением Л--- А--- Тел. +()- Скайп:.",Прочее,e3da647f850bbdbd7f8de374f64a25b809e1d65faaeebf88f47315b79ea4d9ce,1303,1
38930591,"Добрый день! А--- Викто--- Не могу подключит получение по qr коду. Постоянно перебрасывает на госуслуги. А там пишут, что я уже зарегистрирован Просьба ответ предоставить на э--- Спасибо.",Проблема с QR-код(подключение/отключение),8b3bf06df406506bb778b4a69816c668e8b1db281cbdbefd2d253cc3fbe2919a,1304,1
38930643,"Добрый вечер! ---е): Н--- А--- Вик--- ШПИ/номер: Номер ОПС, адрес: Индекс издания, адрес доставки: Суть обращения: К аккаунту клиента на почте России привязался другой пользователь женщина - Ильина. И в электронном формате приходят сообщения из ГИБДД.",Автодобавление почтовых отправлений,37e0259cb8ca9df7a3b6d71047983f9a4128d796ca0128da8c2a3108c9deec13,1306,0
38930648,"Тема письма: Услуги для населения/Самостоятельная регистрация отправлений Текст письма: Тематика: Самостоятельная регистрация отправлений Канал поступления обращения: По телефону Дата поступления обращения: --- Телефон: + Электронная почта--- Суть обращения: Перестали приходить электронные уведомления по любой операции, приходит только уведомления об электронной записи на ОПС. Раньше всё работало, приходили все уведомления, а сейчас в один момент не работает.",Проблема с авторизацией/ЭЗП/Бонусами/Доверенностями,29932a4000914f8d18bbcf69b622ed26d5b864980b5b547b7f23053f6ffc36a2,1307,1
38930743,Здравствуйте. При патронном приеме возникла проблема с РПО и :,Формирование и закрытие емкостей,03e2b79b61b4ca54028d748dd3e80b6f66476ee9fa414bc626a7ed4d1e566a61,1308,1
38930757,Добрый день! ---рий: Скачала приложение Почта России с ру стор.,Проблема с авторизацией/ЭЗП/Бонусами/Доверенностями,b152077c6295fa24320ce6e8b059fe6a4d60526c0a5a548ebc225b380e55c5dc,1309,1
38930885,"Запрос из чата, обратной связи с клиентом не имеем. Ответ необходимо направить непосредственно на электронный адрес клиента:С--- К--- Вопрос клиента:Почему при привязке карты рубль списывается, но не возвращается, а при попытке оплатить письмо с этой карты, которая в приложении отображается как уже привязанная, происходит ""неизвестная ошибка""? Почему при привязке банковской карты рубль списывается, но не возвращается?",Прочее,2e654b8c777719a2ebb3729740f3a3783759933e22bd2a75a2c143beb6e5ed47,1310,1
39651228,"Добрый день. Коллеги, можете дать какое-либо пояснение по обращению клиента? Или же оно пока неосуществимо? ---нин РФ Социальное положение: Служащий Льготный состав: Организация: Телеф---но--- Текст обращения: Здравствуйте! Спасибо, что прочитаете данную информацию... Тема моего вопроса касается бизнеса, бизнеса государства... Вас парит что ozon и wb захватывает рынок потребителя??? Ваши некоторые ПВЗ открылись еще лет назад, вопрос поставить их на современные рельсы сделать сайт,приложение, вложить млн. в рекламу, подождать - года, и Почта России составит им конкуренцию! Так как уже находится во всех необъятных уголках нашей страны (!!!). Уверен, что это сработает! Ну и чуть-чуть о себе: лет, работаю на Газпром уже лет, высшее образование ое высшее получаю, работаю и зарабатываю на благо нашей страны! Очень хочу поучаствовать в данной программе, жаль что Почта России не моя организация, так бы wb и ozon курили в сторонке. Позовите, если решите ей быть! Спасибо за внимание!",Предложение по изменению,a89cff53fb6c934f8a8876825ecb610dc068f6bd6dbcf7df84833a717c9ea746,1311,0
39653354,Здравствуйте! В личном кабинете физического лица нет возможности изменить способ оплаты. Необходимо отключить СБП. Ф--- Мак---,Личный кабинет,513541f724961b664cdd1003821bb566df839439724c73d08fc1bd6c6231a5af,1313,1
39654865,"Коллеги, добрый день! Поступило обращение от Департамента городского имущества г.Москвы КА перестали приходить уведомления с Почты России о поступивших письмах в ЛК Прошу оказать содействие ключевому клиенту Наименование организации: Департамент городского имущества г. Москвы ИНН организации: Номер договора организации: /-МР, /-Ф",Личный кабинет,b350b529210e0d46acfad2047745f9c1db5d2e792ce27d6f1620138a8d8c74ef,1315,1
39655368,"Добрый день! По обращению клиента жалоба на работу личного кабинета. при попытке входа в ЛК появляется уведомление, что указанный адрес уже используется, как можн---, тел. ()-",Личный кабинет,4e6e1570357ecc808dbcd0a9e8ba84841b87afe2319555a182c8d7b9291f8692,1316,1
39656876,"П--- Ан--- Я заказал доставку - деньги списались а затем в приложении было написано что оплата не произведена, при нажатии на кнопку оплатить ничего не происходит, могу только отменить заказ и всё кеш чистил страницу перезагружал",Ошибки оплаты,e4a4dad082d76b4e0b7d40839afff855a317adabfde918ef76bc36c756c5e847,1317,0
39659637,"Тема: удалить аккаунт Текст: Здравствуйте! не могу удалить аккаунт пишет ошибка! он мне больше не нужен, можете его удалить! Дохожу до раздела удать ..нажимаю... и постоянно так..",Личный кабинет,f682d403ad376bfeda4794c36d0590aabd0d8d4e6dde35236463538ee40ad630,1322,1
39660987,Системой мониторинга обнаружена проблема: Описание: Selftest ks asunip: Ошибка Узлы сети: Последние значения: Время возникновения проблемы: -- : Уровень проблемы: Высокий Заявка создана автоматически.,Событие мониторинга ИС,d792f39bcfa4b0451377dc31a26061fcbaf759e5424033509ddea834c486c5b2,1325,0
39661402,"Коллеги, добрый день. Поступило обращение клиента о том, что в ЛК на сайте .pochta.ru необходимо изменить его отчество. По номеру те---се--- (скрин ниже), при эт---. Контакты клиента Телефон: Как помочь клиенту?",Личный кабинет,a9ccf186c121743d79ba81c103ba5c2b3f12201fa16e239375124809a001fc53,1326,1
39661573,"Тема письма: ЭЗП. Техпроблемы Текст письма: Добрый день! Информация о клиенте, оформившего обращение о проблемах с ЭЗП. ---Отписала уже выше",Недоступность портала,2ca7421e249a482aca43f603b240854ee36785c329078eab12e3b49c5b125cc7,1327,0
39664010,Тема письма: Не можем отследить трек номер EFRU. Номер для связи: . Текст письма: Отправлено с iPhone,Отслеживание отправлений,86c301d37a1eafa854673453aa5aa618e575fac0192af5b806a6114f60572797,1329,1
39665097,"ИСО No - Анализ Для ответа заявителю прошу предоставить информацию! Тема: Блокировка доступа Текст: Добрый день, Сайт почты России блокирует мой доступ к документу, прошу возобновить доступ, детали в прикрепленном скриншоте. ---",Недоступность портала,3a17d67d542f36cda318b31ac766cb7238864e2adff0c28c3d97fdda1ce75202,1332,0
39666997,"Тема письма: Услуги для населения/Самостоятельная регистрация отправлений Текст письма: Тематика: Самостоятельная регистрация отправлений Канал поступления обращения: По телефону Дата поступления обращения: : ..--- Телефон: + Электронная по--- Суть обращения: при оформлении почтовых отправлений в личном кабинете отсутствует окно для оплаты банковской картой СБП, прошу проверить и устранить ошибку",Письма\бандероли,41453d6f3674b506178ac415e30217c6775800685e47b72cfe51f8645de53529,1333,1
39667061,"ИСО No - Для ответа заявителю прошу предоставить информацию! Клиент просит вернуть денежные средства за МПО No CLRU оформленное но не отправленное Тема: Обращение КЦ Текст: Тематика: Дополнительные услуги и сервисы Подтема: Некорректная тарификация Канал поступления обращения: по телефону Дата поступления обращения: .., : Тип заявителя: физическое лицо ------ Телеф--- ШПИ/номер: CLRU Номер ОПС, адрес: Индекс издания, адрес доставки: Суть обращения: Посылка до сих пор находится в статусе присвоение идентификатора, хотя прошло уже десять дней и клиент не будет отправлять посылку. Из - за некорректного статуса клиенту не возвращаются денежные средства, уплаченные за доставку. Просьба убрать неактуальный статус и вернуть деньги.",Ошибки оплаты,3501bf19c5aa9d60596545f4a4bdf790150ca92fe229e4b41a4bfe968d124869,1334,0
39668673,Тема письма: Услуги для населения/Самостоятельная регистрация отправлений Текст письма: Тематика: Самостоятельная регистрация отправлений Канал поступления обращения: По телефону Дата поступления обращения:--- Телефон: + Учетная запись: + Электронна--- Суть обращения: При оформлении в ЛК на сайте письма нет возможности выбрать оплату,Письма\бандероли,ac2899e67a13614dbf0c8868b25b11d5bfb1f188a0be94472dc134e32014fcd2,1336,1
39668938,"Тема письма: Услуги для населения/Самостоятельная регистрация отправлений Текст письма: Тематика: Самостоятельная регистрация отправлений Канал поступления обращения: По телефону Дата поступл---енко Петр Петрович Телефон: + Электронная--- Суть обращения: При оформлении на сайте отправления, пишет СЕРВИС ВРЕМЕННО НЕ ДОСТУПЕН, ПОПРОБУЙТЕ ПОЗЖЕ. На протяжении часов так. Клиент просит разобраться в ситуации и принять меры в кротчайшие сроки.",Письма\бандероли,af98b3d74a53da9ec9678bbaf61a566f47ed02007b496da90702a738ad7adbb8,1337,1
39669654,"Добрый день! Прошу оказать содействие по обращению ИСО No относительно невозможности входа в ЛКТема: Без темы Текст: Возникли проблемы со входом в личный кабинет. При заполнении данных личного кабинета была неверно указана электронная почта, с номером привязанного телефона . Изменить адрес электронной почты в личном кабинете НЕВОЗМОЖНО !!!!!!!!!!!!!!!!, тк приходит уведомление, что ID уже используется другим пользователем. В отделении связи мне помочь НЕ МОГУТ. Раньше для оформления отправлений я использовала компьютер, который стоит в отделении связи ( т.е. ФАКТИЧЕСКИ САМА РАБОТАЛА ЗА ОПЕРАТОРА ОТДЕЛЕНИЯ СВЯЗИ при каждом отправлении), но теперь И ЭТА УСЛУГА в отделении НЕВОЗМОЖНА !!!! Привязывать личный кабинет к Госуслугам - КАТЕГОРИЧСКИ ОТКАЗЫВАЮСЬ!!! В связи с данными обстоятельствами, прошу; Привяза--- к номеру телефона . . Либо/и обеспечить возможность доступа и заполнения электронного бланка с компьютера, который стоит в отделении связи. Думаю люди преклонного возраста не все имеют личный кабинет в своем телефоне и при остсутствии возможного оформления в отделении связи ПЕРЕСТАНУТ ПОЛЬЗОВАТЬСЯ ВАШИМИ УСЛУГАМИ СОВСЕМ.",Личный кабинет,6c9c82ba0441f561af01367175e692c108befd50d9e2dce40f3b0c5d89cde264,1338,1
40100972,"---а, комментарий: Отправила июля года два электронных заказных письма с уведомлением через приложение Почта России. На сегодняшний момент они до сих пор на печати в гибридном центре г. Москва, хотя я отправляла из г. Волгограда в г. Волгоград. Когда будут доставлены письма до адресата?",Отслеживание отправлений,95ba94421782a37e1ae70cb1dd3eda85a2f5df73ebd75255862ff163b4c03e9a,1340,1
40162172,"---вна , комментарий: Не работает личный кабинет на сайте почты России, после авторизации не открывается ни одна вкладка, не могу оформить отправления",Недоступность портала,24e87312660873827c9703bf216b825d4817052d93bda3f9b71e1e7e7842d257,1341,0
40164083,"---а , комментарий: Пробую зайти в личный кабинет через компьютер, у меня на экране белый экран, обновить, выйти заново зайти не получается",Прочее,84d28ec57c4bb8feedb9d28584a1a072f67f89b1c52539a246159ec12df1122f,1343,1
40174998,"---на, комментарий: Невозможно завершить создание отправления. -й день ошибка на сервере.",Прочее,f8660a505976ba91a23515c3a6659f24caf308ed65b08d687b391455c1fd2eb1,1345,1
40295549,"---, комментарий: Не могу зайти в раздел работа",Прочее,0afe7b16eca9262c23acc3cf73091ab41d0d2c651a8862855e81d53f0ceecfba,1347,1
40298720,"---комментарий: Письмо не двигается, застряло в , с июля",Отслеживание отправлений,8034cbb5b3ee8319fde39ba0fcc94991785b8aedd59a3edaf7a40191fe42b2d0,1348,1
40367335,"Инн: Невозможно открыть отслеживание ШПИ на сайте ПР. При вводе в строку номера ШПИ выходит картинка - мужчина с котом и надпись ""выберите отправление из списка"". Если выбрать любое письмо из списка слева, то отслеживание выходит,но в списке слева нет нужных отправлений, там архивные, искать среди них невозможно.Ответы на ваши вопросы в Базе Знаний. Вы также можете посмотреть видеоинструкции по работе с личным кабинетом на YouTube канале. С уважением, Команда сервиса otpravka.pochta.ru АО «Почта России»",Отслеживание отправлений,e32a4dca1413c99626fe5a4f0272bb91daf8ac9a6f0971b849a3a5720f79c2bd,1349,1
40368355,"Тема письма: Услуги для населения/Самостоятельная регистрация отправлений Текст письма: Тематика: Самостоятельная регистрация отправлений Канал поступления обращения: По телефону Дата поступления обращения: : ..--- Телефон: + Адрес заявителя: , МОСКВА Электронна--- Суть обращения: после оплаты письма на сайте не пришел трек номер на электронную почту и подтверждение оплаты",Ошибки оплаты,cf0f8f534ad36d91efcbcd7046c08cac947af98fa15f1cb56ac3082b61f46c7f,1350,0
40370886,"Тема письма: Сервис трекинга /Другое Текст письма: Тематика: Сервис Трекинга. Жалобы/предложения Канал поступления обращения: По телефону Дата поступления обращения: : .. ФИ--- Телефон: + Адрес заявителя: , Российская Федерация, обл Ростовская, р-н Зерноградский, г Зерноград, ул им Чапаева, д. Номер ШПИ: Электронная --- Суть обращения: Просьба уточнить информацию по последнему статусу отправления ""Прибыло в СЦ Санкт-Петербург АСЦ"". Проставить актуальные статусы.",Отслеживание отправлений,5fa0e5397b46cd929d11bac594afe237094eee59f188195003e247189dc0d367,1351,1
40371274,"Тема письма: Услуги для населения/Самостоятельная регистрация отправлений Текст письма: Тематика: Самостоятельная регистрация отправлений Канал поступления обращения: По телефону Дата поступления обращения: --- Телефон: + Адрес заявителя: , Российская Федерация, обл Курганская, р-н Кетовский, с Колташево, ул Высоцкого, д Номер ШПИ: Электрон--- Суть обращения: Клиент предоформил и предоплатил отправление в МП, а потом не сдал его в ОПС и ждёт возврата денег.",Прочее,2c206d0de4cfff332b8863b90c212ac0696dc23adc82e16132957d50bf8ade15,1352,1
40372530,"Тема письма: Сервис трекинга /Другое Текст письма: Тематика: Сервис Трекинга. Жалобы/предложения Канал поступления обращения: По телефону Дата поступления обращен--- Телефон: + Адрес заявителя: , Российская Федерация, обл Московская, р-н Чеховский, г Чехов-, ул Западная, д. , кв. Индекс ОПС: Номер ШПИ: Учетная запись: + Электро--- Суть обращения: Отображается чужой трек номер отправления",Отслеживание отправлений,feb3f20aebb81299e5133b4243c571898741887d501abaeb6fd43a63ac6a09fa,1353,1
40373264,"Тема письма: Сервис трекинга /Другое Текст письма: Тематика: Сервис Трекинга. Жалобы/предложения Канал поступления обращения: По телефону Дата поступления обращения: : .. --- Телефон: + Индекс ОПС: Номер ШПИ: Электронная по--- Суть обращения: Клиент записались .. на посещение ОПС . На .. No. Приехав в ОПС .. обнаружил, что отделение выходное. На дорогу до ОПС было потрачено литров безина по руб. Требую вернуть потраченные денежные средства из-за ошибки МП",Проблема с ОПС/доставкой,8c514a185dd24f06edd677279577f06e3ef66d47dcf066dff1d177208aebe714,1354,1
40373675,"Тема письма: Потерялось письмо Текст письма: Прошу вас принять меры, к скорейшему поиску и доставки до пункта назначения моего ценного письма с оригиналами документов для поступления -- Отправлено из Mail для Android",Электронные обращения,6d24da0905eba35fd3694f780ddacf1beff57171ff911034207166e9f84a043c,1355,1
40374014,"Тема письма: Сервис трекинга /Другое Текст письма: Тематика: Канал поступления обращения: По телефону Дата поступления обращения: : .. ФИ--- Телефон: + Адрес заявителя: обл Челябинская, г Челябинск, ул Заслонова, дом Индекс ОПС: Номер ШПИ: Электронная--- Суть обращения: не работает отслеживания на сайте",Отслеживание отправлений,5569492e233399793371cfe216f0871670642e4e2cc59fcf96f5f658d40c998e,1356,1
40374297,Тема письма: Тема отсутствует. Текст письма: Мой письмо до сих пор не дошло на адресу,Электронные обращения,219c8f6e8dd73a46aa3b78cca45e0863c01a567bd1b3a59ab1e1776840e9a996,1357,1
40375830,"Тема письма: Услуги для населения/Самостоятельная регистрация отправлений Текст письма: Тематика: Самостоятельная регистрация отправлений Канал поступления обращения: По телефону Дата поступления обращения: : .. ФИ--- Телефон: + Учетная запись: Электронная почта--- Суть обращения: . примерно в . был оформлен перевод форсаж, списались денежные средства, чек--- не поступил. Просьба принять меры.",Прочее,5542a3e4ecd86376c09e899c3fdc4f25e109a572f1616c5456e615c70930eadc,1358,1
40377318,"Тема письма: Сервис трекинга /Другое Текст письма: Тематика: Канал поступления обращения: По телефону Дата поступления обращения: : .. Ф--- Телефон: + Адрес заявителя: , Российская Федерация, обл Волгоградская, р-н Котовский, г Котово, ул Победы, д. , кв. Индекс ОПС: Электро--- Суть обращения: клиент не виде отслеживания отправлений и отчетов на сайте почта России. Прошу принять меры с работой сайта",Отслеживание отправлений,3019674e4163011933cb3ff41bf482d46480a9dcc8a8ab8de619286bfae366ff,1360,1
40381617,"Тема письма: Сервис трекинга /Другое Текст письма: Тематика: Канал поступления обращения: По телефону Дата поступления обращения:--- Телефон: + Адрес заявителя: , Российская Федерация, обл Ростовская, г Ростов-на-Дону, пр-кт Буденновский, д. , кв. Индекс ОПС: Номер ШПИ: нет Адрес почтомата: нет Учетная запись: нет Электронна--- Суть обращения: клиент не видит текушие отправления,просьба связаться с клиентом",Отслеживание отправлений,c2aa841dc5d87ec3c0494ac28d5b48826e64c5ff39e26a032330896dd24f290a,1361,1
40381618,"Тема письма: Сервис трекинга /Другое Текст письма: Тематика: Канал поступления обращения: По телефону Дата поступления обращения: : .--- Телефон: + Адрес заявителя: , Российская Федерация, край Краснодарский, р-н Крымский, г Крымск, ул Лагерная, д. Учетная запись: + Электронная почта--- Суть обращения: отображаются чужие отправления",Отслеживание отправлений,02ed1f2ebee8d95cd3f3590f2a05a8ff0517a2fbbebf35167978d25e155543ef,1362,1
40383138,"Тема письма: Услуги для населения/Самостоятельная регистрация отправлений Текст письма: Тематика: Самостоятельная регистрация отправлений Канал поступления обращения: По телефону Дата поступления обращения: :--- Телефон: + Адрес заявителя: Воронежская Воронеж Беговая д. кв. Номер ШПИ: Электронная почта--- Суть обращения: Кл оформил посылку онлайн. Но у кл не принимают отправление тк скорее всего не видят что была оплата. Просят код оплаты по отправлению. Кл его назвать не может тк не знает о чем речь и где он должен быть, тк в принципе должны принимать отправления по QR-коду и всё. Необходимо решить вопрос кл!",Прочее,ddba2738435353488efa2d5f1d363d11a26cdce15b9b800890654df388e97de7,1363,1
40387001,"Тема письма: Услуги для населения/Самостоятельная регистрация отправлений Текст письма: Тематика: Самостоятельная регистрация отправлений Канал поступления обращения: По телефону Дата поступления обращения: : .. Ф--- Телефон: + Адрес заявителя: , Российская Федерация, обл Московская, г Ногинск, с Кудиново, ул Центральная, д. , кв. Эл--- Суть обращения: при самостоятельной регистрации письма в мобильном приложении отправителю на электронный адрес не пришел трек номер письма и подтверждение об оплате. Нет информации как распечатать бланк письма",Отслеживание отправлений,da42500d1b0c19ad50b67f66e8820f00e4d7c52af8d41155b86766f8c014e579,1365,1
40387023,"Тема письма: Акция с промокодами/Клиент не может оплатить промокодом/промокод исчез из МП Текст письма: Тематика: Акции с промокодами и Мобильное приложение Канал поступления обращения: По телефону Дата поступления обращения: : .--- Телефон: + Адрес заявителя: , Российская Федерация, обл Курганская, г Курган, ул Новая, д. а, кв. Электронная --- Суть обращения: клиенту приходят чужие трек номера в личный кабинет, на протяжении большого времени, в количестве шт .",Отслеживание отправлений,db541e6bbf1368674ad064384bfb91bed5e616eb01f8f7d2f6f8c6ae0f1d1f06,1366,1
40387813,"Тема письма: Сервис трекинга /Другое Текст письма: Тематика: Канал поступления обращения: По телефону Дата поступления обращения: : .. ---заявителя: г Санкт-Петербург, г Санкт-Петербург, пр-кт Гражданский, дом литера А к. Индекс ОПС: Учетная запись: Б--- Местная Администрация МО Пискаревка Электронная почт--- Суть обращения: Не удалось создать партию. Попробуйте позже при регистрации почтовых отправлений выходит такая ошибка",Прочее,92ddd63ced4f82718e2a20d5bfb0fce6fafcc7c6b2483bfb7f18b3b18cbca4e8,1367,1
40387907,Тема письма: Тема отсутствует. Текст письма: Где моё отправление -- Отправлено из мобильного приложения Яндекс Почты,Отслеживание отправлений,d7df720b01f9b166db363e9b6f461cf669a360e0674f1f389eea0cd4942bdf3a,1368,1
40388291,"Тема письма: Утеря важного письма Текст письма: Здравствуйте, разыщите моё письмо. В нем важный документ, за который я заплатила. Мне его нужно уже давно было сдать на работу. Мне грозит это увольн---. Г. Когалым -- Отправлено из Mail для Android",Электронные обращения,a00a8f2783806a3761be8680823ea4a604c3da712be459d335eb8d0e2d8ec6dc,1369,1
40388292,"Тема письма: Утеря важного письма Текст письма: Здравствуйте, разыщите моё письмо. В нем важный документ, за который я заплатила. Мне его нужно уже давно было сдать на работу. Мне грозит это увольн---. Г. Когалым -- Отправлено из Mail для Android",Электронные обращения,a00a8f2783806a3761be8680823ea4a604c3da712be459d335eb8d0e2d8ec6dc,1370,1
40391161,"Тема письма: Сервис трекинга /Другое Текст письма: Тематика: Сервис Трекинга. Жалобы/предложения Канал поступления обращения: По телефону Дата поступления обращения:--- Телефон: + Адрес заявителя: , Российская Федерация, обл Оренбургская, р-н Оренбургский, п Пригородный, пр-кт Звездный, д. А, кв. Индекс ОПС: Номер ШПИ: LKCN Адрес почтомата: - Учетная запись: - Электронная --- Суть обращения: посылка находится не в том опс.говорит что опс писали обращения но реакции нет по обращениям. это опс далеко и толком не работает. просьба решить вопрос и перенаправить в нужное Лобня",Проблема с ОПС/доставкой,313dc4e17afd4f4d3b430e6314feccef79c9a6947ef6aeec4493477eea6baaf4,1371,1
40391676,"Тема письма: Проблемы с учетной записью при входе в Мобильное приложение или сайт Почты России Текст письма: Тематика: Проблемы с учетной записью при входе в МП/Сайт Канал поступления обращения: По телефону Дата поступления обращения: :--- Телефон: + Адрес заявителя: , Российская Федерация, Респ Адыгея, р-н Тахтамукайский, пгт Яблоновский, ул Депутатская, д. , к. Индекс ОПС: Номер ШПИ: Электронная п---сти корректировки в адрес моего отправления вместо нужно отправить на адрес ДНР г. Смежное ул. Свободы д.",Отслеживание отправлений,d81efde70760f2f095e703277acc239e07018f617dd9b7ccd36a5198beb886f9,1372,1
40391679,"Тема письма: Сервис трекинга /Другое Текст письма: Тематика: Канал поступления обращения: По телефону Дата поступления обращения: : .. ФИ--- Телефон: + Номер ШПИ: Электронная почта клиента: Суть обращения: прошу помочь, не отслеживает в Л/к РПО + светлана",Отслеживание отправлений,af4c51e81f50ce114113b66a6cba0ed1b45d5045388e2b300979bd4b05dbb78c,1373,1
40392542,Тема письма: Сервис трекинга /Другое Текст письма: Тематика: Сервис Трекинга. Жалобы/предложения Канал поступления обращения: По телефону Дата поступления обращения: : .. ---вителя: Сочи Цюрупы Индекс ОПС: Номер ШПИ: Адрес почтомата: Учетная запись: по другому тел Электронная почта клиент--- Суть обращения: РПО зависло в СЦ Львовский с июля.Просьба ускорить отправку адресату,Отслеживание отправлений,a65c07b17da21def1911fe14dd4374137a66c1a2171f69994f706edefae4fd4f,1374,1
40393277,"Тема письма: Сервис трекинга /Другое Текст письма: Тематика: Сервис Трекинга. Жалобы/предложения Канал поступления обращения: По телефону Дата поступления обращения: : .--- Телефон: Адрес заявителя: , Тамбов Ул Марта , , кв Индекс ОПС: Номер ШПИ: ******** Адрес почтомата: Учетная запись: нет Электронн--- Суть обращения: Просьба ускорить отправку ДИПЛОМ",Отслеживание отправлений,1d32ca0f6ddf2abc6e1787e80a8c62c87cb52d0695c5a8aca7dba2a167b686f6,1375,1
40393325,"Тема письма: Сервис трекинга /Другое Текст письма: Тематика: Сервис Трекинга. Жалобы/предложения Канал поступления обращения: По телефону Дата поступления обращения--- Телефон: + Адрес заявителя: , Российская Федерация, обл Саратовская, г Саратов, ул Валовая, д. /, кв. Индекс ОПС: Номер ШПИ: Электронна--- Суть обращения: Статус в сортировочном центре после статуса прибыло в место вручения",Отслеживание отправлений,8f4c839329a041b206b784c43831691bc182bfc9bfd06e7cdf8bbfbb60406de1,1376,1
40393540,"Тема письма: Сервис трекинга /Другое Текст письма: Тематика: Сервис Трекинга. Жалобы/предложения Канал поступления обращения: По телефону Дата поступления обращения: : .. ФИ--- Телефон: + Адрес заявителя: г Москва, ул Синявинская, д. , к. Индекс ОПС: Номер ШПИ: Учетная запись: + Электронн--- Суть обращения: Клиент сообщает, что несмотря на обновленные данные в ПЭП, оформленное ей . письмо числится за отправителем с ---я клиента. Заявитель уже неоднократно подавал обращения и актуализировал информацию своих госуслуг, ЛК ПР и ПЭП, однако инцидент с этим письмом все равно произошел. Поскольку письмо имеет важный юридический характер, просьба, при наличии такой возможности, указать корректного отправителя---""",Отслеживание отправлений,ae1c5335da79a7e24cfde43e0c307b90a531ac925e5e0b565df88ecc38b9ed7c,1377,1
40393778,Тема письма: Сервис трекинга /Другое Текст письма: Тематика: Сервис Трекинга. Жалобы/предложения Канал поступления обращения: По телефону Дата поступления обращения: : .. --- + Адрес заявителя: - Индекс ОПС: Номер ШПИ: Адрес почтомата: - Учетная запись: - Электронная почт--- Суть обращения: просит ускорить доставку бандероли.там фото сына из армии. они очень ее ждут,Проблема с ОПС/доставкой,937dc926b2029b418be6dec12d20a1d46ee11ff60a552c7b6eaee6905e02fc91,1378,1
40395838,"Тема письма: Проблемы с учетной записью при входе в Мобильное приложение или сайт Почты России Текст письма: Тематика: Проблемы с учетной записью при входе в МП/Сайт Канал поступления обращения: По телефону Дата поступления обращения: : --- Телефон: + Индекс ОПС: Номер ШПИ: --- Электронна--- Суть обращения: с июля года у клиента возникла проблема связана с отслеживанием, при отслеживании отправлений по трек номерам, клиент через сайт вносит информацию, появляется белый экран или реклама. ранее у клиента при отслеживании трек номеров. добавлялась информация в моб приложение и поступали оповещения на эл почту. сейчас такого нет. прошу разобраться с данной ситуацией, что бы вернулось отслеживание как было ранее",Отслеживание отправлений,0bfe77bb69693267ba7864b354a990c12b3776d427b4e76e0806e5131d941742,1379,1
40396167,"Тема письма: Сервис трекинга /Другое Текст письма: Тематика: Сервис Трекинга. Жалобы/предложения Канал поступления обращения: По телефону Дата поступления обращения: : ..--- Телефон: + Адрес заявителя: , Российская Федерация, обл Ростовская, г Донецк, ул Станиславского, д. , кв. Индекс ОПС: Номер ШПИ: Электронная--- Суть обращения: необходимо данное отправление не отправлять отправителю. Получатель заберет отправление ..г",Прочее,fff3fff3e18815205af3a7dbb1a027566cdb8100a31aadef9da92488c5d93dd6,1380,1
40396217,"---, комментарий: Оплатила отправку письма пришел чек, но не пришло что нужно распечатать",Письма\бандероли,89c0ca0ac8a77cb05b6f97c75f27f17f0c96f53451375152ec8213a6adc219cf,1381,1
40396247,"Тема письма: Сервис трекинга /Другое Текст письма: Тематика: Канал поступления обращения: По телефону Дата поступления обращения: : ..--- Телефон: + Адрес заявителя: , Российская Федерация, обл Самарская, г Самара, ул Печерская, д. , кв. Номер ШПИ: Электронная по--- Суть обращения: Прошу настроить работу голосового помощника, посколько его работа некорректная.k.любимых клиентоа. Прошу оперативно решить работу голосового помощинка или отключить его вовсе.",Прочее,f01f68954a65e8105a464b6dd9bbb429323f73ffa883e0e089aa878101e9d35d,1382,1
40396265,Тема письма: Сервис трекинга /Другое Текст письма: Тематика: Канал поступления обращения: По телефону Дата поступления обращения: : ..--- Отслеживание Телефон: + Электронная по--- Суть обращения: ППрошу настроить функционал чат бота настроить работу посколько его работа некорректная.k.любимых клиентоа. Прошу оперативно решить работу голосового помощинка или отключить его вовсе. Вопрос прошу решить оперативно или отключить для для клиента чат бот,Прочее,47cce588459dc5540e6bd9edb22ec77c95033a1939092817fa07c14888e5122c,1383,1
40402713,"Тема письма: Услуги для населения/Самостоятельная регистрация отправлений Текст письма: Тематика: Самостоятельная регистрация отправлений Канал поступления обращения: По телефону Дата поступления обращения: : .. ---еля: , Российская Федерация, обл Московская, г Подольск, мкр. Климовск, ул -го Марта, д. , кв. Электрон--- Суть обращения: Клиент юр лицо не может оформить отправление она указывает опись вложение, указала объявленную ценность, по после этого систем не дает оформить письмо. Как ---",Посылки,6512121655c24c4317da11e0f1216f500d8814f212c96ef43035f244246b86c6,1385,0
40403702,"Тема письма: Запрос на посылку Текст письма: Добрый день, подскажите , где находится посылка трек ? Можно ли ускорить доставку , так там находятся цветы . Спасибо. Получите Outlook для Android",Электронные обращения,dbea72fb354039b1f795ca55b459eb7a0867765dfdc67bfe36c0b5039e155f8a,1387,1
40404891,"Тема письма: Услуги для населения/Самостоятельная регистрация отправлений Текст письма: Тематика: Самостоятельная регистрация отправлений Канал поступления обращения: По телефону Дата поступления обращения: : .. ---еля: , Российская Федерация, г Москва, ул Новогиреевская, д. , кв. Индекс ОПС: Номер ШПИ: Электронная почта клиента: Суть обращения: клиент не может заказать доставку мин через портал почта России.",Проблема с ОПС/доставкой,ca9090ac8803dad9ab6b88e46f26ee83f2c3232b6c969489b96e47eeb0a6e429,1388,1
40405449,Тема письма: посылка Текст письма: Добрый день. По посылке трек код изначально не верно было указано ---рузоотправитель сделал обращение на замену получателя. Можно узнать была ли смена на К---? -- З--- Отправлено из Почты Mail,Электронные обращения,1b4463b573f29a5b47cc3e86cf538106e2d82037ddda4d5a82d130fba458bbca,1390,1
40406420,Тема письма: Тема отсутствует. Текст письма: Не пускает на сайт,Недоступность портала,86a7143e2250ee127efc5e40785c6a64fa0f58238c95134f40faa4b884f85f79,1392,0
40408051,"Тема письма: Необходимо решить вопрос Текст письма: Здравствуйте. Было оформлено отправление EDRU из г. Краснознаменск до г. Мурино июля . В отделении почты России меня заверили, что отправление придет через - дня, поскольку мне необходимо было быстро. Поэтому заплатила за скорость. В итоге сегодня уже августа года, а отправление только прошло сортировку во Внуково. Как можно решить вопрос? Я попадаю на неустойку. -- С уважением--- тел. +---",Электронные обращения,bfcbc501556a67a1b6cd57154e0af0ae91fbad498f0ef843ead7ae8de65697cc,1393,1
40409010,"Тема письма: Услуги для населения/Самостоятельная регистрация отправлений Текст письма: Тематика: Самостоятельная регистрация отправлений Канал поступления обращения: По телефону Дата поступления обращения: : .--- Телефон: + Адрес заявителя: , Российская Федерация, Респ Башкортостан, г Стерлитамак, ул Артема, д. , кв. Электрон--- Суть обращения: клиент оформляет заказное письмо и ей нужно ввести номер абон ячейки но не может так как не выходит кнопка абонем ячейка просит принять меры",Абонентский ящик,d0315b2a9e380df07c565a34537a3b3439b6a394397ff30ab652a0bf3d09c85d,1394,0
40410989,"Судебный участок No судебного района, в котором создан Ирбитский районный суд Свердловской области --- При отслеживании по ШПИ не выдает в поиске движение письма, невозможно распечатать отчет. пробовали почистить кэш и куки браузера, все также",Отслеживание отправлений,3381e1d2a00ded431158c8da13bbff67caba9a20e89d52b32fd8738194c7819f,1398,1
40414877,"Тема письма: Тема отсутствует. Текст письма: Предоставить уточнени не возможно. Вот такое вижу Не удается получить доступ к сайту Веб-страница по адресу https://support.russianpost.ru/sd/operator/?anchor=uuid:serviceCall$, возможно, временно недоступна или постоянно перемещена по новому адресу. ERR_UNEXPECTED_PROXY_AUTH С ува--- Г--- ☎ +----",Отслеживание отправлений,f93185fe2f8434ab2c2cd9ffa92fda4999a448a6b863018dee4bc85c61b11fa5,1402,1
40414880,"Тема письма: Тема отсутствует. Текст письма: Ответить на Ваше вот это письмо по указанной ссылке не возможно — такая ссылка не существует. Как уточнять? Ожидаем от Вас ответа на комментарий для продолжения работ по запросу #RP --- Сегодня, : Кому:вам При ответе добавьте комментарий выше Здравствуйте! Для продолжения работ по запросу , ожидаем от Вас ответа на комментарий Пользо--- добавил комментарий: Добрый день! Для решения запроса приложите, пожалуйста, следующую информацию: - номер телефона и e-mail, под которым Вы авторизованы на сайте/в мобильном приложении Почта России; - трек-номера отправлений; - полноэкранные скриншоты, подтверждающие инцидент. --- Вид запроса: Отслеживание отправлений Расположение: Местоположение не определено Расположение пользователя: Местоположение не определено Кон--- Описание: Тема письма: Проблемы с учетной записью при входе в Мобильное приложение или сайт Почты России Текст письма: Тематика: Проблемы с учетной записью при входе в МП/Сайт Канал поступления обращения: По телефону Дата поступления обращения: : .--- Телефон: + Адрес заявителя: , Российская Федерация, г Санкт-Петербург, ул Ушинского, д. , к. , кв. Индекс ОПС: Номер ШПИ: Электронна--- Суть обращения: не видно в личном кабинете письма которые отправлялись,нет возможности отследить. Для того, чтобы просмотреть подробную информацию, перейдите по ссылке Предоставить уточнение С ува--- Галкина. ☎ +----",Отслеживание отправлений,240487c47836a9a6c16a5882e65881719e67fb2def2c1d512b8330325a51522f,1403,1
40415671,"Инн: не можем распечатать отчет об отслеживании почтовых отправлений. Выходит картинка - мужчина запаковывает посылку, рядом с ним кот. Клавиши отчет нет. Помогите решить данную проблему.Ответы на ваши вопросы в Базе Знаний. Вы также можете посмотреть видеоинструкции по работе с личным кабинетом на YouTube канале. С уважением, Команда сервиса otpravka.pochta.ru АО «Почта России»",Отслеживание отправлений,4d421e42fdf9e5dce12c05e0d581b00137ffbf032f275fd33ad3c26b368fbd3a,1405,1
40419080,"Тема письма: Безолаберность почты России. Текст письма: Такая крупная организация, а какие-то рядовые вопросы решаете по нескольку дней, подводите из-за своих проблем, почему с другими Транспортными компаниями всегда все гладко, такими как Деловые Линии и СДЭК, а с вами как ни отправление так какие-то проблемы??? Трек-номер Заколебали, честное слово.",Электронные обращения,e944c5b6e2c722d19917bc6bde0cbdd75a342068dcda106561ed8042728bdb46,1410,1
40419246,"---на, комментарий: Не формирует очеты по штрихкодам.",Отслеживание отправлений,e2723e3ad9341aa01ad601900e39dd5cb3b0e305cf6befaab2066dfee67d481a,1411,1
40421305,"Тема письма: Сервис трекинга /Другое Текст письма: Тематика: Сервис Трекинга. Жалобы/предложения Канал поступления обращения: По телефону Дата поступления обращения: : .. Ф--- Телефон: + Адрес заявителя: , Российская Федерация, обл Ростовская, г Ростов-на-Дону, ул Жмайлова, д. , кв. Индекс ОПС: null Номер ШПИ: Электронная почта--- Суть обращения: Клиент отправил заказное письмо в ОПС .., до сих пор по трек номеру показывает старое РПО года. Чек у отправителя в наличии. Просьба обновить информацию.",Отслеживание отправлений,2c2a08f03675bba75447ffe4f894fe6fbf9c7fa93c9e556c0de489aa6c4bfc9c,1413,1
40421742,"Тема письма: Услуги для населения/Самостоятельная регистрация отправлений Текст письма: Тематика: Самостоятельная регистрация отправлений Канал поступления обращения: По телефону Дата поступления обращения: : .--- Телефон: + Адрес заявителя: г Москва, ул Стартовая, д. , кв. Номер ШПИ: Электронная --- Суть обращения: При приеме в опс не проходят рпо созданные в мп и сайте",Письма\бандероли,73d3e922505df559d1101981341e3ea1738924f86ccf04a62cd4ec4c7135cab4,1415,1
40423371,"Тема письма: ответ Текст письма: Здравствуйте, Newportal. Скажите, как выбрать старые письма, например, год, чтобы их не отслеживать, удалять письма за год не целесообразно, потому что мы бывает к ним возвращаемся по запросам -- С уважением, Судебный ---",Прочее,c5691691117baa35a36f3bbd17d2c7fd7f29ba2841e568f0a2262d5508fb51a5,1417,1
40423805,"Тема письма: Тема отсутствует. Текст письма: Добрый вечер Ценная посылка на имя А--- В.Г. Смоленск, Новосельцы, Юбилейная, ,кв. Уже третьи сутки лежит в сортировочном центре Смоленск!! В отделении не знают ,когда она придёт. Т.к. со слов сотрудников Почты на МСЦ не кому работать! Требую разобраться и доставить мою посылку в ОПС в кратчайшие сроки! -- Отправлено из мобильного приложения Яндекс Почты",Электронные обращения,22e4a8ccd011ec2f2c5c7b1e3501e13485fade042214980a6620a41a1bb9f5e0,1418,1
40424844,"Тема письма: ответ Текст письма: Здравствуйте, Newportal. Мы все это нашли, Вы не ответили на наш вопрос, как нам выбрать шпи года, чтобы их пометить как ""не отслеживать"", поому что в личном кбинете в разделе ""Получить"" - ""отслеживание"" все трек-номера свежие год, а они необходимы в работе. По сто раз не надо писать одно и тоже, решите проблему, подскажите как удалить старые трек номера -- С уважением, Судебный ---",Отслеживание отправлений,73a27f94941765843e45bfb4909b5739366cd805defa0820343b2621f0f499bb,1420,1
40425015,"Тема письма: Услуги для населения/Самостоятельная регистрация отправлений Текст письма: Тематика: Самостоятельная регистрация отправлений Канал поступления обращения: По телефону Дата поступления обращения: :--- Телефон: + Адрес заявителя: , Российская Федерация, Респ Ингушетия, г Назрань, тер Насыр-Кортский округ, ул Эсмурзиева, д. Электронная--- Суть обращения: Оформил клиент посылку, но в конце не получается сохранить данные, не может подтвердить данные.",Посылки,fc535d9c3f1fbb33589e516d7fbbca384c02adfee7e99654e535edeee00bb03f,1421,0
40425997,Тема письма: Почта России Текст письма: В приложении невозможно создать электронное обращение. -- Отправлено из Mail для Android,Электронные обращения,d1e07b64567ba3d2d4b8ceea8268afbd0d22d0829af9ae43e69a43d9df8482fc,1422,1
40427224,"Добрый день! Человек не может мне отправить посылку по номеру телефона, пишет услуга не подключена, хотя я подключила ее в личном кабинете на сайте Д--- К--- Мобильный телефон + --",Письма\бандероли,08b9e21211a8fbdef0c9f055a53eb7204449280fb27f278db4c08c6a74074dc8,1423,1
40429744,"Тема письма: Сервис трекинга /Другое Текст письма: Тематика: Сервис Трекинга. Жалобы/предложения Канал поступления обращения: По телефону Дата поступления обращения:--- Телефон: Адрес заявителя: , Российская Федерация, г Москва, б-р Кавказский, д. , кв. Индекс ОПС: Номер ШПИ: Электро--- Суть обращения: Данное почтовое отделение не рабоет т.к сотрудник ушел в отпуск, клиент возмущен ,нет информации что почтовое отделение закрыто. Просит разобраться в Данном вопросе.",Проблема с ОПС/доставкой,ab3f15f8bb201d7c5593151773cb7eb7ef3749cb985adcbc3b3b8c3eaf4692e5,1426,1
40429856,"Тема письма: Проблемы с учетной записью при входе в Мобильное приложение или сайт Почты России Текст письма: Тематика: Проблемы с учетной записью при входе в МП/Сайт Канал поступления обращения: По телефону Дата поступления обращения: --- Телефон: + Адрес заявителя: , Российская Федерация, край Краснодарский, р-н Кореновский, ст-ца Платнировская, ул Октябрьская, д. Номер ШПИ: Электронная по--- Суть обращения: для отслеживания трек номера в мобильном приложении требуют рублей просьба решить проблему с приложением ответ нужен обязательно",Отслеживание отправлений,3188a53fa1ef148ca9917a541d2b9b6eb9146817fd7463ce038e771592d78836,1427,1
40430005,"Тема письма: Жалоба на отделение Текст письма: Отделение по адресу Башкортостан Респ., г. Нефтекамск, Парковая ул, не работает второй день и августа . Не могу получить важное письмо. На двери объявление, что отделение не работает, но причина и когда начнёт работать не указано. Пусть доставят письмо домой. Срочно! -- Отправлено из Mail для Android",Электронные обращения,436c599b3306c893e04fa1224d6699123055759ac00bad16a348bd4a90f6affd,1428,1
40430161,"Тема письма: Нет посылки Текст письма: Здравствуйте, предназначенная мне посылка отправлена из Майкопа ещё июля, предполагалось доставить в конце июля, уже август, обещают числа. Вы на лошадях мою посылку доставляете или потеряли. Почему так люди халатно работают в логистике? Где посылка и когда придёт? Прошу принять жалобу. -- Отправлено из Mail для Android",Электронные обращения,8d744a13ccd061cae2e10b8334ff50af02718c95a9ccb40d34cf921e972c30a4,1429,1
40431172,Тема письма: Тема отсутствует. Текст пис--- отправила посылочку по адресу Тверская область Вышнии Волочок --- посылку она не получила где она,Электронные обращения,58bfe31c26b649077fab8e0b3840b5a4e5954a6d1a81a75d15458ef5ff8b6d5c,1431,1
40431370,"Не удается скачать ЭУВ ,, , ООО---. ----",Отслеживание отправлений,272309ec6fa45f197c7d934ec606c43133b6a7d81bffb76dd965b6b673d3b270,1432,1
40431984,"на транспортной накладной при распечатке с недавних пор формируется только населённый пункт. При этом при оформлении отправления я всегда указываю полный адрес. В данном случае адрес был указан такой: обл Брянская, р-н Брянский, ж/д_ст Чернец, мкр Сосновый бор, дом . Почему так формируется адрес в обрезанном виде, это нормально для маршрута посылки или это некорректное формирование и необходимо дописывать адрес вручную? До этого посылки с ""урезанными"" адресами доходили исправно. Но хотелось бы понимать насколько это корректно, т.к. в почтовом отделении отправления сотрудники не смогли мне ответить на этот вопрос всегда указываю полный адрес, но месяца как при распечатке в почтовом отделении адрес формируется обрезанным. И так на всех посылках У отправления полный адрес, указанный при формировании в приложении Почты России: Почтовое отделение No обл Брянская, р-н Брянский, ж/д_ст Чернец, мкр Сосновый бор, дом У отправления полный адрес , г. Москва, ул. Академика Королева, к. На накладной при распечатке сформировался только город и индекс. Адрес полностью дописывала от руки Мои данные: Р---",Проблема с адресом\индексом,e4efede2cbb7710142f06601a42ccd58ae7cf4dffccfa1fa138a2527c9981dc0,1433,0
40432088,"Тема письма: Сервис трекинга /Другое Текст письма: Тематика: Канал поступления обращения: По телефону Дата поступления обращения: : .. Ф--- Телефон: + Адрес заявителя: , Российская Федерация, обл Оренбургская, г Бузулук, ул Светлая, д. Индекс ОПС: Номер ШПИ: ******** Электронная п--- Суть обращения: отборажаются не верные данные по отправлению",Отслеживание отправлений,6f056285271c0851b3e19ad4b8cd691ad16c23e5f6437965e0695877d58dc86a,1434,1
40434641,"Тема письма: Сервис трекинга /Другое Текст письма: Тематика: Сервис Трекинга. Жалобы/предложения Канал поступления обращения: По телефону Дата поступления обращения: : .--- Телефон: + Адрес заявителя: Саратов Индекс ОПС: Номер ШПИ: Электронная почта клиента: нет Суть обращения: Нарушение режима работы отделения. По информации сайта и размещенной таблички на ОПС, отделение закрыто. Прошу принять меры по режиму работы ОПС и исправить информацию на сайте и на ОПС чтоб не вводить людей в заблуждение.",Прочее,494a79e327c4da57d4c76ba5ad314bba60b80136e6154394c00322249fb96daf,1436,1
40434804,"Тема письма: Претензия. Срочный вопрос. Текст письма: Добрый день. Я, А--- И---, ..г, направляю данную претензию в связи с ненадлежащим исполнением услуг по доставке почтовых отправлений. Мною в отделении почтовой связи по адресу: , г. Котельники, было отправлено три заказных письма, содержащих важные оригиналы документов, необходимые для поступления в учебные заведения. Информация об отправлениях: . Казахстан, г. Астана, индекс , Есильский район, проспект Кабанбай Батыра , дом Б, кв --- Тел: . Россия, Саратовская область. Заводской район. Улица Левина И.С дом . Квартира На имя С--- К--- + . Г . Новокузнецк ул. Клименко - Индекс --- Номер Сотрудник отделения не предоставил мне информации о возможности отслеживания писем. Только позже, после оплаты, я заметила в чеке, что письма были отправлены, однако не получила квитанции с номерами, и покинула отделение, не осознавая последствий. На текущий момент (прошёл месяц) ни одно из писем адресатами не получено, информация об отслеживании отсутствует. В результате данной халатности существует риск, что дети не будут зачислены в школу, что является крайне серьёзным последствием ненадлежащего исполнения услуг связи. В соответствии со ст. Закона РФ ""О защите прав потребителей"", ст. – ГК РФ и иными действующими нормами законодательства, требую: провести служебную проверку по данному факту; предоставить официальный письменный ответ с результатами и объяснениями; компенсировать моральный вред, связанный с нарушением прав потребителя; сообщить о возможности подачи заявления на розыск отправлений, либо подтвердить их утрату; предоставить документы, подтверждающие внутреннюю регистрацию отправлений. В случае отказа в удовлетворении претензии в течение календарных дней, оставляю за собой право обратиться в суд для взыскания компенсации, понесённого ущерба и морального вреда, а также в Роспотребнадзор и иные надзорные органы. Приложения: копия чека об оплате С уважением, А---",Прочее,21609be9850f91df44d21b835c2930210635fa4b152972ed6f69a2568b64f485,1437,1
40438200,"Не отображается отчет отслеживания отправления . После нажатия на трек номер, не выходит отчет передвижения и кнопка, чтобы распечатать. No Договора -- ИНН АГЕНТСТВО ПО ОРГАНИЗАЦИИ ДЕЯТЕЛЬНОСТИ МИРОВЫХ СУДЕЙ АСТРАХАНСКОЙ ОБЛАСТИ (Судебный участок No Ленинского района г. Астрахани), Корпоративный клиент",Личный кабинет,a5378b9d43a487c31c16afc328d1479a15a0e10ca57bc1c4bd70aa6df05966b2,1439,1
40438900,"Тема письма: Посылка Текст письма: Добрый день. Прошу разобраться с отправкой посылки На списываются деньги, день не могу отправить. Это уже в какой то бред превращается -- Отправлено из Mail для Android -------- Пересланное письмо -------- От:--- Дата: среда, августа г., : +: Тема:",Посылки,496bc726c6348a06f6b61d94c9fa7cda5fa5f49d6dcc9a674b478bf79aacf2df,1441,0
40439870,"Тема письма: Сервис трекинга /Другое Текст письма: Тематика: Сервис Трекинга. Жалобы/предложения Канал поступления обращения: По телефону Дата поступления обращения: :--- Телефон: + Адрес заявителя: , Российская Федерация, край Краснодарский, г Сочи, р-н Центральный, ул Виноградная, д. В, кв. Индекс ОПС: Номер ШПИ: Электронная почт--- Суть обращения: Клиент уже отнес отправление в ОПС, но в личном кабинете статус до сих пор не изменился.",Личный кабинет,6df3e6c340860e13bf6df9d73ac2795c5b4ed933a54d4d88cac8c2a7996bd04c,1442,1
40440172,"Здравствуйте, не доступны все виды для оплаты РПО при оофрлмении---. но---",Ошибки оплаты,133f6b450fab3ddaef70a5e37a3009db650dfbcc6ab96523801ff7dbd4dc1cf2,1443,0
40440352,"Тема письма: Жалоба Текст письма: Отправили экспресс доставку с трэк номером EDRU, которая задерживается и сроки её доставки оказался больше, чем у обычного письма. Вы подвели людей, которые на вас рассчитывают! Очень жаль! Большое огорчение принесли своей плохой работой!!! А ещё берёте немаленькие деньги за свои услуги Это отправлял пожилой человек, которому очень необходимо было переслать документ о наследстве, пожилой человек заплатил последнии деньги своей пенсии, чтобы ускорить доставку!!! А, в итоге, вы подвели всех тех, кто на вас понадеялся! Отправлено с iPhone",Отслеживание отправлений,efb49f2e1c8b4b9b744b7a08b3ae7063f8fa437a0d5fd360af7b9359fd37ba91,1444,1
40440815,"Тема письма: Услуги для населения/Самостоятельная регистрация отправлений Текст письма: Тематика: Самостоятельная регистрация отправлений Канал поступления обращения: По телефону Дата поступления обращения: : .. ФИ--- Телефон: + Адрес заявителя: , Российская Федерация, край Приморский, г Владивосток, пр-кт Народный, д. , кв. Номер ШПИ: ******** Электрон--- Суть обращения: не появился на сайте формат что отправление можно сложить вдвое, просим проверить.",Предложение по изменению,4a8fff5451cb35307fdfe3b9cc23bef83b44ef1eda708c3bc3f6746b1fd92d70,1445,0
40441539,"Тема письма: Обраще--- Текст письма: Really Simple HTML Email Template Письма продолжают приходить в бумажном виде, хотя пользователь зарегистрирован в сервисе. HID: fbba-f--aff-eede Трек-номер: ---: электронное письмо отправлено .. с .. находится в сортировочном центре без движения Прошу разобраться с доставкой до места вручения адресату. Тип пользователя: ФЛ",Письма\бандероли,79e0843adbf44b766df5ac1e84f89ff273c6259812233b106a6fe39f6102a5b9,1447,1
40442006,"Добрый день. В личном кабинете второй день появляются отправления не имеющие ко мне никакого отношения. Они вообще из другого региона и адресованы в другой регион, и их становится все больше. (, , , , ) Ч--- Александр---",Отслеживание отправлений,63415b507e4ecd8453f48fb10d37695c28ac6807dd651656c2a88f4c7ca3b3a0,1448,1
40444017,"Тема письма: Услуги для населения/Самостоятельная регистрация отправлений Текст письма: Тематика: Самостоятельная регистрация отправлений Канал поступления обращения: По телефону Дата поступления обращения: : .--- Телефон: + Адрес заявителя: , Российская Федерация, г Москва, пер Глинистый, д. , кв. Электронная по--- Суть обращения: три раза пытались оплатить картой на сайте,приходиться снова формировать",Ошибки оплаты,f69a9a1c39046b9a558bd685a73ac4a5e76084b6db2133771c77d5d75f785ee6,1449,0
40447261,"ZQQCWACKT было сдано простое письмо в отделение .., статус не обновился чек на электронную почту не пришел, оплатили отправление при оформлении онлайн. в отделении чек не дают, ссылаясь на то что он придет на почту Привал---, ОПС",Письма\бандероли,2349716dfb5a593dc5bebfcb26cec289af1b73dbe37a5c6549179695bf9b062d,1453,1
40453236,Тема письма: Сервис трекинга /Другое Текст письма: Тематика: Сервис Трекинга. Жалобы/предложения Канал поступления обращения: По телефону Дата поступления обращения: : .. ФИ--- Телефон: + Адрес заявителя: - Индекс ОПС: Номер ШПИ: ******** Адрес почтомата: - Учетная запись: - Электро--- Суть обращения: клиент ждет это отправление. по этой причине человек не может выехать по причине того что в письме паспорт . без него он не может выехать.просьба ускорить обработку,Прочее,8d64d44fc3ebb61e235ade16e3d99ec460dfbf9bf66238c8a7da634f60a581b1,1455,1
40454400,"Тема письма: Проблема при онлайн-оплате Текст письма: Добрый день. Выбрана онлайн-оплата заказного письма с описью. Оплата списалась, а конверт и опись не подгружаются. Отменить оплату нет опции нигде, где получить конверт и опись непонятно. — Best regards,",Письма\бандероли,3876d213d12b73b2c5bfb49a1951a1e0a02e8e9f5c9570fdd4a1145da7ea4148,1456,1
40456084,"Инн: Здравствуйте! В течении двух недель не можем отследить отправление. Пишут, выберите отправление из списка. Ответы на ваши вопросы в Базе Знаний. Вы также можете посмотреть видеоинструкции по работе с личным кабинетом на YouTube канале. С уважением, Команда сервиса otpravka.pochta.ru АО «Почта России»",Отслеживание отправлений,b76dd225e38a06fcfaf9d4dc95887aa6bd927026a577c740581cd6b3c179faa0,1457,1
40461436,"Инн: Почему не формируется отчет об отслеживании отправления по трек-номеру?Ответы на ваши вопросы в Базе Знаний. Вы также можете посмотреть видеоинструкции по работе с личным кабинетом на YouTube канале. С уважением, Команда сервиса otpravka.pochta.ru АО «Почта России»",Отслеживание отправлений,8eebbca9ae2ffffd12462165eee62f9900a732e81ec16c96a7fbfc7e06bac1d9,1460,1
40461590,"Тема письма: Информация об отправлении Текст письма: Attention! This e-mail contains malware or unchecked objects or malicious links. Почему вновь не работает ЛК --- Sent: Monday, March , ---> Subject: FW: От Вас ожидают уточнений, в рамках запро--- From: С---> Sent: Monday, March , : PM To: Смирнова О---> Subject: RE: От Вас ожидают уточнений, в рамках запро--- --- Sent: Friday, March , ---> Subject: RE: От Вас ожидают уточнений, в рамках запро--- Больше недели не приходят трек-номера на указанную эл. Почту. В чем дело? Как организациям работать. Завалить работой сотрудников отделений? ---> Sent: Thursday, March , : PM To: С---> Subject: От Вас ожидают уточнений, в рамках запро--- При ответе добавьте комментарий выше Здравствуйте! Необходимо предоставить уточнения по Вашему запросу ---: Добрый день. Просьба уточнить трек-номера отправлений, номер телефона и email, привязанные к аккаунту. С уважением, Отдел поддержки пользователей --- Вид запроса: Личный ---шний пользователь Контактный телефон: Конт--- Описание: Тема письма: Услуги для населения/Самостоятельная регистрация отправлений Текст письма: Тематика: Самостоятельная регистрация отправлений Канал поступления обращения: По телефону Дата поступления обращения: :--- Телефон: У--- Электронная --- Суть обращения: Клиент формирует отправления в личном кабинете, не приходят трек номера на электронную почту. Просьба ситуацию урегулировать и с клиентом связаться.",Отслеживание отправлений,67ac704be0cef6fd08ab0db1177d17f6f830569801894d061a3cf88772444a37,1461,1
40462875,Тема письма: Сервис трекинга /Другое Текст письма: Тематика: Канал поступления обращения: По телефону Дата поступления обращения: : .. --- Электронная по--- Суть обращения:,Отслеживание отправлений,76e873cf6b42802d8130779929b93b985f2289da39eded54470e392f15e3bfa1,1462,1
40463085,"Тема письма: Акция с промокодами/Клиент не может оплатить промокодом/промокод исчез из МП Текст письма: Тематика: Акции с промокодами и Мобильное приложение Канал поступления обращения: По телефону Дата поступления обращения--- Телефон: + Учетная запись: + Электронная --- Суть обращения: Когда клиент зарегистрировался по его номеру телефона на сайте ПР в разделе архив отображается информация по чужим трем отправлениям. Необходимо удалить информацию по данным отправлениям. Клиент требует чтобы было проведено расследование для уточнения почему в личном кабинете клиента появилась информация по отправлениям, также требует чтобы ему предоставили ответ на электронную почту. Если не будет проведено расследование по данному случаю, клиент будет обратиться в правоохранительные органы для проведения расследования. Клиент требует также чтобы были приняты меры по предотвращению совершения ошибки связанных с персональными данными клиента. Также он требует чтобы ему был предоставлен ответ о результатах принятых действий по решению данной проблемы. Мотивация с проведением расследования: соблюдение закона о персональных данных (о передаче, хранении и распространении данных третьим лицам), возможное пресечение и противодействия противозаконных экстремистских и прочих противоправных действий связанных с моим аккаунтом, а также персональным данным без моего ведома. Прошу сохранить данные камер видеонаблюдения по текущим отправлениям (трек-номерам), по получателям и отправителям для возможных оперативно-розыскных мероприятий.",Отслеживание отправлений,883a78bc36ccd2c494e30c7bc727a80db5f71b593ca2bdb7e8cd7b845657c5a4,1463,1
40463774,"Тема письма: Услуги для населения/Самостоятельная регистрация отправлений Текст письма: Тематика: Самостоятельная регистрация отправлений Канал поступления обращения: По телефону Дата поступления обращения: : .. --- Телефон: + Адрес заявителя: , Российская Федерация, обл Московская, г Подольск, мкр. Кузнечики, ул Академика Доллежаля, д. , кв. Электронная--- Суть обращения: не могут адрес отправителя ввести, пишет что не могут найти данный адрес.",Проблема с адресом\индексом,fff23c13ee94fd96eeb2b5f5e460182f0ce840eb9f28a0dda9b8e413cb0db2c0,1464,0
40464447,"---я при администрации города Нижнего Новгорода. Аккаунт создан один на всех сотрудников. На сайте все сотрудники пользуются одним аккаунтом., комментарий: Здравствуйте. При работе в программе АИС Штрафы по Трек-номеру не формируется отчет об отправке.",Отслеживание отправлений,8308f0d792a9225e1e97c7db051727681a9817b90b589f52772a59354864bd26,1467,1
40464611,"Тема письма: Услуги для населения/Самостоятельная регистрация отправлений Текст письма: Тематика: Самостоятельная регистрация отправлений Канал поступления обращения: По телефону Дата поступления обращения: : .--- Телефон: + Адрес заявителя: , Российская Федерация, край Ставропольский, р-н Буденновский, с Орловка, пер Кумской, д. Электронна--- Суть обращения: При самостоятельном оформлении РПО возникают неполадки, ""Информация об отправлении временно недоступно. Когда она появится, Вы получите уведомление""",Отслеживание отправлений,809bc43af30db8c16b6263f96c94c5836d8c1c1dbdfc142067143b34e586491d,1469,1
40465259,"Тема письма: Услуги для населения/Самостоятельная регистрация отправлений Текст письма: Тематика: Самостоятельная регистрация отправлений Канал поступления обращения: По телефону Дата поступления обращения: :--- Телефон: + Электронна--- Суть обращения: Клиент оформляет письмо,и потом не может распечатать бланк так как его нет в списке оформленных.",Письма\бандероли,c94c33627a57361c7c6068cf1f0272b284e686499f4f617624c71660281cbe08,1471,1
40465603,"заказаны и не доставлены смс сообщения, отправитель требует их д---",Прочее,bddf192269c67cab335956f7e03ab7818cfc50fc4fddf3f70d9ae70f0a6ce808,1472,1
40465796,"Тема письма: Услуги для населения/Самостоятельная регистрация отправлений Текст письма: Тематика: Самостоятельная регистрация отправлений Канал поступления обращения: По телефону Дата поступления обращения: : .. Ф--- Телефон: + Адрес заявителя: , Российская Федерация, Респ Татарстан, г Казань, пр-кт Победы, д. , кв. Электронн--- Суть обращения: При отправлении заказного письма программа не выдает трек номер. Прошу принять меры и устранить неисправность.",Прочее,4ff66ab2e88e1398521ffb7fbb4835cd0181f88c8f0f015ef5f7d1156aba1118,1473,1
40465887,"Тема письма: Сервис трекинга /Другое Текст письма: Тематика: Сервис Трекинга. Жалобы/предложения Канал поступления обращения: По телефону Дата поступления обращения: --- Телефон: + Адрес заявителя: , Российская Федерация, г Москва, проезд Студёный, д. , кв. Индекс ОПС: Номер ШПИ: Адрес почтомата: - Учетная запись: - Электронная--- Суть обращения: клиентка отправила авито отправление( сдала в опс) , но трек на доставку не отслеживается. все еще в статусе создание идентификатора. выдана экспедиторская расписка на руки по просьбе отправителя. когда изменится информация и посылка пойдет на доставку . просьба решит вопрос.",Отслеживание отправлений,bf1cc1f5e7e46284ef062f90397d1dde9968fd971bc2542b90c7ff5f5ce4c248,1474,1
40466029,"Тема письма: Услуги для населения/Самостоятельная регистрация отправлений Текст письма: Тематика: Самостоятельная регистрация отправлений Канал поступления обращения: По телефону Дата поступления обращения: : .. --- почта --- Суть обращения: В мобильном приложении клиент оформил и оплатил почтовое отправление, но после оплаты информация по отправлению исчезла, нет трек номера. Оплата прошла.",Отслеживание отправлений,ab43acc5e35bf94edbbfec7c2a10a12a32ab50170fd671bf2ed41783ef1988ac,1475,1
40466798,"ФИ---, комментарий: Не могу оформить письмо, ссылка на скрин: https://chat-ct.pochta.ru/file/rupost/bafc-a-e--addefe-fcfba-c--c-dacaaf.png",Ошибки оплаты,2ebe20cf376a4b19303a2a57f1a3fd026e5ecbc3ad52f8495ac78bcd2ff692d5,1476,0
40467090,"Тема письма: Услуги для населения/Самостоятельная регистрация отправлений Текст письма: Тематика: Самостоятельная регистрация отправлений Канал поступления обращения: По телефону Дата поступления обращения: : .. --- Телефон: + Адрес заявителя: , Российская Федерация, обл Ивановская, г Шуя, ул Красноказарменная -я, д. , кв. Электронная п--- Суть обращения: Оформляли РПО, деньги списались, но ни трека, ни бланка не оформилось. в личном кабинет тоже нет.",Письма\бандероли,ab5f0e17cd3bbea0e78a250d4c71f1d3317f5170a5b353f309bb91accfdd8cae,1478,1
40467091,"Тема письма: Услуги для населения/Самостоятельная регистрация отправлений Текст письма: Тематика: Самостоятельная регистрация отправлений Канал поступления обращения: По телефону Дата поступления обращения: : .. ФИ--- Телефон: + Номер ШПИ: Учетная запись: + Электронная почт--- Суть обращения: Клиент столкнулся с проблемой в сервисе самостоятельной регистрации отправлений. Заполнив все данные, трек-номер формируется, но выскакивает уведомление о том, что информация об отправление будет подгружена чуть-позже - созданный трек-номер не создается и не отслеживается. Заявителю нужно сегодня, максимум завтра эту проблему решить - отправив свое предзаполненное РПО. Распечатать адресный ярлык и отследить созданный трек----: ""Информация об отправление временно недоступна. Когда она появится вы получите уведомление""",Письма\бандероли,0d8fb06f82cd3491cbf5c39cb5bb4ed530e4c6f8334fc21330c2d1386e91620e,1479,1
40467147,"Тема письма: Услуги для населения/Самостоятельная регистрация отправлений Текст письма: Тематика: Самостоятельная регистрация отправлений Канал поступления обращения: По телефону Дата поступления обращения: : .. Ф--- Телефон: + Адрес заявителя: , Российская Федерация, Респ Татарстан, г Казань, пр-кт Победы, д. , кв. Электронн--- Суть обращения: При формировании письма не выдает трек номер.У клиента отправка писем .",Письма\бандероли,ffbc1fcb93b2afc7cff31598dab2e1fc82d5063b5b4deb0c7b493bb594f6e1fa,1480,1
40467351,"Тема письма: Услуги для населения/Самостоятельная регистрация отправлений Текст письма: Тематика: Самостоятельная регистрация отправлений Канал поступления обращения: По телефону Дата поступления обращения: : ..--- Телефон: + Электронная по--- Суть обращения: Предоформили деньги списались, но бланка на печать не имеется не выдаёт.",Отслеживание отправлений,d2cc415a831afc29ca254ad98a509d90ef8e09d421c1c1200bc55997c5491801,1482,1
40467505,"Тема письма: Почтовое отделение не работает по расписанию Текст письма: Добрый день. Не получается забрать посылку из отделения , приехала до часов в четверг, оно закрыто, прошу перенаправить мои посылки в другое почтовое отделение . В--- В---, моб. номер",Проблема с ОПС/доставкой,88bf97bbf79e62c2ac9dbd3a587cd7cc9f993b901e07f1f7435e41208d33a9fd,1483,1
40467684,Почему не формируются бланки на отправку для отправлений и,Личный кабинет,51f9c12bebc57980401ebff3c725cfc797a93e4ff1e4208ff38b2a55200911da,1484,1
40470183,"Тема письма: Акция с промокодами/Клиент не может оплатить промокодом/промокод исчез из МП Текст письма: Тематика: Акции с промокодами и Мобильное приложение Канал поступления обращения: По телефону Дата поступления обращения: : .--- Телефон: + Учетная запись: + Электронная по--- Суть обращения: .. г. и .. г. клиент оформляла отправление на сайте. Кнопка ""Получить трек-номер"" отсутствовала. Выходила ошибка: ""Информация об отправлении временно недоступна"".",Письма\бандероли,9ba8c5d1d1b81e2d2096d6c5a4411a3b89a166a78d1e712d80f05aede87f80f9,1485,1
40470599,"Тема письма: Проблемы с учетной записью при входе в Мобильное приложение или сайт Почты России Текст письма: Тематика: Проблемы с учетной записью при входе в МП/Сайт Канал поступления обращения: По телефону Дата поступления обращения: : .. --- Телефон: + Адрес заявителя: , Российская Федерация, г Тюмень ул лет Октября д а строение Электронная--- Суть обращения: при формировании отправления на сайте на моменте получить трек номер происходит сбой, система выдает информационное сообщение- информация об отправлении временно не доступна. Клиент обращает внимание что переход от вкладки к вкладке происходит очень долго. Клиент просит рассмотреть обращение в максимально короткие сроки",Письма\бандероли,77a2d923f5ea683b1cc231bdd61de3f3fe917d954b6dae8d734c8c959c8f43ce,1486,1
40471424,"Тема письма: Акция с промокодами/Клиент не может оплатить промокодом/промокод исчез из МП Текст письма: Тематика: Акции с промокодами и Мобильное приложение Канал поступления обращения: По телефону Дата поступления обращения: : .--- Телефон: + Электронная по--- Суть обращения: Не работает ""пред оформление писем"", не выдаёт трек номер.",Письма\бандероли,c739489e44af972bf3feb292339d9224e6a9c9fcaa54d038e90f9a0b7e224880,1487,1
40471580,"Тема письма: Услуги для населения/Самостоятельная регистрация отправлений Текст письма: Тематика: Самостоятельная регистрация отправлений Канал поступления обращения: По телефону Дата поступления обращения: : .. Ф--- Телефон: + Адрес заявителя: , Российская Федерация, Респ Татарстан, г Казань, пр-кт Победы, д. , кв. Учетная запись: Г---- Альб--- Электронн--- Суть обращения: У клиента день не получается получить трек номер по предоформленному отправлению, все что необходима заполняет и на стадии получения трека номера ему просто его не выдают пробовал переоформлять много раз, просьба решить данную проблему",Письма\бандероли,a59a7ce503fc1abbe15adbbca55c3db46c23d1ec0ec6fe871d7006f02e6d11ca,1488,1
40471786,"Инн: Добрый день! На протяжении недели сервис не дает возможность отслеживания треков отправлений. Необходимо срочно решить проблему, т.к. от отчетов отслеживания зависит работа предприятия.Ответы на ваши вопросы в Базе Знаний. Вы также можете посмотреть видеоинструкции по работе с личным кабинетом на YouTube канале. С уважением, Команда сервиса otpravka.pochta.ru АО «Почта России»",Отслеживание отправлений,10b745019f78182bd53e0016012ba1b4d3ca316c74fc39efdd6ba17b7173265b,1489,1
40473310,"Тема письма: Тема отсутствует. Текст письма: Жалоба на почтовое отделение ,г.Новосибирк. ---, перед отъездом из города, зная, что не смогу самостоятельно получить заказное письмо, установила приложение Почта России. Планировала, что по QR коду получит письмо моя подруга. К сожалению письмо не выдали, хотя QR код и трек код были предъявлены. Приложение я устанавливала в отделении с помощью работника этого почтового отделения. Ни о какой электронной доверенности речь не шла. Поэтому из-за халатности работников п/о важное письмо не будет вручено и будет отправлено назад.",Электронные обращения,80e489c0a9f59ab9b46efbfe9a6ed60ef2021b1f3fbda556b55969afd1bc5abf,1492,1
40473313,"Тема письма: Акция с промокодами/Клиент не может оплатить промокодом/промокод исчез из МП Текст письма: Тематика: Акции с промокодами и Мобильное приложение Канал поступления обращения: По телефону Дата поступления обращения: :--- Телефон: + Адрес заявителя: , Российская Федерация, обл Нижегородская, г Шахунья, ул Восточная, д. Индекс ОПС: Номер ШПИ: Электронная почта кл--- Суть обращения: Авторизировалась в мобильном приложении почты России, и в мобильном приложении вышли чужие отправления, через госуслуги подтвердила данные, но ничего не помогло.",Отслеживание отправлений,02574448d6ac801b0f187916d513056c219aa7c5db8e8683a118796f9533fe06,1493,1
40473915,"Тема письма: Услуги для населения/Самостоятельная регистрация отправлений Текст письма: Тематика: Самостоятельная регистрация отправлений Канал поступления обращения: По телефону Дата поступления обращения: : --- Телефон: + Адрес заявителя: , Российская Федерация, обл Смоленская, г Смоленск, ул Попова, д. , кв. Эле--- Суть обращения: клиент при заполнении и отправке заказного письма на сайте не может его отправить пишет информация временно недоступна, но при этом трек номер есть.",Письма\бандероли,d1b350ca7d56651a22c396cc50b9e058042f829308e1afdfa375f90caf24b651,1495,1
40474811,"Тема письма: Услуги для населения/Самостоятельная регистрация отправлений Текст письма: Тематика: Самостоятельная регистрация отправлений Канал поступления обращения: По телефону Дата поступления обращения: : .--- Телефон: Адрес заявителя: , Российская Федерация, край Красноярский, г Красноярск, пр-кт лет Образования СССР, д. , кв. Эле--- Суть обращения: Клиент третий день не может совершить самостоятельную регистрацию отправлений. Просьба разобраться",Письма\бандероли,f587eb693852e248b1b584858f89f603198f3d9428aeb85294f8a79db2ce5d39,1496,1
40474815,"Тема письма: Услуги для населения/Самостоятельная регистрация отправлений Текст письма: Тематика: Самостоятельная регистрация отправлений Канал поступления обращения: По телефону Дата поступления обращения: : .. --- Телефон: + Адрес заявителя: , Российская Федерация, обл Кировская, р-н Пижанский, пгт Пижанка, ул Механизаторов, д. Индекс ОПС: Электронная --- Суть обращения: Клиент создает обращение на сайте ПР и при присвоении трек номера дальше все зависает и нельзя совершить никаких действий",Письма\бандероли,7fbe626b669479dab4d9451ca4878f5c4ff079daf65637d34ced1be81ae1411d,1497,1
40475221,"Тема письма: Проблемы с учетной записью при входе в Мобильное приложение или сайт Почты России Текст письма: Тематика: Проблемы с учетной записью при входе в МП/Сайт Канал поступления обращения: По телефону Дата поступления обращения:--- Телефон: + Адрес заявителя: , Российская Федерация, обл Самарская, г Тольятти, ул Фрунзе, д. , кв. Учетная запись: + Электрон--- Суть обращения: Не работает сайт ПР",Отслеживание отправлений,a8cbb96f7776e8ec3385719fec7c8b454432e8a6863cbccee0bd8cc8a81d73d5,1498,1
40475223,"Тема письма: Проблемы с учетной записью при входе в Мобильное приложение или сайт Почты России Текст письма: Тематика: Проблемы с учетной записью при входе в МП/Сайт Канал поступления обращения: По телефону Дата поступления обращения: : .. ФИ--- Телефон: + Адрес заявителя: , Российская Федерация, г Москва, ул Новоорловская, д. , кв. Электронная --- Суть обращения: в приложении Почта Росии не отображается отправление, клиент вводит трек и там ничего нет и в архиве нет выскакивает инструкция",Отслеживание отправлений,d20b0b5fb81f1142afac86ba0d55b90d6d801a0595040771814d94f503d95156,1499,1
40476588,"Тема письма: Услуги для населения/Самостоятельная регистрация отправлений Текст письма: Тематика: Самостоятельная регистрация отправлений Канал поступления обращения: По телефону Дата поступления обращения: : .. --- Телефон: + Адрес заявителя: г. Москва, п. Марушк---я, д. Эле--- Суть обращения: При попытке предоформить РПО, Клиент получает следующую информацию ""Информация об отправлении временно не доступно. Когда она появится, Вы получите уведомление.""",Отслеживание отправлений,c40e60ddb9f4e3ab30deaa6f807772ce00a44d7db637ce9e4f3e8ae6fa12870a,1502,1
40476787,"Добрый день! Не могу выгрузить отчет о д---. телефон , ИНН",Отслеживание отправлений,37f98c8a6f3f7c31f9bd043cd363481d5e98026e29f2b135c4ce778019c7ea34,1503,1
40477123,"Тема письма: Услуги для населения/Самостоятельная регистрация отправлений Текст письма: Тематика: Самостоятельная регистрация отправлений Канал поступления обращения: По телефону Дата поступления обращения: :--- Телефон: + Адрес заявителя: , Российская Федерация, обл Томская, г Томск, пр-кт Академический, д. , кв. Электронная поч--- Суть обращения: клиент при заполнение и оправке заказного мелкого пакета не может оправить в личном кабинете его. при получении трек номера пустое окно обслуживание временно недоступно .",Отслеживание отправлений,e8829c5ec8eba84158f81cc19a88b5949e1b381fd2a500966ddc6ca59f3150bd,1505,1
40477124,"Тема письма: Услуги для населения/Самостоятельная регистрация отправлений Текст письма: Тематика: Самостоятельная регистрация отправлений Канал поступления обращения: По телефону Дата поступления обращения: : .. Ф--- Телефон: + Адрес заявителя: обл Свердловская, г Екатеринбург, пр-кт Ленина, д. Индекс ОПС: Номер ШПИ: , RSRU Эл--- Суть обращения: клиент на сайте оформляет отправления, трек номер присваивается, но бланки не выдает. Клиент просит разобраться в ситуации и принять меры.",Прочее,538cd4667870d7e12f542fb57f769deab1a639f4173054a67963fa2446a3e2a5,1506,1
40477292,"Тема письма: Акция с промокодами/Клиент не может оплатить промокодом/промокод исчез из МП Текст письма: Тематика: Акции с промокодами и Мобильное приложение Канал поступления обращения: По телефону Дата поступления обращения: : --- Телефон: + Адрес заявителя: , Российская Федерация, обл Тюменская, г Тюмень, ул Аграрная, д. , кв. Электронная п--- Суть обращения: Клиент предоформил письма, и оплатил. Однако скачать и распечатать отчёт по доставке.",Письма\бандероли,4088494bc976ab63368929fd1e6e47901ef07e96b4b212a17789473b4a564293,1507,1
40477560,"Здравствуйте! С .. нет возможности скачать бланк для предоформленного отправления и не выдает трек. Скриншот прилагается. --- ,",Отслеживание отправлений,fa212d00d03b73468ca2af9e068f21563362246ff4a4aaaf3082b3c2dce0e391,1508,1
40477704,Тема письма: Государственные услуги - Электронные заказные письма/Жалоба Текст письма: Тематика: Электронное заказное письмо Канал поступления обращения: По телефону Дата поступления обращения: : .. Ф--- Телефон: + Номер ШПИ: Электронная --- Суть обращения: не удается распечатать бланк заказного письма пред оформенного через сайт. Сайт отвечает - информация об отправлении временно не доступна -когда она появится вы получите уведомление .,Отслеживание отправлений,766455cbec8b8ab33b898deb520e4b169994d05b793c72edfd0d679923c542c0,1509,1
40477901,"Добрый день! Скажите пожалуйста, как долго будет не работать сайт почты России? Хотим отправить письма, еще вчера пытались, но при создании письма не высвечивается бланк, конверт не распечатать. Со вчерашнего утра пишет, что информация недоступна. Долго ли будет не работать сайт почты России? Я и с телефона пыталась создать отправление и с компьютера, несколько раз выходила из аккаунта и заходила, перезагружала, но письмо отправить все равно невозмож---",Письма\бандероли,7bb797d4b2aadf17fcdc20a8091ab7bc1eab464eb43484bda49bd36723b96627,1510,1
40478189,"---, комментарий: При оформлении письма не отображается информация. Не могу распечатать бланк. - Информация об отправлении временно недоступна. , ссылка на скрин: https://chat-ct.pochta.ru/file/rupost/fbfbbe-c-c-cd-cdba-a-f-cb--bae.png",Отслеживание отправлений,7e1f433f4d4fd8fac7c5e0a4d2b9c72989d73c3ddad409fcef8661fa56a50a80,1513,1
40478211,"--- , комментарий: начинаю оформлять письмо, когда собираюсь распечатать конверт, сайт висит на странице ""отправление по России"" и не выдаёт собственно сам конверт , ссылка на скрин: https://chat-ct.pochta.ru/file/rupost/fee-cbb--c-dbeead-cacac-aa--ab-bac.jpg",Отслеживание отправлений,8cf0dcd1bef7b9f7d1e7725bc4f827ed6b4c377c8c9c5a15376240df087cd530,1514,1
40478348,"Тема письма: Сервис трекинга /Другое Текст письма: Тематика: Канал поступления обращения: По телефону Дата поступления обращения: : .. Ф--- Телефон: + Адрес заявителя: , Российская Федерация, Респ Татарстан, г Казань, пр-кт Победы, д. , кв. Учетная запи--- Электронн--- Суть обращения: При оформлении заказного письма на сайте почта России, при нажатии на получить трек-номер. Система трек номер не выдает. Ошибка не отображается",Письма\бандероли,7ce779a4d3d84124f62782c79f3e8e071ce9b82a33889bc8d990be524645df3a,1516,1
40478364,"Здраствуйте, на сайте не отображается предзаполненый конверт. Прошу помочь в решение во---",Отслеживание отправлений,a110594347f53d4b4e3955daa5e250062fea16f59ff129a117d3b83dbea9d782,1517,1
40478368,"Тема письма: Услуги для населения/Самостоятельная регистрация отправлений Текст письма: Тематика: Самостоятельная регистрация отправлений Канал поступления обращения: По телефону Дата поступления обращения: : .. Ф--- Телефон: + Номер ШПИ: CLRU Учетная запись: Да Электронная поч--- Суть обращения: При регистрации отправлений в личном кабинете CLRU не загружается информация по трек номеру, это происходило неоднократно, отражается информация что данное отправление в системе не найдено. Сначала информация не подгрузилась по трек номеру и только спустя некоторое время отобразилась информация. Эта проблема происходит в течении нескольких дней.",Прочее,2caefccf2015fa6b742f807f135b3a3f67cdea822b9d8488a2c8037edfc30d87,1518,1
40478754,Тема письма: Услуги для населения/Самостоятельная регистрация отправлений Текст письма: Тематика: Самостоятельная регистрация отправлений Канал поступления обращения: По телефону Дата поступления обращения: : .. --- Электронная поч--- Суть обращения: в ЛК сайта нет бланка для распечатывания чтобы наклеить по данному отправлению,Прочее,3eac6db96fdea00c083ba85d8b95f38effb588f28f24a94ff3f3b8f0da7a218d,1520,1
40478822,"Добрый день! У вас не работает сайт, не формирует бланки для отправки, нет кнопки распечатать. Трек-номер присвоен, бланк распечатать не могу. Прошло уже , часа Трек-номер Сулим---",Отслеживание отправлений,4522bc9c965b82035002969c81e9aacb0b1a6b9a469098f1e27214af22bdb438,1521,1
40478915,"Тема письма: Re: Не доставлена посылка Текст письма: Четверг, июля , : +: от Ви--->: Я июля оформила посылку из Санкт-Петербурга в отделении , которая до сих пор не вручена и сроки вручения переносятся каждый день. А для меня это очень важно, поскольку это возврат товара, купленный в озоне, после которого мне должны вернуть более тыс. А я пенсионер. Адрес, куда направлена посылка в квитанции: , Московская обл. г. Подольск, а/я No. Никакого ответа нет. Мой тел. -- Виктория Васильева Отправлено из Почты Mail Здравствуйте! Я повторно направляю вам это письмо, т.к. посылка до сих пор не вручена. Я не могу получить деньги за возврат товара.Куда мне обращаться? В Роспотребнадзор, Прокуратуру или куда? -- Виктория В--- Отправлено из Почты Mail",Электронные обращения,eff805859f9daed27ac07da075c9e7b56263b51b1a42740285b44de7ef04ad8c,1522,1
40479348,"Добрый день! Второй день не могу распечатать бланк и опись для отправления. Пишет ""Информация об отправлении временно недоступна."" Это проблемы на стороне сайта Почты России или я что то не так делаю? Кеш очистила, перезашла, и все раво ничего не получается. Бланк и опись я так получить и не могу В другом браузере тоже самое У меня очередь из писем, которые я не могу отправить, потому что сайт не выдает бланк и опись к зарегистрированным отправлениям К---?",Отслеживание отправлений,ca4e4026b7afa3eda02680bd8b13efcac1670d9f2ebaad4d0f00c662a789e3c9,1524,1
40479739,"оформляю отправку письма через кабинет физ лица, трек номер присваивается, а бланк, который надо клеить на конверт не выходит",Личный кабинет,5f2dc3c4f880bf258113ab0bf97e7e10b24493dcb774fb1514bb5f4d308e2746,1526,1
40479965,"Оформляем в ЛК отправки , оплачиваем , а бланк отправки не загружается.",Отслеживание отправлений,9f78fad7ca4dc894b4602ac7fd0f1f8da78705b7697b052e7c567c1aef8249d0,1527,1
40480039,Тема письма: Письмо Текст письма: Письмо с документами из Санкт-Петербурга не могут найти на почта с. Кочубеевского Ставропольского края. Что делать? Отправлено из Mail для Android,Электронные обращения,ec21e83c4c72cfcdd4470c77e19695b801c8093baba9d3c403b24889e5d6c8fd,1528,1
40480129,"Почему на сайте указан один режим работы, а по факту в воскресенье отделение не работает? прошу предоставить ответ о ином графике и исправить на сайте. Б--- М---",Проблема с ОПС/доставкой,6f51589a334f1ab9471904c7f43bb3a55e99d20831493416bd33067e5c7b2def,1529,1
40480208,"Тема письма: Услуги для населения/Самостоятельная регистрация отправлений Текст письма: Тематика: Самостоятельная регистрация отправлений Канал поступления обращения: По телефону Дата поступления обращения--- Телефон: + Адрес заявителя: , Российская Федерация, г Москва, ул Генерала Кузнецова, д. , кв. Электронная почт--- Суть обращения: в ОПС и у оператора горячей линии не высвечивается информация об отправлении которую он зарегистрировал в мобильном приложении,нет никакой информации о трек номере RSRU,просьба решить проблему",Отслеживание отправлений,cd89c3b620ffbf3ed2bcfa16b433b20adcf7ce06529f8110bf8abc19fff222d8,1530,1
40480424,"Клиент не может скачать бланк с сайта. первый бланк стал доступен для скачивания через два часа минут. Сейчас ожидает второй. Попробал браузера, ситуация не изменилась---",Письма\бандероли,c4446a2c9ee1d5b0429ff77c0291142c6c38cdea3a4368dcb84ac3c4ef9e5459,1531,1
40480452,"Тема письма: Услуги для населения/Самостоятельная регистрация отправлений Текст письма: Тематика: Самостоятельная регистрация отправлений Канал поступления обращения: По телефону Дата поступления обращения: : .. --- Телефон: + Электронная --- Суть обращения: на сайте весит банер что печать бланков доступно толь в М.П. по факту это не так печать блаков из М,П, также не вазможно уберите банер.",Прочее,ed3b8a6acdbe2aab4092d17e9f4009f31b9a65f9e138dc70f9e63aab91a02767,1532,1
40480912,"Здравствуйте, подскажите как распечатать адресный ярлык со штрихкодом для отправки заказного письма. Не загружены бла---",Письма\бандероли,434c57a16726f06fa64c9d12dfaed79afad22c89dba5019766814d787bf52429,1534,1
40481010,"Тема письма: Услуги для населения/Самостоятельная регистрация отправлений Текст письма: Тематика: Самостоятельная регистрация отправлений Канал поступления обращения: По телефону Дата поступления обращения: :--- Телефон: + Адрес заявителя: , Российская Федерация, обл Нижегородская, г Саров, ул Зернова, д. , кв. Электронн--- Суть обращения: При регистрации писем через сайт почты при отправлении выходит ошибка. не печатает бланк с трек номером. прошу устранить проблему. примите меры в скорейшее время.",Письма\бандероли,18ffed368ee6d5604f41b8b77fd9ce6c03cf301c6ab1c76b2493a6ef67cace6f,1535,1
40481040,"у клиента в опс не видят трек номера, проблема в отправке К--- Вера ---",Прочее,8bf86ef6f22466977d234b02ca01079a5d8ab440b4a6b6578b4f05f78cd3a5bb,1536,1
40481088,"У клиента предложение по поводу услуги продления срока хранения. В данный момент факт продления по заявлению никак не отображается по трек-номеру и из-за этого система проставляет статус, что срок истек, хотя по факту заявление подано и РПО будет хранится. Этот статус вызывает неудобства для организаций отправителей, так как передается в систему ОЗОН и приводит там к отмене заказа. Клиент просит рассмотреть предлож--- Пример статуса ниже:",Предложение по изменению,cdb62bb5c8fca3fb299dbc6bf285ab90500bf1114544ad57fb54c73fdcdd971b,1537,0
40481366,"С--- Евген--- сайт не работает, отследить отправление нельзя",Отслеживание отправлений,d3a70a5fd02eb8b96f508b282752a38c9467125cabca07578cf5e60fd28548f8,1541,1
40481543,"Тема письма: Услуги для населения/Самостоятельная регистрация отправлений Текст письма: Тематика: Самостоятельная регистрация отправлений Канал поступления обращения: По телефону Дата поступления обращения: : .--- Телефон: + Адрес заявителя: , Российская Федерация, край Краснодарский, р-н Выселков---я, д. Б Электрон--- Суть обращения: Клиент оформил предоплаченное отправление, но в момент оформления выбило страницу и теперь не отображается информация о описи влажения.",Посылки,d47de122ed865acadd4b1e21d3b480f80aa66ed13dfabee2338b3ebe32453249,1543,0
40481568,"Нет возможность получить штрих-код и распечатать бланки по RSRU, RSRU, RSRU, RSRU, RSRU, RSRU. При скачивании файла бланка выдает ошибку. Скриншот во вложении. Клиент просит направить на почту штрих-коды по отправлениям. И--- Е---",Письма\бандероли,29b7dc7ecdfb5eb35f7ea6dd0e13a8fe5a2343c1e1768d96d61ffc4a76c66271,1544,1
40481643,"Тема письма: Услуги для населения/Самостоятельная регистрация отправлений Текст письма: Тематика: Самостоятельная регистрация отправлений Канал поступления обращения: По телефону Дата поступления обращения: : ..--- Телефон: + Адрес заявителя: , МОСКОВСКАЯ СОЛНЕЧНОГОРСК ЛЬЯЛОВО Д / Номер ШПИ: Электронная п--- Суть обращения: ошибка при отслеживании, в отделении тоже не видят отправление.",Отслеживание отправлений,825cb4258bedf5853847127c11064fe88d0b52194cad2b4351df87030817febd,1546,1
40482328,"Тема письма: Жалоба о сотруднице-мошенницы Текст письма: Здравствуйте! Прошу принять жалобу, разобраться в ситуации и дать мне комментарии. .., примерно в : я пришла получать посылку в отделение почты России по адресу: Тула, Пролетарская , Сотрудница сообщила, что с августа этого года я могу получить посылку исключительно по QR-коду из приложения Почты России и мне нужна электронная цифровая подпись. По паспорту сотрудница сказала невозможно получить посылку. Чтобы оформить электронную подпись сотрудница потребовала мой паспорт, отсканировала его, напечатала какие-то документы (которые я не видела и не подписывала). Далее в течение минут сотрудница возилась с моим паспортом у компьютера, запрашивая коды из СМС. Также сотрудница сделала мое фото на камеру, что меня насторожило. Сотрудница продолжила просить коды из СМС и когда я увидела, что код пришел не от Почты России, а от Банка ВТБ - я спросила ее почему коды от банка. Она ответила «ну это же одно и тоже». Более получаса я ждала непонятно чего, по словам сотрудницы «оформление электронной подписи». Далее мне пришло СМС от ВТБ-банка о выпуске моментальной карты. На вопрос сотруднице для чего она оформила на меня карту - она сказала, что карта идет в подарок к электронной подписи. На мое негодование сотрудница начала повышать голос и говорить что такие правила с августа. Далее она потребовала еще один код, который я отказалась сообщать. Сотрудница сказала, что он нужен для активации карты. На что я сказала, что мне не нужна карта, я просто хочу забрать бандероль. В итоге со психами сотрудница отдала мне посылку без всяких QR-кодов, вручив мне карту банка ВТБ. Сотрудница не поставила меня в известность о том, что на меня оформляется дебетовая карта. Узнала я об этом только тогда, когда пришло СМС из банка о выпуске карты. Я подозреваю, что сотрудница мошенническим способом завладела моими паспортными данными для использования в своих личных корыстных целях. Судя по всему, она зарабатывает на открытии карт. Я звонила как на горячую Почты России, так и банка ВТБ. Где мне сказали, что никаких акций, партнерств между данными организациями нет. Также на горячей линии Почты России мне сообщили, что сотрудница не имела право отказывать в выдаче посылке по паспорту. Аналогично она призывала и других людей, стоящих в отделении скачивать приложение, давать свой паспорт и тд. Сотрудница ввела меня в заблуждение, неоднократно дала ложную информацию и использовала мои личные данные в своих личных целях. Теперь у меня есть опасения, что данный человек имеет возможность совершать и другие операции, такие как, например, взятие кредита. ---ка в имени) Судя по тому, что в окне отделения стоит специальная камера для фото, как в банках - это отделение почты работает по такой мошеннической схеме, где руководство само призывает или обязывает сотрудников оформлять карты. Мои контакты для получения обратной связи: --- Номер: ---.",Электронные обращения,20c16d6b359a80b1094d954dbe43a9ee53f6ea40134f9276d686349d989b7f50,1548,1
40482501,"Тема письма: Тема отсутствует. Текст письма: Здравствуйте, подскажите каким образом возможно распечатать бланк отправления? При оформлении посылки это не удалось сделать. На сайте информация, о том, что в данный момент Проводятся работы по улучшению сервиса. Печать бланков доступна только в мобильном приложении. -- С уважением, Мария.",Отслеживание отправлений,7740a4551bb9b5f79077dfdec5f543b09e5cadad929946529890cf242a57d4ce,1550,1
40482623,Добрый день. Не работает отправка писем онлайн. Людмила Г---. Если для связи то Анастасия. тел. +,Отслеживание отправлений,516fe7e810adf6ab80178522cf51f187bac862e48c1e8c5d1f20c4b44686658b,1551,1
40482670,Тема письма: Услуги для населения/Самостоятельная регистрация отправлений Текст письма: Тематика: Самостоятельная регистрация отправлений Канал поступления обращения: По телефону Дата поступления обращения: : .. ---теля: Санкт-Петербург Электрон--- Суть обращения: С . не оформляет рпо и не формирует трек номер,Прочее,d28185bfc0a19f578459e89f95242a03fc7b85e5baf66a843292333e52873dde,1552,1
40482671,"Тема письма: Услуги для населения/Самостоятельная регистрация отправлений Текст письма: Тематика: Самостоятельная регистрация отправлений Канал поступления обращения: По телефону Дата поступления обращения: : ..--- Телефон: + Адрес заявителя: , Российская Федерация, обл Московская, г Лыткарино, ул Советская, д. , кв. Индекс ОПС: Номер ШПИ: - Адрес почтомата: - Учетная запись: - Элект--- Суть обращения: Не получается окончательно оформить посылку ,бланк не даёт ,прошу решить вопрос!",Отслеживание отправлений,560cd7d6d3ad17e60fcff7ed8aa194e97c0a5431b627da0d16b868dcd3d0445f,1553,1
40482910,"---мментарий: В отправлениях не формируется трек код, ссылка на скрин: https://chat-ct.pochta.ru/file/rupost/bdfcbf-b-e-fd-cdeff-adf-e-cf-aec-edad.png",Прочее,a35e423ddfef3a35d60e957867a15c91ccb6b8028227775903c645dcdce1aa02,1554,1
40483011,"Тема письма: Сервис трекинга /Другое Текст письма: Тематика: Канал поступления обращения: По телефону Дата поступления обращения: : --- Телефон: + Адрес заявителя: , Российская Федерация, Респ Крым, г Алушта, ул Октябрьская, д. , кв. Индекс ОПС: Номер ШПИ: Учетная --- Электронна--- Суть обращения: При попытке клиента найти обращение о компенсации денежных средств, при переходе в раздел электронные обращения - появляется ошибка ""сервис временно недоступен""",Электронные обращения,c2a660e6583e6140c44609f9d059d31e2720267cced212d3760669c34e4a0bb3,1558,1
40483155,"Тема письма: Услуги для населения/Самостоятельная регистрация отправлений Текст письма: Тематика: Самостоятельная регистрация отправлений Канал поступления обращения: По телефону Дата поступления обращения: : .. ---ского района Телефон: + Адрес заявителя: Белгород,ул Гагарина,д Индекс ОПС: Электронная почта --- Суть обращения: Не можем оформить отправку письма на сайте Почта России,просьба устранить не исправность,что бы была возможность работать.",Письма\бандероли,cd66929e794546bfcb393257064765e0299530f95acab773a1c19324e6efaeda,1560,1
40483424,Тема письма: Услуги для населения/Самостоятельная регистрация отправлений Текст письма: Тематика: Самостоятельная регистрация отправлений Канал поступления обращения: По телефону Дата поступления обращения: : ..--- Телефон: + Номер ШПИ: EFRU Электронная почт--- Суть обращения: У клиента отправления емс EFRU EFRU не формируется отправка выходит проблема. просьба устранить проблему.,Посылки,68d67bf4463a6b6a9b64e3d2ff84ad686a428632148bc403f4ceec229112d537,1561,0
40483466,"Тема письма: Сервис трекинга /Другое Текст письма: Тематика: Канал поступления обращения: По телефону Дата поступления обращения: : .. --- Телефон: + Адрес заявителя: , Российская Федерация, г Москва, ул Белозерская, д. , кв. Индекс ОПС: Номер ШПИ: Электронн--- Суть обращения: оформил посылку, но в опс и в кол, центре его не видна, деньги списались со счета прошу решить этот вопрос.",Отслеживание отправлений,5ca6843503f96160d0f13eff555b620224b81cfb64698e6383703245c3d3a236,1562,1
40483492,"Не получается распечатать бланк. Системе не видит отправления , . Данные клиента: ---, +",Отслеживание отправлений,1831d4e80fa2928610b6c212f6f495dfb56ffc3bb6a3474dd819dd74f923494a,1563,1
40483710,"Е--- И--- А---. Не работает Все почистили, перезагрузили, сайт все равно не работает Вводишь адрес. название организации. вес. Как дело доходит до распечатки конверта выдает такую картинку",Недоступность портала,6eae71484425ae0eb3f96431685b6add021bbcf1ab16982436846434c37244d2,1565,0
40483798,"Тема письма: Услуги для населения/Самостоятельная регистрация отправлений Текст письма: Тематика: Самостоятельная регистрация отправлений Канал поступления обращения: По телефону Дата поступления обращения: : .--- Телефон: + Адрес заявителя: , Российская Федерация, г Москва, г Москва, ул -я Филевская, д. , к. , кв. Номер ШПИ: Учетная запись: Электр--- Суть обращения: предзаполненное отправление не находится в системе опс по трек номеру",Посылки,b77a7f737223e0af27ce3ca2144f0350ba6a40dc186d8965f1dbc2042b3ae617,1566,0
40483835,"Тема письма: Услуги для населения/Самостоятельная регистрация отправлений Текст письма: Тематика: Самостоятельная регистрация отправлений Канал поступления обращения: По телефону Дата поступления обращения: : .. Ф--- Телефон: + Адрес заявителя: , РОСТОВСКАЯ РОСТОВ-НА-ДОНУ Электронная почта к--- Суть обращения: При оформлении заказного письма на сайте Почта России не корректно отображаются данные о электронном уведомлении.",Письма\бандероли,99242cdda35979714beedbbde0a68052bcb29b04883dd73bc9f67f115fbd0450,1567,1
40484229,Тема письма: Тема отсутствует. Текст письма: Ищу посылку,Электронные обращения,ab38f828e3ab8195ddb1f65e90faaef200b659f7da1e22b271aa9f5653f519c8,1570,1
40484269,"Тема письма: Сервис трекинга /Другое Текст письма: Тематика: Сервис Трекинга. Жалобы/предложения Канал поступления обращения: По телефону Дата поступления обращения: : .. --- Электронна--- Суть обращения: трек номер не отображается, его не видят в Почтовом отделении. На Авито заказ есть.",Отслеживание отправлений,a6f43a7d7f9ef4f6b43702c55fec052b3aaa9f764b844300e07732d94052a942,1571,1
40484276,"формирует трек номер, распечатать бланк не дает, не форми--- ИП",Посылки,3887e78d28583c4bb80b0f4993f63774f694cc44728170481a5053a3adf95987,1572,0
40484286,"Тема письма: Услуги для населения/Самостоятельная регистрация отправлений Текст письма: Тематика: Самостоятельная регистрация отправлений Канал поступления обращения: По телефону Дата поступления обращения: : --- Телефон: + Адрес заявителя: , Российская Федерация, г Москва, ул Октябрьская, д. Номер ШПИ: Учетная --- Электронна--- Суть обращения: Клиент отправляет ПО на сайте, не может распечатать бланк (информация по отправлению временно не доступна)",Отслеживание отправлений,2e694de3f975896528b73c33c8a2305cc05a4d3b5591d751f8c625a9b657a776,1573,1
40484599,"уже час не формируется бланк, не могу распечатать, чтобы отправить. Мне надо отправить более посылок, а сайт не работает. Сообщение Информация об отправлении временно недоступна. Когда она появится, вы получите уведомление. И целый час - ничего Я попросила другого пользователя оформить посылку, через другой браузер. Результат тоже. Трек присвоился, документа нет. То же сообщение. Информация об отправлении недоступна, бланка нет.САЙТ НЕ РАБОТАЕТ, НЕ ФОРМИРУЕТ ДОКУМЕНТЫ. Мне нужно отправить посылок. Я не могу этого сделать. Идти в другую компанию? На горячей линии ответили - жди специалиста часов. Обалденная оперативность. часов я ждать не могу, через часов мне уже не нужен будет никакой ответ. Сайт не работает, сформировать и отправить посылки нельзя. Сули--- + И на горячей линии отвечают, что техническая проблема есть, и она не моя персональная, общая проблема",Недоступность портала,b15c83a41acc9f799772c1b0b25173b650685e5244dbc68474b5f79427341cc0,1574,0
40484621,"Тема письма: Сервис трекинга /Другое Текст письма: Тематика: Сервис Трекинга. Жалобы/предложения Канал поступления обращения: По телефону Дата поступления обращения: : .. --- заявителя: г Москва, г Москва, проезд -й Войковский, дом Индекс ОПС: Номер ШПИ: Адрес почтомата: - Учетная запись: - Электрон--- Суть обращения: Убрать восклицательный знак, из за этого не может распечатать о том, что получатель получил отправление.",Отслеживание отправлений,685c6777b2349a010b23706b9773e4e8ac281d69283865b4d13c7b3407847a37,1575,1
40484730,"Тема письма: Заказ оплачен, но переносится срок доставки Текст письма: Заказ оплачен, срок доставки постоянно переносится, прошу разыскать заказ или вернуть деньги",Электронные обращения,2e9189dbd4c44823240451b7beb43ab1cfd5bf3c3791607002c882c986da6598,1576,1
40484737,"Тема письма: Заказ оплачен, но срок доставки постоянно переносится Текст письма: Заказ оплачен, но срок поставки постоянно переносится прошу разыскать заказ, или вернуть деньги",Электронные обращения,2e9189dbd4c44823240451b7beb43ab1cfd5bf3c3791607002c882c986da6598,1577,1
40485245,"Тема письма: Сервис трекинга /Другое Текст письма: Тематика: Сервис Трекинга. Жалобы/предложения Канал поступления обращения: По телефону Дата поступления обращения:--- Телефон: + Индек--- Суть обращения: ..г получила посылку, в личном кабинете до сих пор статус меняется ""доставка задерживается дольше положенного срока"" и Вы можете подать заявление на розыск. Прошу разобраться в данной ситуации и убрать отправление в архив.",Отслеживание отправлений,9be7dc1ea1115a45102cb2f11bcd8f9c184aaae64c5d9c934ca25384d9cebb44,1579,1
40485246,"Тема письма: Сервис трекинга /Другое Текст письма: Тематика: Сервис Трекинга. Жалобы/предложения Канал поступления обращения: По телефону Дата поступления обращения: : .--- Телефон: + Адрес заявителя: Ступино, ул Андропова д - Индекс ОПС: Номер ШПИ: Учетная запись: Электронная почта --- Суть обращения: Письмо заказное доставляется из г. Ступино в г. Ступино. отправитель Ступинский городской суд направил письмо через г. Москву АСЦ и затем логистика направила еще дальше в г. Санкт-Петербург сортировочный центр статус: .., Обработка, . В итоге письмо в котором и получатель и отправитель уже неделю в пути и не дошло до адресата. Письмо судебное и в нем документы по которым необходимо предпринимать определенные действия в определенные сроки а письмо еще не доставлено. Прошу разобраться в причинах длительной доставки и такого формирования маршрута, построенного на удаленных сортировочных центрах (г. Санкт Петербург км от Ступино). То что письмо направляется электронно через центр гибридной печати не должно увеличивать сроки доставки.",Электронные обращения,2fc61f7bcefdca091dafa0125450f08e14fbe0b74459841f23e03453964c49c7,1580,1
40485401,"Тема письма: Сервис трекинга /Другое Текст письма: Тематика: Сервис Трекинга. Жалобы/предложения Канал поступления обращения: По телефону Дата поступления обращения: : .. ФИ--- Телефон: + Адрес заявителя: , Российская Федерация, обл Липецкая, г Липецк, ул Моршанская, д. , кв. Индекс ОПС: Номер ШПИ: ******** Адрес почтомата: - Учетная запись: - Электронна--- Суть обращения: с / отправление зависло на сортировке в львовском. просьба найти и доставить",Электронные обращения,876e7b3e9454fbcbbcb0d59c1318c124b693b7f756bd1b9fa0f2845b75ad7ef5,1581,1
40485663,"Тема письма: Сервис трекинга /Другое Текст письма: Тематика: Сервис Трекинга. Жалобы/предложения Канал поступления обращения: По телефону Дата поступления обращения: --- Телефон: + Адрес заявителя: , Российская Федерация, обл Сахалинская, г Южно-Сахалинск, с Дальнее, ул Ударная, д. , кв. Индекс ОПС: Номер ШПИ: Учетная запись: Электронная--- Суть обращения: В треках письма отсутствует запись о том что после прибытия письма в место вручения было доставлено извещение ф . По пояснениям сотрудников Почты России извещение ф не было доставлено из-за отсутствия почтальона в отделении.Фактически получатель, которому не было доставлено извещение ф не был уведомлен должным образом об ожидающей его корреспондении письме класса направленном в его адрес. По правилам Почты России, если адресата не оказалось дома, почтальон оставляет в абонентском ящике извещение ф. было сделано. Получатель уехал из города июля и не зная об ожидающем письме не получил его в установленные для хранения сроки.Так как нарушения произошли по вине Почты России прошу бесплатно вручить письмо получателю. И вернуть средства за не оказанные в строк почтовые услуги.",Электронные обращения,183c37e8a639140acf67516e7da430d502e1d1aa1ba18396e66594e5923ab9c1,1583,1
40485664,"Тема письма: Сервис трекинга /Другое Текст письма: Тематика: Сервис Трекинга. Жалобы/предложения Канал поступления обращения: По телефону Дата поступления обращения: : .. --- Телефон: + Адрес заявителя: , Российская Федерация, обл Курская, р-н Курский, п Маршала Жукова Индекс ОПС: Номер ШПИ: Учетная запись: + Электро--- Суть обращения: после прибыло в место вручения, прибыло в сортировочный центр",Отслеживание отправлений,34a0aff1c5e94df04863869e9c02c6cef84d9b45446ebd81d7f1e8dcccc47e8a,1584,1
40486065,Тема письма: Сервис трекинга /Другое Текст письма: Тематика: Сервис Трекинга. Жалобы/предложения Канал поступления обращения: По телефону Дата поступления обращения: : .. ФИ--- Телефон: + Адрес заявителя: - Индекс ОПС: Номер ШПИ: *******CN Адрес почтомата: - Учетная запись: - Электронная --- Суть обращения: отправление некорректно отражается в статусе у нас и у получателя. и уже недели не доставляется. просьба решить вопрос с доставкой.,Проблема с ОПС/доставкой,49f56f8d299860a9210829c2c63403f0003f5ce9acf0db6301337f317c98e404,1586,1
40486128,"Тема письма: Тема отсутствует. Текст письма: Здравствуйте, посылка из США В Уфу. Извещения не было, отправили обратно посылку, сейчас она в Москве. Можно как то вернуть в Уфу? Ни извещения, ни звонка не было, дочь в Америке только за пересылку заплатила долларов. Почему почта так халатно работает? Неужели нельзя позвонить или повторное извещение отправить!!!",Электронные обращения,82e41eeacf494e230e1a6dd2432be1b49881d0c383e9646cc9c5b4cb3bef66fc,1587,1
40487640,"Тема письма: Сервис трекинга /Другое Текст письма: Тематика: Сервис Трекинга. Жалобы/предложения Канал поступления обращения: По телефону Дата поступления обращения: : ..--- Телефон: + Адрес заявителя: , Российская Федерация, Респ Башкортостан, г Уфа, улЦюрюпа д Номер ШПИ: Электронн--- Суть обращения: на электронную почту которая указана при регистрации на сайте почта .ру приходят уведомления о посылках, но получатель юр лицо и клиент не имеет к ним отношения. Помимо трека в обращении есть еще по двум трекам уведомления. Просьба разобраться в ошибках",Уведомления по электронной почте,a6b401c16db2309afd1b9eea00b188664bf3ac7c7c74d9feefd036e84e1bd623,1589,0
40488025,"Тема письма: Сервис трекинга /Другое Текст письма: Тематика: Канал поступления обращения: По телефону Дата поступления обращения: : .. --- Телефон: Адрес заявителя: , Российская Федерация, обл Новосибирская, г Новосибирск, ул Костычева, д. /, кв. Индекс ОПС: Учетная зап--- Электронная --- Суть обращения: Клиент не может воспользоваться услугой ""опись вложения"" при регистрации отправления. Заполнила все данные получателя. И когда появляется поле ""опись вложения"" отображается неактивным и появляется сообщение, что данная услуга оформляется при оплате отправления в ОПС",Посылки,d6ad0195f2b90c611d7068b3fb0c042a68a83026d1f3349defa3f56f79e1aa39,1592,0
40488029,Тема письма: некорректное время работы ОПС в приложении Текст письма: у отделения в приложении указано не верное время работы -- Отправлено из мобильного приложения Яндекс Почты,Проблема с ОПС/доставкой,ddad62eb3a706d5786ec58e6fbcf9ec2261464925f5a3f7d21c16375100d7655,1593,1
40488237,"Тема письма: Сервис трекинга /Другое Текст письма: Тематика: Сервис Трекинга. Жалобы/предложения Канал поступления обращения: По телефону Дата поступления обращения: : .--- Телефон: + Адрес заявителя: - Индекс ОПС: - Номер ШПИ: Адрес почтомата: - Учетная запись: - Электронная почта к--- Суть обращения: с / отправление неизвестно где и не отслеживается. там срочные документы , которые нужны здесь и сейчас.получатель иностранец .срок действия документа скоро истекает.документ должен приехать как можно скорее потому что ему нужно возвращаться в свою страну.",Электронные обращения,3f2f4611d94725baed3a9a9cf6c395d658559223ee0e1ee2a4abcc1216d77640,1594,1
40488422,Тема письма: IMG__.jpg дополнение к письму по обращению с жалобой Текст письма: -- А--- С--- Отправлено из Почты Mail,Проблема с ОПС/доставкой,e672f1f969dcafc4432755583ca885795a50a38c2d5a5130c92461af60acc6c7,1595,1
40488428,"Тема письма: Fwd: IMG__.jpg дополнение к письму по обращению с жалобой Текст письма: Добрый вечер, на официальном сайте (копию прилагаю файлом) в графе прибыло к месту вручения и в графе вручено от и июня соответственно стоит вопросительный знак, а не восклицательный как ошибочно указал сотрудник горячий линии, который составил эту претензию. Кроме того , я не получила уведомление о вручении данного письма в адрес Генеральной прокуратуры на имя Краснова. Прошу разобраться и сообщить кто из сотрудников аппарата по доверенности получил это письмо и расписался в уведомлении . Уведомление о вручении мне не поступило, где и кто затерял мое письмо. Прошу разобраться и выслать мне доказательство об оказании услуг почтой России согласно оплаченных мною средств при отправки заказного письма с уведомлением о вручении( копию квитанции об оплате прилагаю) ,копию реестра о вручении адресату и т д. в противном случае я буду вынуждена обратиться с заявлением в Роспотребнадзор с заявлением по факту нарушение моих прав , а также в суд с иском о защите прав потребителя , с взысканием вреда в порядке ст. Закона о защите прав потребителя. С уважением С.А. Арутюнян -------- Пересылаемое сообщение -------- От кого:---> Кому--- Дата: Суббота, августа , : +: Тема: IMG__.jpg дополнение к письму по обращению с жалобой -- А--- Отправлено из Почты Mail",Проблема с ОПС/доставкой,ac856e0c5ee4d71a6c832bbb43c4c76e3d557b98f049725bcd20e85fa2798491,1596,1
40488795,"Тема письма: Сервис трекинга /Другое Текст письма: Тематика: Канал поступления обращения: По телефону Дата поступления обращения: : --- Телефон: + Номер ШПИ: Электро--- Суть обращения: не отслеживается трек-номер,пишет что информация отсутствует",Отслеживание отправлений,b1eb08abed7f600c8905deab3757bf99f9a6807e4ee50c34d1e8d16f743b9c53,1597,1
40489760,"Тема письма: Сервис трекинга /Другое Текст письма: Тематика: Сервис Трекинга. Жалобы/предложения Канал поступления обращения: По телефону Дата поступления обращения: : --- Телефон: + Адрес заявителя: , Российская Федерация, обл Смоленская, р-н Рославльский, г Рославль, ул Кирова, д. Индекс ОПС: Номер ШПИ: Адрес почтомата: - Учетная запись: - Электронная --- Суть обращения: Жалоба на длительную доставку, был отправлен подарок на др сыну, дата стояла августа получения, сейчас сдвинута на , клиента это не устраивает, настоял на жалобе. Требуется оф.ответ.",Проблема с ОПС/доставкой,fdad9330af4ba0b932f407e067ce737b01c749ecec6b3c9321375a3868a85de6,1599,1
40493167,"С--- М--- Юр---, Доброе утро! В этом году очень часто стало недоступно для скачивания электронное уведомление по заказным письмам. Пишем обращение. Раньше помогали и присылали копию эл.увед. на указанную при регистрации почту. Сейчас уже ка минимум дважды просто отписки, а эл.увед.так инедоступно. Недоступно для скачивания ни на сайте почты России, в приложении. Просто нет такой ""кнопки"" , ,",Отслеживание отправлений,3bc868a7cf2586f5f2ed374cf533f4a96418be70d4d411363812a3a7933cc12f,1600,1
40493590,"Добрый день, у меня всего письма которые оформлены и неотправлены. В чем дело--- Наталья---",Отслеживание отправлений,db898976fd7b877a78df54e071ce6826208891ab0e8cbd90cb0ff47d34b3558a,1601,1
40494412,"Тема письма: Сервис трекинга /Другое Текст письма: Тематика: Канал поступления обращения: По телефону Дата поступления обращения: :--- Телефон: + Адрес заявителя: , Российская Федерация, обл Челябинская, г Челябинск, ул -летия Победы, д. , к. а, кв. Индекс ОПС: Номер ШПИ: ******** Эл--- Суть обращения: не приходит оповещения на сайте и на эл.почту о РПО. извещения в почтовый ящик приходят поздно, хотелось бы получать оповещения.",Уведомления по электронной почте,9f5476157fbabfc3b5683efb0ea500c3ae495ab44a578a20694865e5304520e9,1602,0
40495317,"После обновления в личном кабинете при оформлении письма/бандероли на этапе автоматического формирования бланка (для наклеивания на отправление) некорректно устанавливается адрес, т.е. не соответствует введенному при оформлении. Кроме того, при сдаче данного отправления в отделении почты и оплате в чеке пробивается совершенно иной адрес! Случай не единичный, данные ошибки крайне осложняют отправку юридически значимых документов. Имеются скриншоты и скан чека, подтверждающие вышеуказанные расхождения К---",Письма\бандероли,1f8f33c7f3e31aa2874448881246d9a489dc8512be5cd1304fd77adea4583f19,1604,1
40496374,Тема письма: Услуги для населения/Самостоятельная регистрация отправлений Текст письма: Тематика: Самостоятельная регистрация отправлений Канал поступления обращения: По телефону Дата поступления обращения: : .. ФИ--- Телефон: + Электронная --- Суть обращения: При оформлении простых отправлений не пришли бланки с ярлычком для распечатывания. Денежные средства были списаны,Письма\бандероли,c6d8c8851c27c0f428bb4d62af5e9c2c253d95302bc15fea5b3106c30e8f8fe5,1605,1
40496889,"Тема письма: Акция с промокодами/Клиент не может оплатить промокодом/промокод исчез из МП Текст письма: Тематика: Акции с промокодами и Мобильное приложение Канал поступления обращения: По телефону Дата поступления обращения: : --- Телефон: + Адрес заявителя: г. Москва, г. Москва, пр. Вернадского, дом Номер ШПИ: Электронная поч--- Суть обращения: Клиент предоформил отправление, денежные средства списались, отправить по данному трек номеру в ПО не выходит. Бланк не открывается.",Отслеживание отправлений,d39caa08801113d831b03ee76509d5fe657891bcf76c7dbeb7f45acc7cdcf9e4,1606,1
40497229,"Тема письма: Услуги для населения/Самостоятельная регистрация отправлений Текст письма: Тематика: Самостоятельная регистрация отправлений Канал поступления обращения: По телефону Дата поступления обращения: : .. --- Телефон: + Адрес заявителя: , Российская Федерация, обл Нижегородская, г Нижний Новгород, ул Республиканская, д. , к. , кв. Электронная--- Суть обращения: клиент не может оформить посылку за границу в сша, жмет кнопку получить трек номер и пишет сервис не доступен обратитесь позже. с .. года в разное время пробовала отправлять не работает.",Посылки,52a3b468ba16186eafc0c4b7dbf047c4e81aaea1b30094c622ea210d98a7a4d6,1608,0
40497610,"Тема письма: Сервис трекинга /Другое Текст письма: Тематика: Сервис Трекинга. Жалобы/предложения Канал поступления обращения: По телефону Дата поступления обращения: :--- Телефон: + Адрес заявителя: , Российская Федерация, обл Вологодская, г Вологда, ул Городской Вал, д. , кв. Номер ШПИ: ******** Электронная по--- Суть обращения: У клиента не оформляются через авито не позволяет выбрать доставку через почту россии.",Прочее,f9a1da338da7b3b8e912d48823139083480951eafe9e3e86b6631d71a6a87eae,1609,1
40497761,"Тема письма: Сервис трекинга /Другое Текст письма: Тематика: Сервис Трекинга. Жалобы/предложения Канал поступления обращения: По телефону Дата поступления обращения: : ..--- Телефон: + Номер ШПИ: CFDE Электронн--- Суть обращения: программа не присвоила номер заявления на розыск, хотя все данные были заполнены. и ничего не отображалось, просьба исправить ошибки",Электронные обращения,1f1686991b39b1c857972e2984b807a269ec09ed10969777c267f722d35b0347,1610,1
40498516,"такая ситуация, кл была записана на почту в : (отделение Мурманск) кл приехала в : дёргают дверь, а она закрыта, смотрят на дверь, а там вот такое замечательное объявление висит, хотя на официальном сайте обед с до часов.А---",Проблема с ОПС/доставкой,07947477635f0c4f65309f679b5fbe23c65d5df2bf5615e4c4a04d900372fdc2,1611,1
40498523,"Добрый день. На сайте отображается некорректная информация о цене на услугу ""Оцифровки"". При заказе услуги цена: , р. Списалось р. (скриншоты во вложении). Просьба провести диагностику проблемы. Рпо: ФИО: Д---",Прочее,67a8ce12b67da54623f30d029203d0fa1e50db4ef18d44ee6a33ba65999b23b6,1612,1
40499655,"Тема письма: Тема отсутствует. Текст письма: Сайт начал работать в штатном режиме С уважением, Ир--- +---",Прочее,b8979b1f06eb5fc2dcd2c8fb6827303bf0882f3ba8f247f53a4e23cb1b8ca010,1613,1
40499703,ПЛ--- +,Прочее,877b4ad5276ffa0d8713265ef32bb0f907bbb5a03cd8acae6fdcf39125ae7761,1614,1
40501815,"Тема письма: Сервис трекинга /Другое Текст письма: Тематика: Сервис Трекинга. Жалобы/предложения Канал поступления обращения: По телефону Дата поступления обращения: : ..--- Телефон: + Индекс ОПС: Номер ШПИ: Электронна--- Суть обращения: адресат и адрес получателя верные. Получатель ТРАНСАВТО ООО, ,Санкт-Петербург, А/Я . Просьба доставить получателю.",Проблема с адресом\индексом,73d620c06d1e155f02ddae9b17fb3f009d67419015bd1053fb0c04f41805751d,1617,0
40502033,"Тема письма: Скан письма Текст письма: Здравствуйте. Где именно в приложении для IOS я могу увидеть заказанный (и сформированный, судя по полученному смс) скан письма? На сайте, на странице, куда попадаешь по ссылке из смс нажатие кнопки «скан-копии» выдает ошибку — «не удалось скачать копии». Ни на сайте в меню, ни в приложении не могу найти ссылку, чтобы попасть в раздел со сканами. Забыли сделать? Не слышали про юзер-френдли? Или я туплю? П---",Прочее,706542f89d00e8e3e72a80428b9ab4adeca2d9d2a7e244fe801b143682ce370a,1618,1
40506546,"---вна, комментарий: Нет трек номеров, ссылка на скрин: https://chat-ct.pochta.ru/file/rupost/eebcc-bcf--b-ebfcd-eaa-ce-ac-aed-cffebba.png",Отслеживание отправлений,12a3b635f04a76dc1235cf4aad217122a3e190c8230b63d52858a0631cb408b4,1619,1
40507146,Тема письма: Тема отсутствует. Текст письма: Нет информации по посылке с числа,Электронные обращения,57d7b276596aa81af616099476e569e31c3fd0a6cf1112651397509fe122855b,1620,1
40507149,Тема письма: Тема отсутствует. Текст письма: Где посылка?,Электронные обращения,2cb76b67cc8b11e5972b2e16afcf9b2e4da51f415a52debc7a4e9a5e3da19e1b,1622,1
40507818,"Добрый день! не отслеживается ни на одном из ресурсов. это как? ООО ""ДАЙМОНД ПРО"" ИНН Договор /-ф о---",Отслеживание отправлений,a94654f9f0dd1dc9304b758052acd9c3dd734933a424510c4e322ae56badcc5e,1625,1
40509024,"Здравствуйте, не поступают ЭЗП, приме---",Личный кабинет,b153a396060aa7de412eac6de98327154e8b0d4f3446b9b4cdf9b3107e181992,1626,1
40509979,"Тема письма: Услуги для населения/Самостоятельная регистрация отправлений Текст письма: Тематика: Самостоятельная регистрация отправлений Канал поступления обращения: По телефону Дата поступления обращения: : .--- Телефон: + Адрес заявителя: , Российская Федерация, обл Омская, р-н Омский, с Лузино, ул Южная, д. Учетная запись: + Электро--- Суть обращения: у клиента не получается отправить посылку в Кемеровскую область выдаёт ошибку",Посылки,46a9e295198e0091e6d91d4d356648427b51b933f4a57f1f49f1f3dc0963de38,1627,0
40510906,"Тема письма: Сервис трекинга /Другое Текст письма: Тематика: Сервис Трекинга. Жалобы/предложения Канал поступления обращения: По телефону Дата поступления обращения: : .. ---ефон: + Адрес заявителя: , Российская Федерация, г Москва, ул Конёнкова, д. , кв. Индекс ОПС: Номер ШПИ: Электрон--- Суть обращения: Мне, П.А.Боневу, на электронную почту пришло письмо с официального адреса рассылки. В данном письме, кроме трек номера, получателя и отправителя прописаны номера телефонов горячей линии Почта России. Соответственно, позвонив по одному из номеров: + клиент вместо горячей линии Почта России попал на рекламу букмекерской конторы. Запись звонка имеется. ) Является ли данная россылка Почты России рекламой букмекерской конторы? ) Имеется ли информация у Почты России, что данный номер не принадлежит Почте России? ) Где и когда я давал согласие Почте России на получение россылки рекламных сообщений? Письменный ответ, в соответствии ФЗ ""О порядке обращения рассмотрения обращений граждан РФ"", направить по адресу: г. Москва ул. Новгородская д. кв.",Уведомления по электронной почте,41a14441a19887d815576828807f3cc09b0be04a98c42dbce46d6ef0efcfabde,1632,0
40511649,"Тема письма: Сервис трекинга /Другое Текст письма: Тематика: Сервис Трекинга. Жалобы/предложения Канал поступления обращения: По телефону Дата поступления обращения: : .. ---теля: , Российская Федерация, обл Московская, г Люберцы, дп Красково, проезд -й, д. Номер ШПИ: Электро--- Суть обращения: у клиента в личном кабинетн отображается чужое отправление не получается открепить",Отслеживание отправлений,633051de6180e6fc0a13de06506ca020584d7fff42c11c6413aa7b08d55c9e6f,1633,1
40514092,"Тема письма: Услуги для населения/Самостоятельная регистрация отправлений Текст письма: Тематика: Самостоятельная регистрация отправлений Канал поступления обращения: По телефону Дата поступления обращения: : ..--- Телефон: + Адрес заявителя: г Москва, тер. МКАД, км -й, д. А, стр. Учетная запись: Электронная поч--- Суть обращения: Юр лицо без договора, создало отправлений в папке исходящие больше шт. цитата в личном кабинете ""Вы достигла ограничения в неоформленных отправлений"" - Предлагает оплатить онлайн, сдать или удалить. Клиент хочет удалить, но такой кнопки нету. Просит их удалить или подсказать как это сделать",Отслеживание отправлений,fd307b940eef1cfeb1cdbbf5ce447387295119c7ed62b853c6f2a084fb6fdab0,1635,1
40516460,"Тема письма: Срок хранения Текст письма: Здравствуйте, почему до истечении срока хранения посылки уходит обратно, -- Отправлено из Mail для Android",Электронные обращения,5ab4075bd85180418843e7ccd8e2d1816031686bd361bacdc995db7ae3b574cb,1636,1
40520648,"Тема письма: Где посылка? Текст письма: Здравствуйте! Срок доставки посылки LCCN был .., однако посылку почему то отправили в Воронеж, теперь с . она в Москве! Сколько ждать доставки в г. Вилючинск, Камчатский край???",Электронные обращения,888e0236c681c8af8ca1a268ec1d3b9dbe5869692b2824c772fd17d1643a37d7,1639,1
40522772,Тема письма: ЖАЛОБА Текст письма: Что за безобразие! дня посылка с трек-номером находится в сортировочном центре Львовский. Прошу незамедлительно ее отправить по адресу получателя!!! -- Отправлено из Mail для Android,Отслеживание отправлений,f85ccff51d415e46f03d0f44a1a42af9f3ae4f9fcd0d25492e6e1e7f4fc730e6,1640,1
40524740,"---вич, комментарий: Плохое состояние входа в почтовое отделение., ссылка на скрин: https://chat-ct.pochta.ru/file/rupost/e-ce-dee-b-bbbeb-decd--bb--abcddb.jpg",Электронные обращения,a65cf81f45511f4155286619e2a7f2a1ad30b557552cb467ceb82fc68b86c2ab,1643,1
40524799,Тема письма: Добрый день подскажите почему письмо было уже в дмитрове теперь опять ушло на красную горку? Текст письма: -- Отправлено из Mail для Android,Электронные обращения,04f39ab75d0a9328df7481667ec4c2b6c11f153c72a6974a55e319c604a2e942,1644,1
40524955,Добрый день! Почему мой личный кабинет стал Сергей П.? Это мой личный кабинет!!!!!! И уже давно!! И в пятый апелляционный суд я ничего не отправляла!!!!! Наведите ---,Личный кабинет,7a34481668f9b070e4c16cc65c57fb4ac16bf06780ba8147318830167a42b7f0,1645,1
40525760,"Тема письма: Сервис трекинга /Другое Текст письма: Тематика: Сервис Трекинга. Жалобы/предложения Канал поступления обращения: По телефону Дата поступления обращения: : .. --- Телефон: + Адрес заявителя: , Зеленоград пр-кт Георгиевский д. к. Индекс ОПС: Номер ШПИ: Электронная --- Суть обращения: В отслеживании у клиента последний статус по треку указан некорректно, просьба откорректировать статус.",Отслеживание отправлений,248a8639f010d5f203b5a2ef0d93e6d7ffe0bb46aae7b1b55ee42c81f161336a,1647,1
40526325,"Тема письма: Просим как можно скорее доставить посылку и поспособствовать её получению, т.к. от неё зависит лечение и жизнь пациента Текст письма: Здравствуйте. Не знаем, куда обратиться. Попробуем написать сюда. М---, д.р.: ... .--- .. отправил посылку с г. Новокузнецка на адрес: МО СПб, г. Сестрорецк, ул. Володарского, д. , кв. . Торопился, указал неправильно адресата, написал: МО СПб, а правильно нуж---. Могут ли сотрудники Почты России на какой-то станции получения вписать адресата правильно, чтобы посылка шла быстрее? . В посылке лежат стёкла с биоматериалом - биопсия печени Хасаевой Альфии Зуфаровны. Мы очень ждём эту посылку, пациент в очень тяжёлом состоянии, а без этого биоматериала врачи не могут начать лечение. Забирать посылку--- (сестра адресата Хасаевой Альфии Зуфаровны). На меня есть электронная доверенность на сайте Почты России. . Очень просим как можно скорее доставить посылку и поспособствовать её получению, т.к. от этого зависит лечение и жизнь пациента. Если Вы знаете, куда ещё можно обратиться и/или направить данное письмо — напишите, пожалуйста в ответном письме. С уважением,",Отслеживание отправлений,f1263a30d1b8d6a77a5036a50754f9a88406e65445c2f63ae82b172f4cf1b790,1648,1
40527769,"Тема письма: скриншоты.pdf Текст письма: -- С Уважением, Арбитражный управл--- Тел. --- УВЕДОМЛЕНИЕ О КОНФИДЕНЦИАЛЬНОСТИ: Это электронное сообщение и любые документы, приложенные к нему, содержат конфиденциальную информацию, охраняемую законодательством РФ. Настоящим уведомляем Вас о том, что если это сообщение не предназначено Вам, использование, копирование, распространение информации, содержащейся в настоящем сообщении, а также осуществление любых действий на основе этой информации, строго запрещено. Если Вы получили это сообщение по ошибке, пожалуйста, сообщите об этом отправителю по электронной почте и удалите это сообщение.",Отслеживание отправлений,0f60a505cf8a40de7315f3bf7ff681cea9e0d401903ae23d3149bf9b7c9f3140,1649,1
40529562,"Тема письма: Сервис трекинга /Другое Текст письма: Тематика: Канал поступления обращения: По телефону Дата поступления обращения: : --- Телефон: + Адрес заявителя: , Российская Федерация, обл Тульская, г Тула, ул Октябрьская, д. , кв. Индекс ОПС: Номер ШПИ: Учетная --- Электронная п--- Суть обращения: Клиент оформил отправление ... Но с того времени информация в системе отслеживания до сих пор не появилась. Трек-номер не отслеживается. В ОПС клиенту помочь не смогли",Отслеживание отправлений,60c362c059b815a3d81bb2836d2d783777e7ef482f6909beefa4fac0850b576b,1652,1
40529569,"Тема письма: Услуги для населения/Самостоятельная регистрация отправлений Текст письма: Тематика: Самостоятельная регистрация отправлений Канал поступления обращения: По телефону Дата поступления обращения: : .. Ф--- Телефон: + Адрес заявителя: , Российская Федерация, г Москва, ул Гиляровского, д. , кв. Электронная по--- Суть обращения: при самостоятельной регистрации простого бумажного письма на сайте после оплаты на электр. адрес пришел некорректный трек номер, распечатать бланк нет возможности, оплата прошла",Письма\бандероли,7fece04fd069cc1c09f088db01dd786791048958b3a8a9e9d10c395eeebcc41c,1653,1
40529761,"Тема письма: проблема с поиском Текст письма: Добрый день. Некорректно происходит поиск информации о движении по трек- Отдел архива Департамент операционной поддержки кадрового администрирования Дирекция по персоналу Блок «Х Поддержка бизнеса» --- *** Это сообщение и любые документы, приложенные к нему, содержат информацию, составляющую коммерческую тайну ПАО «Корпоративный центр ИКС », , г. Москва, ул. Средняя Калитниковская, д., стр.. Если это сообщение не предназначено Вам, настоящим уведомляем Вас о том, что использование, копирование, распространение информации, содержащейся в настоящем сообщении, а также осуществление любых действий на основе этой информации, строго запрещено. Если Вы получили это сообщение по ошибке, пожалуйста, сообщите об этом отправителю по электронной почте и удалите это сообщение. This message and any documents attached to it contain information that constitutes a commercial secret of PAO ""Corporate Center X"", , Moscow, Srednaya Kalitnikovskaya str., , p. . If you are not an addressee or otherwise authorized to receive this message, you should not use, copy, disclose or take any action based on this e-mail or any information contained in the message. If you have received this material in error, please advise the sender immediately by reply e-mail and delete this message.",Отслеживание отправлений,7ffa5bdcd8d2d7fa37ed39d13b6f4a416c2fada6a98edae97aef287d038cb905,1654,1
40529790,"Тема письма: Сервис трекинга /Другое Текст письма: Тематика: Сервис Трекинга. Жалобы/предложения Канал поступления обращения: По телефону Дата поступления обращения: : .--- Телефон: + Адрес заявителя: , Российская Федерация, г Москва, ул Алма-Атинская, д. , кв. Номер ШПИ: Электронная --- Суть обращения: .. : Присвоение идентификатора - Москва . у клиента не отображаются статусы движения РПО. .. : Обработка Сортировка ЛЦ Внуково- PSM-СМ Отправление уже во Внуково но клиент в ЛК этого не видит",Отслеживание отправлений,6a5f128c0584d60f06e3255c9d6472770dc86c8cd6be802cd6a946f0d8fc1817,1655,1
40529816,"Тема письма: Отслеживание почтовых отправлений по трек-номер Текст письма: Моё отправление не отслеживалось в личном кабинете на сайте Почты РФ, зато на сторонних сайтах по отслеживанию (track) оно отражалось! Это нарушение технологии отправки сотрудниками или очередная неумелая шутка? Такие ""фокусы"" формируют у населения негативный образ Почты России и мотивируют пользоваться альтернативными способами доставки---!!!",Прочее,ed9a9c934e51595704924e6932858e248c542e07a7661afa453eb2acb296ba3a,1656,1
40530094,"Тема письма: Услуги для населения/Самостоятельная регистрация отправлений Текст письма: Тематика: Самостоятельная регистрация отправлений Канал поступления обращения: По телефону Дата поступления обращения: : .. ---ителя: , Российская Федерация, край Хабаровский, р-н Ванинский, п Токи, ул Токинская, д. , кв. Номер ШПИ: Электронная почта--- Суть обращения: редоформленные отправления . не сохраняется бланк для распечатывания. просит устранить ошибку на сайте",Письма\бандероли,601f94eba8d9708f76296810bda86ecc63c970667f64b4f5bfd948735b16d114,1658,1
40530259,Тема письма: Тема отсутствует. Текст письма: Прошу вернуть письмо про по обратному адресу ключи Кирова .,Письма\бандероли,911d926d581c27a5f9fbb17969ad56d31b05adde8f75983f29c50e9be41484cf,1659,1
40531982,"Тема письма: Тема отсутствует. Текст письма: Добрый день. ООО МКК ""Правовой капитал"". Не согласны с начислением, так как факта отправки нашей компанией не было!",Прочее,a6136ed3a0d8d862c24ae02920f7c05489ade1652261970609cac732884b33a9,1661,1
40537423,Здравствуйте. У клиента в отправлениях указывает,Личный кабинет,0ee2b2c822425f9d77360772f2c7bac8ea36f9fc73d88256c837466b0c26d1f0,1662,1
40540603,"Тема письма: Сервис трекинга /Другое Текст письма: Тематика: Сервис Трекинга. Жалобы/предложения Канал поступления обращения: По телефону Дата поступления обращения: : --- Телефон: + Адрес заявителя: , Российская Федерация, обл Волгоградская, г Волгоград, ул Кузнецкая, д. , кв. Индекс ОПС: Номер ШПИ: Электронная почта--- Суть обращения: Кл по состоянию здоровья не может получать корреспонденцию на (в положении ) Сделана переадредре---сти изменения в доставку",Прочее,82de310fe2762f6152d4d978ed8ab82df95f7ce56316869d2754c9b7a1eed697,1663,1
40542562,"Тема письма: Текст письма: ПОЧЕМУ ПИСЬМО ИЗ КАЛУЖСКОЙ ОБЛАСТИ ИДЕТ В БРЯНСК ЧЕРЕЗ ПОДОЛЬСК, В КОТОРОМ ОНО НАХОДИТСЯ УЖЕ ДНЯ??? ПИСЬМО ЗАКАЗНОЕ!!! ДРУГОЕ ПИСЬМО С ДРУГИМ ТРЕК-НОМЕРОМ ГУЛЯЕТ ТАМ УЖЕ ОКОЛО МЕСЯЦА! ЧТО ЭТО ЗА ЛОГИСТИКА??---.",Отслеживание отправлений,f49e95e7969f4eea787b4363e581f7bfab73677b515a44fc912d21f86b23eeee,1664,1
40543322,"Тема письма: Сервис трекинга /Другое Текст письма: Тематика: Канал поступления обращения: По телефону Дата поступления обращения: : .. ---теля: , Российская Федерация, обл Пензенская, г Пенза, ул Проломная, д. Индекс ОПС: Номер ШПИ: LKCN Элект--- Суть обращения: Не отслеживает отправление приложение ,ранее все отслеживалось",Отслеживание отправлений,3f27b0bafbdb16302798c1598be41cdd871bfc6b2ff2cba9c9f49f590007fa75,1665,1
40543658,"Тема письма: Вопрос об оплате и не доставке заказного письма ! Текст письма: Здравствуйте. Меня зовут Алексей. Я .. в : сделал заявку на курьерскую доставку заказного письма. Несколько раз оплата не проходила. На третий раз оплата прошла, это было уже :. Курьера вызвал на .. с : до :. Он приехал примерно в :. При передаче ему письма, он сказал, что у меня несколько заявок, я ему объяснил что оплата не проходила сразу и только с третьего раза она прошла. Он сфотографировал своим телефоном штрих код на почтом отправлении и выдал копию его мне с трек номером EFRU. Я ему объяснил, что оплата р почему-то прошла по трек номеру EFRU, и спросил не запутаются ли на почте из-за этого. Курьер мне ответил, что оплату он видит, чтобы я не беспокоился и на почте разберутся. Письмо я заказывал с доставкой в день. Днем примерно в - часов мне позвонили с EMS доставки и сказали, что не видят оплату и просили сделать опять заявку на курьера по трек номеру по которому у меня прошла оплата, так как специалисты не видят его, а после того как я это сделаю, то специалисты просто ярлычки поменяют на заказах. Я это сделал. В : я опять посмотрел личный кабинет и там все было без изменений. Письмо так и не доставлено, хотя было при заказе написано, что платная курьерская доставка за день. Я позвонил в ЕMS доставку и спросил оператора о доставке заказного письма. На что оператор опять все так же ответила, что она оплаты не видит и письмо почтой не принято и соответственно не доставлено, далее сказала обращаться к вам по почте. В личном кабинете все висит так, как буд-то я еще не вызывал курьера. Что по одному трек номеру, который выдал курьер, что по второму по которому прошла оплата. Я честно говоря очень раздосадован, что заказное письмо не пришло . хотя бы к вечеру, это было служебное уведомление работодателю. Теперь хотел бы понять, что с оплатой и что с моим заказным письмом и когда его вручат получателю ? -- Отправлено из Mail для Android",Проблема с ОПС/доставкой,3b54467b8335a73300097a3c9161d7058c2efb5379ef511246c39558b6982207,1666,1
40546769,"Здравствуйте! вот это отправление постоянно висит в активных отслеживаниях, я неоднократно нажимал на кнопку ""Не отслеживать"". Он исчезает, потом появляется. Как его убрать чтобы оно не отображал---",Отслеживание отправлений,13485fb8f56d29c6c728f9fc240a8c7ae9cf3971b84e7d8bcee2377930286ed4,1667,1
40548308,"Добрый день! Мне позвонил сотрудник, сказал оплата не проходит. У меня нет возможности вернуться в отделение раньше понедельника, а посылочку люди очень ждут) Трек-номер М---",Отслеживание отправлений,ba798ef90ef211fae28d014d654a8fc8903909dd60047ed3693c0c98e0d25a36,1668,1
40550949,Тема письма: Сервис трекинга /Другое Текст письма: Тематика: Сервис Трекинга. Жалобы/предложения Канал поступления обращения: По телефону Дата поступления обращения: : --- Телефон: Номер ШПИ: Электронная почта клиента: Суть обращения: Не отслеживаются очень давно рпо в лк.,Личный кабинет,47bcbd78b8b8e115db0aea4ec8226a3c574dc09d620c4418e46f86454f701fef,1669,1
40552220,"Тема письма: Проблемы с учетной записью при входе в Мобильное приложение или сайт Почты России Текст письма: Тематика: Проблемы с учетной записью при входе в МП/Сайт Канал поступления обращения: По телефону Дата поступления обращения: : .. --- Телефон: + Адрес заявителя: , Российская Федерация, обл Пензенская, г Пенза, пр-кт Строителей, д. , кв. Электрон--- Суть обращения: На сайте почта России проблема с оформлением посылки онлайн,при нажатии отправить по индексу, выходит индекс не мой, какой то другой, при указании своего, система пишет что такой не существует. Система не рассчитывает цену. Прошу устранить технический сбой и предоставить мне ответ.",Проблема с адресом\индексом,5101761d87abdec24c90696421bec459b5b7505a6b1c52d882b64a5862406ddf,1670,0
40552473,"---, комментарий: Не отслеживается отправленное письмо, ссылка на скрин: https://chat-ct.pochta.ru/file/rupost/ce-b--ba-bbba-bfdf-fc-dc-ade-dbfadb.jpg",Отслеживание отправлений,44be4d25baf696a9c8c99545df902b6e08e4125333dbc7ab10e4c1a43a150b28,1671,1
40553199,Тема письма: Услуги для населения/Самостоятельная регистрация отправлений Текст письма: Тематика: Самостоятельная регистрация отправлений Канал поступления обращения: По телефону Дата поступления обращения: : --- Телефон: + Адрес заявителя: г Москва ул Михалковская дом Индекс ОПС: Номер ШПИ: Электронная--- Суть обращения: посылка оформлена стоит статус ожидает оплаты но когда нажимаем отправить ссылку он переходит в приложения где отаброжаеться информация по отправлению где выходит тагже информация оплатить не получаться переходов к оплате нет.,Ошибки оплаты,931a21398ba78c2d900ba5c15a8fd0c02a6f70858ea0c003113b4f19028a268f,1672,0
40553638,Добрый день! И александра евге--- РПО на бланке нет номера квартиры. Проблема возникает не в первый раз.,Проблема с адресом\индексом,3f00a0a53aab43e38c8f45d826362ca90aedc7ad317f54f51a4a222c81490f03,1673,0
40555002,Тема письма: Тема отсутствует. Текст письма: Добрый день!Сейчас все работает.Спасибо. -- Александр Сипягин Отправлено из Почты Mail,Прочее,515ac95dafced44d959c71120a41491a9ae263576f5cf7a6a9c316ca7a6c03be,1674,1
40555255,"Тема письма: Услуги для населения/Самостоятельная регистрация отправлений Текст письма: Тематика: Самостоятельная регистрация отправлений Канал поступления обращения: По телефону Дата поступления обращения: : --- Телефон: + Адрес заявителя: , Российская Федерация, г Москва, ул Верхняя Сыромятническая, д. , кв. Индекс ОПС: Учетная запись: + Электро--- Суть обращения: элекронная декларация не распечатывается, нет кнопки",Отслеживание отправлений,adfb9d86fb1bbfaa0932ab92bcb0fa980cc52e60b881bcf510f53713159851f8,1675,1
40555894,"Тема письма: Не прошла оплата посылки Текст письма: Добрый день Не прошла оплата посылки, пополнила карту, как повторно произвести оплату Заказ ELRU -- --- Специалист отдела закупок M: --- , Санкт-Петербург, ул. Есенина, --- Kunjut - фабрика печати на ткани, дизайн-студия и швейное производство. Работаем с года по всей России.",Посылки,1a34fe712d4d2bba6a6545260ac41bce0b2d74eb6f0dedbb123c6e972f2c9b24,1676,0
40556003,"Тема письма: Режим работы Текст письма: Слов порядочных в ваш адрес уже не найти! Люди планируют свой день и жизнь . А вашем графике режима работы отделения просто кошмар . В прошлом месяце несколько раз пытался попасть для получения посылки и не попал, на двери на бумажке режим работы с : до : . В очередной раз пришлось с проблемой уйти с работы для получения посылки и оплаченной транспортировки с графиком на бумажке и сегодня вновь этот график , не соответствующий не на сайте , не на официальном режиме работы на входе. Вы сколько будете издеваться над сотрудниками и клиентами ??? Позорище !!! В следующий раз вопрос подниму иначе ! -- Отправлено из Mail для Android",Проблема с ОПС/доставкой,87b9f9bd60491b7a5473c2515bd29cd47d4025907701ecb3e2e784ce89bb34da,1677,1
40556515,"Тема письма: По заявлению Текст письма: Трек ,,, вот это я не знаю кто отправлял через мой номер телефона , Вход по номеру у меня",Отслеживание отправлений,b12d1cba7e27d052f4253362dcee4fc8012459a7cf348e6f090249f6a99132ef,1678,1
40558684,"Добрй день. При отслеживании отправлений пропала информация о весе. Подскажите, это временная проблема или теперь вес отображаться не будет? Если больше данного пукнта в отслеживании отображено не будет, просьба уточнить почему? ФИ---",Отслеживание отправлений,c931264b2f2d3c3e5f8c3f7d8d5a1d7367e74956b4db565b93e77432eb3889b5,1681,1
40558893,"Тема письма: Акция с промокодами/Клиент не может оплатить промокодом/промокод исчез из МП Текст письма: Тематика: Акции с промокодами и Мобильное приложение Канал поступления обращения: По телефону Дата поступления обращения: : .. --- Телефон: + Адрес заявителя: , Российская Федерация, обл Самарская, г Самара, ул Революционная, д. , кв. Учетная запись: да Электро--- Суть обращения: у кл в МП не отображается сумма и дата выдачи Пособия/пенсии. Отображается только что: можно оформить на доставку на дом. и Все.",Личный кабинет,9fda9603342a06ff5ca43fe86a2a2531add64b6ab1edc808b906bb33f685dc53,1682,1
40559840,"Тема письма: Претензия Текст письма: ПРОШУ найти моё почтовое отправление ,которое было отправлено ЗАКАЗНЫМ ПИСЬМОМ СТОИМОСТЬЮ РУБЛЕЙ, отделом кадров, ИЮЛЯ из Москвы. Отправитель ООО ""ССК ГАЗРЕГИОН"" Получатель : г. Ставропол--- Вадим Витальевич. Срок доставки заказанного письма регламентируется до дней , на сегодняшний день августа письмо находится в сортировочном центре Львовский. Заявление на розыск уже мною было написано августа. На сегодняшний день ситуация не меняется в приложении дата доставки меняется каждый день на день позже.. Требую разобраться в данной ситуации, найти мое отправление, в котором находится трудовая книжка и справка о северном стаже.И ответить мне на мою претензию в течении трёх рабочих дней. ДЛЯ ДАЛЬНЕЙ---Телефон для связи . , -- Отправлено из Mail для Android",Электронные обращения,81ca56153cc484c6eb2bfa14596ee66b59bd584bdad92c1cdb905c67539a5a68,1684,1
40559935,"Тема письма: Тема отсутствует. Текст письма: Разыщите моё отправление, оно на сортировке уже с июля",Электронные обращения,71f906f67b022810c82645d6b68c4d8a1386ff2ffd3a6873a475a3a1c63d65f9,1685,1
40559937,"Тема письма: Претензия Текст письма: ПРОШУ найти моё почтовое отправление трек-номер : ,которое было отправлено ЗАКАЗНЫМ ПИСЬМОМ СТОИМОСТЬЮ РУБЛЕЙ, отделом кадров, ИЮЛЯ из Москвы. Отправитель ООО ""ССК ГАЗРЕГИОН"" Получатель : г. Ставропол--- Вадим Витальевич. Срок доставки заказанного письма регламентируется до дней , на сегодняшний день августа письмо находится в сортировочном центре Львовский. Заявление на розыск уже мною было написано августа. На сегодняшний день ситуация не меняется в приложении дата доставки меняется каждый день на день позже.. Требую разобраться в данной ситуации, найти мое отправление, в котором находится трудовая книжка и справка о северном стаже.И ответить мне на мою претензию в течении трёх рабочих дней. ДЛЯ ДАЛЬНЕЙ--- Вадим Витальевич. Телефон для связи . , -- -- Отправлено из Mail для Android",Электронные обращения,81ca56153cc484c6eb2bfa14596ee66b59bd584bdad92c1cdb905c67539a5a68,1686,1
40559961,"Тема письма: Тема отсутствует. Текст письма: Здравствуйте, я прошу написать письменный ответ, где куда из Тулы делась письмо, месяц гуляет или выкинули его уже. Я недели не могу дождаться ответа.трек-номер . Прошу дать ответ",Электронные обращения,6a24170aca41411331317af02dac183d5b5958203db1a6d299a65ac89856ed78,1687,1
40560197,"Тема письма: Услуги для населения/Самостоятельная регистрация отправлений Текст письма: Тематика: Самостоятельная регистрация отправлений Канал поступления обращения: По телефону Дата поступления обращения: :--- Телефон: + Адрес заявителя: , Российская Федерация, обл Орловская, г Орёл, ул Раздольная, д. а, кв. Электро--- Суть обращения: Клиент на сайте оформляет предзаполненное отправление и когда уже все оформлено и остается последний шаг, появляется информация: Сайт временно не работает, попробуйте позже.",Посылки,9a13cb5c5c3a8cb92f4bc95dfb4daed0acf122be8fd056de0e7b2aa79ce03052,1689,0
40560608,"Тема письма: Fwd: Невозможно выполнить действие с запросом RP Текст письма: Вы еще и заблокировали возможность поставить низкую оценку? Значит так пишу - обращение перекрываем, оно не решено -- Отправлено из Mail для Android -------- Пересланное письмо ------ Дата: воскресенье, августа г., : +: Тема: Невозможно выполнить действие с запросом RP Невозможно поставить оценку запросу RP Причина: Запрос уже находится в статусе 'Закрыт'",Отслеживание отправлений,05e2884276dacab41aa8eece889756a19fa50cff49e75bca3fd2aca133ecd452,1690,1
40560638,"Тема письма: Fwd: Невозможно выполнить действие с запросом RP Текст письма: Обращение не решено -- Отправлено из Mail для Android -------- Пересланное письмо ------ Дата: воскресенье, августа г., : +: Тема: Невозможно выполнить действие с запросом RP Невозможно поставить оценку запросу RP Причина: Запрос уже находится в статусе 'Закрыт'",Отслеживание отправлений,0f50ac49fdb5b8195d1786a20407344ef89be56b0744e8f5df0a277535866f07,1691,1
40560639,"Тема письма: Re: Невозможно выполнить действие с запросом RP Текст письма: Обращение не решено -- Отправлено из Mail для Android воскресенье, августа г.,---: Невозможно поставить оценку запросу RP Причина: Запрос уже находится в статусе 'Закрыт'",Отслеживание отправлений,0f50ac49fdb5b8195d1786a20407344ef89be56b0744e8f5df0a277535866f07,1692,1
40560640,Тема письма: Жалоба Текст письма: Закрыли без ответа и без решения. Актуально -- Отправлено из Mail для Android,Отслеживание отправлений,eb5cff56b5ac9ab2f43b5023877a5a97a17b7e47f42ce22e6e530d0f0523069b,1693,1
40560774,Тема письма: Жалоба Текст письма: Закрытие не подтверждаю. Не получены ответы на запрос по поиску утерянного почтового отправления. -- Отправлено из Mail для Android,Отслеживание отправлений,74aabfa6a07192eb3d786e059e0b02c382049b3e9a0f1d834d77439b7762ae66,1694,1
40561013,"Тема письма: Потерянная посылка Текст письма: Здравствуйте! Отправила посылку июля классом экспресс доставкой.Посылка бала в Калининграде июля.Дальше след простыл.Отправлена в Зеленоградск, п Вишнёвое, ул.Пригородная , кв. на имя Ш--- Ф---.Прошу начать поиски. -- Отправлено из Mail для Android",Электронные обращения,51ee92e6e3eeaad17b54d7087ffecef8e7e5aa48d67241ca34f6626d327512b9,1695,1
40561318,"Тема письма: Сервис трекинга /Другое Текст письма: Тематика: Сервис Трекинга. Жалобы/предложения Канал поступления обращения: По телефону Дата поступления обращения: : .. Телефон: + Адрес заявителя: Новокубанск , Индекс ОПС: Номер ШПИ: Адрес почтомата: Учетная запись: есть Электронная почта клиента: Суть обращения: Вес РПО в процесс движения уменьшился .Просьба проконтролировать конечный заявленный вес",Отслеживание отправлений,884b98fcb7ebdf3b14ada918ad879287ba2c4f309f3e8d9ad250083f0c831466,1696,1
40561563,"Тема письма: Услуги для населения/Самостоятельная регистрация отправлений Текст письма: Тематика: Самостоятельная регистрация отправлений Канал поступления обращения: По телефону Дата поступления обращения: : --- Телефон: + Адрес заявителя: г Санкт-Петербург, г Санкт-Петербург, б-р Сиреневый, дом литера А к. Индекс ОПС: Номер ШПИ: RORU Учетная --- Электронная почта--- Суть обращения: При регистрации отправления ""Мелкий пакет"" на сайте Почта России не удалось оформить таможенную декларацию. Для отправлений такого вида таможенная декларация не отображалась, только для посылок. Из-чего клиенту пришлось обратится в ОПС, чтобы сотрудник заполнил декларацию вместо клиента. Почему по данной категории нет возможности оформить таможенную декларацию в ЛК?\",Посылки,85c87d08993d990b1791f9efb7964e313cc6701700217ee1f8c0605220395f0a,1697,0
40562205,"Тема письма: Сервис трекинга /Другое Текст письма: Тематика: Сервис Трекинга. Жалобы/предложения Канал поступления обращения: По телефону Дата поступления обращения: : .--- Телефон: + Адрес заявителя: , Российская Федерация, обл Новосибирская, г Новосибирск, ул Татьяны Снежиной, д. /, кв. Номер ШПИ: CRDE Электронная почта клие--- Суть обращения: Просьба уточнить информацию по последнему статусу ""Возврат, неверный адрес"". Если статус проставлен ошибочно, просьба удалить и поставить актуальные статусы.",Отслеживание отправлений,718af046d69f6d7d2172f11cdcb5d76693ef99fe37319bbfb0eadecbe14734c3,1698,1
40562206,"Тема письма: Сервис трекинга /Другое Текст письма: Тематика: Сервис Трекинга. Жалобы/предложения Канал поступления обращения: По телефону Дата поступления обращения: : .. ---вителя: , Российская Федерация, край Приморский, г Арсеньев, ул Сазыкина, д. , кв. Номер ШПИ: Электр--- Суть обращения: Просьба уточнить информацию по последнему статусу ""Прибыло в СЦ Кавалерово"". Если поставлен ошибочно, просьба удалить и поставить актуальный статус.",Отслеживание отправлений,599159f251b68ba42411dcbd90f8def1b5278d32e56f62a65229b9554b259c1a,1699,1
40562941,"Тема письма: Сервис трекинга /Другое Текст письма: Тематика: Сервис Трекинга. Жалобы/предложения Канал поступления обращения: По телефону Дата поступления обращения: --- Телефон: + Адрес заявителя: , Российская Федерация, обл Иркутская, г Иркутск, ул Лермонтова, д. а, кв. Индекс ОПС: Номер ШПИ: Электронная--- Суть обращения: .. с - часов, начальник ОПС отказала в отправке корреспонденции, сослалась на то что сокращены сотрудники и отказала в отправлении кореспогнденции.",Проблема с ОПС/доставкой,5ff4688f12e1231b3915c5a3377910dc0666af4a9751a732aebe68302055cd6b,1700,1
40563596,"Тема письма: Сервис трекинга /Другое Текст письма: Тематика: Сервис Трекинга. Жалобы/предложения Канал поступления обращения: По телефону Дата поступления обращения: --- Телефон: + Адрес заявителя: Респ Башкортостан, р-н Белорецкий, г Белорецк, ул Ленина, д. а Индекс ОПС: Номер ШПИ: , Электронная почт--- Суть обращения: отображаются недействительные статусы РПО.",Отслеживание отправлений,4d65e48ca099ca5810b08937c8d1df3705c4c639798676daebed3f48752a8ac0,1701,1
40568098,Тема письма: Сервис трекинга /Другое Текст письма: Тематика: Сервис Трекинга. Жалобы/предложения Канал поступления обращения: По телефону Дата поступления обращения: : .. ---+ Индекс ОПС: Номер ШПИ:--- Электронн--- Суть обращения: Прошу убрать некорректный статус .. : Обработка Прибыло в сортировочный центр Саратов МСЦ,Отслеживание отправлений,4dbb1216f8b1d878b96b9277ef2624e9efed3668c360e599f2b7050d803de410,1705,1
40568826,"Тема письма: Сервис трекинга /Другое Текст письма: Тематика: Сервис Трекинга. Жалобы/предложения Канал поступления обращения: По телефону Дата поступления обращения: : --- Телефон: + Адрес заявителя: , Российская Федерация, г Москва, ш Можайское, д. , кв. Индекс ОПС: Номер ШПИ: Элект--- Суть обращения: Просьба удалить некорректный статус по трек-номеру .. : Обработка Прибыло в сортировочный центр Московский АСЦ",Отслеживание отправлений,07e2468edeca58250841dc27f4900639266d32f18b0d4e4a9e0a36e827488895,1706,1
40569277,"Здравствуйте, у клиента не отображаются данные об отследивании после последнего обновления в iPhone. Приложение обновлено, переустановка не помогла. ВПН выключен Валиев Фаниль Фан---",Отслеживание отправлений,10f93e939d54581e1f3da184fed0527546849d694be8bb221476e62d1ae3c2ef,1707,1
40569633,"Тема письма: Проблемы с учетной записью при входе в Мобильное приложение или сайт Почты России Текст письма: Тематика: Проблемы с учетной записью при входе в МП/Сайт Канал поступления обращения: По телефону Дата поступления обращения: : .. Ф--- Телефон: + Адрес заявителя: г. Одинцово ул. Молодежная д. б пом Электронная поч--- Суть обращения: Клиент зашел в ЛК, профиль клиента а номер указан чужой . отправлений.",Личный кабинет,e4a4792faf9fe3302f4d9a125f3bcdb05628a32bdabfa582e949e1339195e11c,1708,1
40569749,"Тема письма: Сервис трекинга /Другое Текст письма: Тематика: Сервис Трекинга. Жалобы/предложения Канал поступления обращения: По телефону Дата поступления обращения: :--- Телефон: + Адрес заявителя: , УЛЬЯНОВСКАЯ НОВОСПАССКИЙ РП НОВОСПАССКОЕ УЛ СЕЛИВЕРСТОВА Д Индекс ОПС: Номер ШПИ: Адрес почтомата: - Учетная запись: - Электронн--- Суть обращения: у клиента в опс а/ я зарезервирован на юл ооо реалторг . сейчас все письма которые приходят на этот а/ я сразу разворачиваются и уходят на возврат. компания даже не успевает их получать. система выдает ошибку из-за ошибки оператора. просьба решить вопрос с корректным статусом а/я и не отправлять письма от контрагентов раньше времени.",Отслеживание отправлений,9e6a9b1ca5795c241a04235c527abaae37365092be4dcc4c5b5616e2a9695d46,1709,1
40570230,"Тема письма: Сервис трекинга /Другое Текст письма: Тематика: Сервис Трекинга. Жалобы/предложения Канал поступления обращения: По телефону Дата поступления обращения: : .--- Телефон: + Адрес заявителя: Респ Башкортостан, р-н Янаульский, г Янаул, ул Худайбердина, дом Индекс ОПС: Номер ШПИ: Адрес почтомата: Учетная запись: есть Электронная--- Суть обращения: Не работает ОПС (нет сотрудников ) и тоже закрыто",Проблема с ОПС/доставкой,1a74a0c88d2a293ad3419e1208861c194a7a02eb645a3c205273daa33660728b,1711,1
40571099,"Тема письма: вопрос Текст письма: Добрый день, почему сумма в личном кабинете отличается от акта сверки? на , сумма по акту сверки , в личном кабинете на сегодняшний день ,р??? сегодня была отправка писем всего на р С уважением, ООО «ПРОМСПЕЦТРЕЙД» ИНН КОНТАКТНЫЙ НОМЕР +----",Прочее,668262a9b84d07baba39789c94ada28477fe6186f949e109349eae9f12aad2ed,1712,1
40571852,"Тема пис--- Текст письма: Уточнение по запросу RP С уважением, ООО «ПРОМСПЕЦТРЕЙД» ИНН КОНТАКТНЫЙ НОМЕР +----",Прочее,08f64418566462d1731dba8a81a9c83868d4ff534837c93059e088bb8dfeffaf,1715,1
40573280,"Тема письма: Сервис трекинга /Другое Текст письма: Тематика: Сервис Трекинга. Жалобы/предложения Канал поступления обращения: По телефону Дата поступления обращения: : .--- Телефон: + Адрес заяви---а д. Индекс ОПС: Номер ШПИ: Электронная почта клиента: nik--- Суть обращения: Отправление направлено, обратно получателю, однако в МП, указано что при возврате получателем является покупатель, а не продавец из-за чего продавец не может получить обратно свой товар.",Отслеживание отправлений,6e021c31921b041c1bfe34d3e5b0bbb0dfe050ef432416d115670757fd1975e2,1716,1
40573329,"Тема письма: Сервис трекинга /Другое Текст письма: Тематика: Сервис Трекинга. Жалобы/предложения Канал поступления обращения: По телефону Дата поступления обращения: :--- Телефон: + Адрес заявителя: , Российская Федерация, край Краснодарский, г Краснодар, ул Российская, д. /, к. , кв. Индекс ОПС: Номер ШПИ: Адрес почтомата: город Краснодарск ул Сороколетия победы Электронная по--- Суть обращения: Нарушены все сроки доставки.",Отслеживание отправлений,96aae1e652d6a94590718a980a5570d1dca4c384d2d4b5a90ef0a4b783c7cfd1,1717,1
40574983,"Тема письма: RE: Заказ + Подарок Текст письма: Добрый день. Не смогла открыть файл для распечатывания бланка на конверт, помогите пожалуйста пришлите вланк в нормальном формате С уважением / Best re--- тел. ()--, дирекция ---- Диана Кузьмина From: Кузьмина ---] Sent: Tuesday, August , : AM To: Кузьмина Диана Subject: Fwd: Заказ + Подарок -------- Пересылаемое сооб--->; Тема: Заказ + Подарок; :, августа г., ""Почта Рос--->: Здравствуйте! Вы успешно оформили отправление с трек-номером в онлайн-сервисе Почты России. Сдайте отправление в любое отделение, продиктуйте трек-номер сотруднику отделения или покажите штрихкод на экране вашего устройства и ожидайте списания оплаты за отправку. Масса: г. Предварительная стоимость пересылки: , руб. Окончательная стоимость будет рассчитана при приёме отправления. Убедитесь, что Ваша подписка действительна и на счету достаточно средств для совершения операции. Бонусы для начисления будут рассчитаны от окончательной стоимости. Если у вас остались вопросы, зайдите в раздел помощи или отправьте нам сооб--- или свяжитесь с нами по телефону --. С уважением, команда Почты России Вы также можете отследить своё отправление в официальном приложении Почты России. Приложение поможет вам добавлять неограниченное количество отправлений, получать пуш-уведомления об изменении статусов, заполнить бланк извещения, вызвать курьера или заказать доставку посылки на дом, получить информацию об отделении.* * Доступность услуг доставки и вызова курьера зависит от типа отправлений и региона обслуживания. Служебное письмо от Почты России. Поддержка: ----. Apple и логотип Apple являются зарегистрированными товарными знаками компании Apple Inc. в США и других странах. App Store является сервисным знаком компании Apple Inc. Google Play и логотип Google Play являются товарными знаками корпорации Google Inc. Доступность услуг доставки и вызова курьера зависит от типа отправлений и региона обслуживания. -------- Конец пересылаемого сообщения -------- -- Отправлено из мобильного приложения Яндекс.Почты",Отслеживание отправлений,d0dc640374d8136f191789106ff3eee8c5f3d67290cf5a04d4ff5c8a5458eb23,1719,1
40580541,Добрый день! Для отслеживания кода для регистрации госуслуг нужно зарегистрироваться на сайте Почта России? При переходе по ссылке без регистрации не показывает местонахождения письма,Личный кабинет,bff6ed6efdb3d24c330137d44765c62f661c6d4737b610e2dfa16d7369edbc2a,1721,1
40583232,"Здравствуйте, наш договор , организация МСРО ""Содействие"" ИНН , обращаюсь к Вам не первый раз с этой проблемой. Невозможно распечатать отчет об отслеживании в разделе архив. я вложение прикрепила, справа ничего не отображается, даже я если скопию трек номер, он пишет выберете отправление из списка",Отслеживание отправлений,dbea79b131f56cd3269a6266e0254622fd8d819405f1870750f764e076e4d3b8,1725,1
40583419,"Я смогу получать отправления по смс коду? я получаю письма и в личном кабинете указано, что получать по смс коду можно. Почта России должна купить мне гаджеты? Где можно просматривать QR - коды? в письме указано как получать отправления вам видно по СМС точка письмо получил сегодня Петр--- LKCN",Отслеживание отправлений,8acef1c9a9ffbc3a90cefc537ed108b0532d9f5feb848d0ba28b2615d55cb0c7,1726,1
40584750,"Подробное описание возникшей проблемы (точная последовательность действий)​​ Здравствуйте, раньше корректность адреса можно было проверить на странице https://www.pochta.ru/RU/post-index?restore=true , но сейчас выдает ошибку . Сервис проверки адресов больше не доступен? в прошлом месяце уже писал в техподдержку, что перестала работать страница сайта https://www.pochta.ru/RU/post-index?restore=true . Страница до сих пор недоступна ИНН ООО ""БАШРТС"" No -/ от мар. г.",Проблема с адресом\индексом,193453716c7ea331544bafba0a183c53550c787b89a1f1ad49cb5fc5df035e16,1727,0
40586282,"Инн: Добрый день! У ООО «ФИНФОРТ Р&Д» (ИНН ) есть личный кабинет для бизнеса, в котором мы можем отслеживать корреспонденцию поступившую в г.Астрахань (филиал компании). Но у компании есть и юридический адрес в г. Москва и еще один филиал в г.Краснодар. Можем ли мы и каким образом отслеживать корреспонденцию, поступившую по адресу в г. Москва и г. Краснодар в одном личном кабинете? Можно ли в личный кабинет добавить еще два адреса компании?Ответы на ваши вопросы в Базе Знаний. Вы также можете посмотреть видеоинструкции по работе с личным кабинетом на YouTube канале. С уважением, Команда сервиса otpravka.pochta.ru АО «Почта России»",Отслеживание отправлений,07389af704d9e643a474316eb59e918877adbda1be915feb63a80c4b1dda1039,1728,1
40588733,"Тема письма: Не приходят уведомления Текст письма: Не приходит уведомления на новый номер телефона, не могу узнать о поступлений денежных средств, социальных пособиях -- Отправлено из VK Почта для Android",Уведомления по электронной почте,abb7c7bd3a770b336cef4cf3dc6463919b77168f2aecbf40beadd14b2f95e0cc,1730,0
40588810,Тема письма: ЗАКАЗ Текст письма: Добрый день. мы сделали заказ на курьерскую доставку. Наше отправление уже находится в отделении почтовой связи,Проблема с ОПС/доставкой,837c07037bd303df0134dd7781e5581cee5d126b7891bdb490a4872062f5b6eb,1731,1
40589429,"Тема письма: Сервис трекинга /Другое Текст письма: Тематика: Сервис Трекинга. Жалобы/предложения Канал поступления обращения: По телефону Дата поступления обращения: : --- Телефон: + Индекс ОПС: Номер ШПИ: Электронная почта кл--- Суть обращения: Просьба уточнить информацию по последнему статусу ""Прибыло в место вручения Московский АСЦ"". Если статус поставлен ошибочно, просьба удалить и поставить актуальные статусы.",Прочее,bb9fca59253f106f59d7ff7f1937045ab47351d246695bd4501c5d65e3ba1765,1733,1
40591040,"Здравствуйте, оформляла отправление онлайн. Ввела данные, произвела оплату, но сервис пишет, что ""Платеж не принят платежной системой"", хотя деньги с карты списались. Номер отправления ZQQWEMJV. Оформляла от имени юридического лица ООО ""УПК"". Чек об оплате и скриншот из личного кабинета приклад---",Ошибки оплаты,dd10065241a840e72db6c5877a6bbe7510488e839a112a4cced10513149f91f6,1735,0
40591227,"Тема письма: Сроки доставки Текст письма: Здравствуйте. Почему мне отправили посылку авиа, из Москвы до Благовещенска, заплатив такие большие деньги за доставку т.р . должна была дойти как уверяли за дней. Сегодня она уже в пути дней. И написано задерживается, извините. Что за дурдом вообще, зачем тогда людей вводить в заблуждение и брать такие огромные деньги. -- Отправлено из Mail для Android",Посылки,689a66e03963c7945aa3d61563a3964ff87d9e35fc4e6cd436a5ea98dc69ac58,1736,0
40591579,"Тема письма: Проблемы с учетной записью при входе в Мобильное приложение или сайт Почты России Текст письма: Тематика: Проблемы с учетной записью при входе в МП/Сайт Канал поступления обращения: По телефону Дата поступления обращения: : .--- Телефон: + Индекс ОПС: Электр--- Суть обращения: Клиент только зарегистрировался на сайте, а у него почему то присутствует информация по отправлениям, которых клиент не отправлял и к которым клиент отношения не имеет.",Отслеживание отправлений,dfe92f7123a22eba2f99152ec797770daf49a0970ef333f404ed29172e1b4d56,1737,1
40594422,"Коллеги, клиент оформлял электронную декларацию по отправлению RSRU, Таможня не видит ее в электронном виде, возможно ли выслать повторно? Земсков Владимир---",Посылки,ed67857320424a4f6d37777565904bc79d3515efdb6153395dbdc464125ea547,1739,0
40596848,"Тема письма: По поводу заказа. Текст письма: Добрый день. По какой причине, посылка покинула город в который доставлялась? Чтобы, через день снова вернуться? -- Отправлено из Mail для Android",Электронные обращения,386c941f1ad25001a40493093fcd6da30a9ea6b1e604934e072cb4414f2d4cd0,1742,1
40597752,"Запрос: Добрый день! Не могу понять, горит кнопка оплатить, нажимаю, ничего не происходит. я добавлял номер СБП в момент оформления отправления и выбора способа оплаты, не привязалось. Информации по карте нет в личном кабинете. Трофимов Р---",Письма\бандероли,1a94a0a8b2548eb975ab87a8da5c2a9914aba68d1535831d4c427a8734149fe3,1743,1
40597799,"Добрый день! Никулин--- В ЛК на портале появились РПО, которые мне не пренадлежат: EFRU, , , , , , EDRU, , , , , , , EFRU, , , , , , , , , , , . В МП этих отправлений нет. Прошу их удалить с моего ЛК, а также разъяснить почему они были добавлены ко мне именно на портале.",Отслеживание отправлений,2c3f7afa9dcbc952a51c0ffe7dd7b1e25cad265687984809e117fc2d805993a9,1744,1
40598364,Тема письма: Жалоба Текст письма: Посылка с трек номером Находится на сортировке Московский АСц Льговский с / Прошу принять меры по розыску посылки и обеспечить её дальнейшее следование к адресату,Электронные обращения,13b4d9112163bed62d27f567cc194ad98aca2d81dc48192636db090332077a4b,1745,1
40598641,"Тема письма: Тема отсутствует. Текст письма: Здравствуйте, жалуюсь на Вас, посылку отправила .. из Пятигорска в Лобню, до сих пор не приехала на место назначения. Что происходит? Из Дмитриева до Лобни, минут езды. Неужели, до сих пор с августа Вы не можете ее привезти. Я всегда пользуюсь вашим услугам.Но такого безобразия ещё не было!!! Примите пожалуйста меры!!!",Электронные обращения,b4e2d319449b58a6a329607ed0627a00f39c397f9d5d4eb8679f0f5d0b009e60,1746,1
40600808,"здравствуйте, почему письма адресованные ООО ЛК приходя ко мне? мое Ф---",Отслеживание отправлений,64425e8831af3bb9e1cdcde05df65412bdf856b98fb340dce7b076447a617b34,1747,1
40601195,"Тема письма: Проблемы с учетной записью при входе в Мобильное приложение или сайт Почты России Текст письма: Тематика: Проблемы с учетной записью при входе в МП/Сайт Канал поступления обращения: По телефону Дата поступления обращения: : .--- Телефон: + Адрес заявителя: , Российская Федерация, г Москва, ул Черкизовская Б., д. , стр. , кв. Индекс ОПС: Номер ШПИ: Учетная запись: + Электронная почта кл--- Суть обращения: на сайте почта ру у клиента профиль изменился на другого человека и появилось отправление просьба рассмотреть ситуацию и решить проблему",Отслеживание отправлений,cd42a775b684ac6982a9d0d9515533c6f4fe0f5f78863094f07efff349a3c2c0,1748,1
40602205,"Тема письма: Государственные услуги - Электронные заказные письма/Жалоба Текст письма: Тематика: Электронное заказное письмо Канал поступления обращения: По телефону Дата поступления обращения: : .. --- Телефон: Адрес заявителя: , Российская Федерация, обл Ленинградская, р-н Ломоносовский, гп Новоселье, пр-кт Питерский, д. , кв. Номер ШПИ: Электро--- Суть обращения: Клиенту нужно оформить отчет ему нужно откуда ушел и куда пришел и куда вернулся отправления нужно чтобы были указаны в отчете данные но это не получается оформить. Просьба помочь.",Отслеживание отправлений,f16f231f4c6cb16ca92c5030f348c3caf1ca84e9bb2f0ef5731d7b0236e66c66,1750,1
40602412,Не прошла оплата онлайн по отправлениям с карты.,Массовая отправка,214d0f2313eb2acfca0fcb8de456b3f02dbeb198d01711765f8ba44f3f768107,1751,0
40603536,"Тема письма: Сервис трекинга /Другое Текст письма: Тематика: Сервис Трекинга. Жалобы/предложения Канал поступления обращения: По телефону Дата поступления обращения: : .. ---теля: , Российская Федерация, обл Кемеровская область - Кузбасс, р-н Гурьевский, г Гурьевск, ул Ключевая, д. , к. А Индекс ОПС: Номер ШПИ: ******** Электронная почта клие--- Суть обращения: Последний статус: .., Обработка. Прибыло в сортировочный центр-. Прошу убрать некорректный статус.",Отслеживание отправлений,ffb33535fc42715e96da666bbf60d820c46d51f8bdc5818b4b9779251a2a24d8,1754,1
40607616,"Тема письма: Услуги для населения/Самостоятельная регистрация отправлений Текст письма: Тематика: Самостоятельная регистрация отправлений Канал поступления обращения: По телефону Дата поступления обращения: : .--- Телефон: + Адрес заявителя: , Российская Федерация, обл Свердловская, г Асбест, ул Мира, д. , кв. Номер ШПИ: Учетная--- Электронная почта --- С--- отображаются отправок от моего имени от августа, я ничего не отправлял, прошу разобраться.",Отслеживание отправлений,eb143c21eb524055398eb2cf3b34c9d995bf9c5e9a317300b3fc0e75c2f58709,1757,1
40608714,"Инн: Прошу отменить запрос No , в связи с решением вопроса. Заранее благодарю!Ответы на ваши вопросы в Базе Знаний. Вы также можете посмотреть видеоинструкции по работе с личным кабинетом на YouTube канале. С уважением, Команда сервиса otpravka.pochta.ru АО «Почта России»",Личный кабинет,c3aadf9fee3f443570a2f3c89d50bbb3e3e7e90a23d7a94baed30aae9d7d0c6e,1760,1
40609229,"Тема письма: Сервис трекинга /Другое Текст письма: Тематика: Канал поступления обращения: По телефону Дата поступления обращения: : .--- Телефон: + Адрес заявителя: , РОСТОВСКАЯ НОВОЧЕРКАССК Электронная по--- Суть обращения: на сайте не отслеживается трек номер отправления, могу отследить только ранее введенные, новые нет возможности отследить. Прошу устранить данный сбой.",Отслеживание отправлений,be2e1f3b884fc34b3e82997df553c85c881e049c8eebf44fe4905e08a8fb0ea8,1762,1
40609871,"Тема письма: Сервис трекинга /Другое Текст письма: Тематика: Сервис Трекинга. Жалобы/предложения Канал поступления обращения: По телефону Дата поступления обращения: --- Телефон: + Адрес заявителя: , Российская Федерация, обл Смоленская, г Смоленск, ул Ломоносова, д. А, кв. Номер ШПИ: Электронная--- Суть обращения: У клиента Пропала информация по отправлениям не возможно отследить.",Отслеживание отправлений,071ff5bd454e27e89fe8e42ed4f82a29bc1991c73be348fbbcd93bf063db5078,1763,1
40610821,"Тема письма: Сервис трекинга /Другое Текст письма: Тематика: Сервис Трекинга. Жалобы/предложения Канал поступления обращения: По телефону Дата поступления обращения: : .. Ф--- Телефон: + Адрес заявителя: , Российская Федерация, обл Смоленская, р-н Смоленский, д Жуково, ул Мира, д. , кв. Индекс ОПС: Номер ШПИ: --- Электронна--- Суть обращения: Прошу убрать некорректный статус возврат, так как посылка уже получена адресатом",Отслеживание отправлений,a01b4f260b50f8e322dbbe30f50ca7a6b61829c4c7f04c2a5e39e9336152fd8c,1765,1
40610934,"В личном кабинете не отслеживаются отправления показывет пустое окно. кэш и куки---, ,---,",Отслеживание отправлений,ecf39874aad56b8be3c24c415be6f0b98e494c8d90f85d3318899fdb0043e0d1,1766,1
40610944,"Добрый день! В личном кабинете почты неверно указан мой адрес (указано: отделение No, Речная улица, ). Мне написал человек, живущий по этому адресу, ему каким-то образом видно мои данные (номер телефона, ---тправления). Как это исправить? Корректный адрес: Обл. Мурманская, г. Мурманск, ул Маяковского, д. кв. , индекс Койкова София Д--- Просьба помочь в решении вопроса клиента. Спасибо.",Личный кабинет,7bc44793e37d624245739ba28cf60ded97f7ba80d265d4513c435e71258f522d,1767,1
40610985,"Тема письма: Сервис трекинга /Другое Текст письма: Тематика: Сервис Трекинга. Жалобы/предложения Канал поступления обращения: По телефону Дата поступления обращения: : .. Ф--- Телефон: + Адрес заявителя: , Российская Федерация, обл Смоленская, р-н Смоленский, д Жуково, ул Мира, д. , кв. Индекс ОПС: Номер ШПИ: --- Электронна--- Суть обращения: Прошу убрать некорректный статус, так как отправление уже вручено адресату.",Отслеживание отправлений,a01b4f260b50f8e322dbbe30f50ca7a6b61829c4c7f04c2a5e39e9336152fd8c,1768,1
40611182,"Инн: Прошу вас мне помочь с получением распечатанных бланков С (х мм) Отправлений: RSRU RSRU К сожалению, я не могу у себя их загрузить система пишет: не удалось загрузить документ Система их якобы грузит, но файлы не открываются. Я уже, что только не делал со вчерашнего дня. Думал сегодня восстановится, и удалял, и заново заводил чтобы заново подгрузить новые бланки, не получается. Осталось только надежда на вас. Помогите мне пожалуйста письма срочные, хотелось бы отправить. Спасибо. Ответы на ваши вопросы в Базе Знаний. Вы также можете посмотреть видеоинструкции по работе с личным кабинетом на YouTube канале. С уважением, Команда сервиса otpravka.pochta.ru АО «Почта России»",Личный кабинет,87c62097a33a8bec75c8f9740970cda94c912161e788a749441b745460ab99e9,1769,1
40611447,"Тема письма: Смена номера Текст письма: Добрый день. Хочу поменять номер в личном кабинете, пишут номер используется. Помогите, пожалуйста -- С ува---",Прочее,175ec4eb2b7f90b9d9a079018dffe7f5cc04c0dd5ee102fc033166f7250c0141,1770,1
40611668,"Тема письма: Сервис трекинга /Другое Текст письма: Тематика: Сервис Трекинга. Жалобы/предложения Канал поступления обращения: По телефону Дата поступления обращения: : .. ---еля: , Российская Федерация, АО Ханты-Мансийский Автономный округ - Югра, г Сургут, ул Александра Усольцева, д. , кв. Индекс ОПС: Номер ШПИ: Адрес почтомата: Учетная запись: есть Электронная почта клиента: severstell@yandex. ru Суть обращения: Сотрудник ОПС отказалась выдавать РПО по доверенности и при наличии штрих кода.ТРебовала только QR в приложении Моб устроийсво получателя по доверенности не поддерживает установку приложения .Прошу разрешить подобную ситуиацию на будущее",Электронные обращения,982ee11d2b0f2f2009176055fcc4234cb745f00236830e000acd8527cbb5a1c7,1771,1
40611936,Тема письма: Тема отсутствует. Текст письма: Отличное,Прочее,f08dd191fc6a1136e7de55141f3fda6948db18c0cbfbe979697af26b25a00ff5,1772,1
40613097,"Тема письма: Нет почтальона Текст письма: Здравствуйте! Прошу Вас написать мне официальное письмо, что в г. Иркутск по адресу Переулок Строительный кв не было доставлено извещение заказного письмо в виду отсутствия почтальона. При обращении в почтовое отделение по данному адресу , заведующая почты сказала что почтальона нет в течении лет С уважением, Кашарова Алена Тел. Отправлено из Mail для Android",Электронные обращения,e3a403d756639ebe908dcc5c05f0c831350e7196043caf786950747f14e4e59e,1773,1
40613843,"Добрый день! Мне на email поступили письма о том, что отправления вручены Уточните кто отправитель и кто получатель по данным отправлениям, я ничего не отправлял. ---",Уведомления по электронной почте,46aa34f91ac8a391e53b7db23eea86c6f5b69d6d5995bb83444ad2136eaec80e,1775,0
40613906,"Тема письма: Сервис трекинга /Другое Текст письма: Тематика: Сервис Трекинга. Жалобы/предложения Канал поступления обращения: По телефону Дата поступления обращения: : .. --- Телефон: + Индекс ОПС: Номер ШПИ: Элект--- Суть обращения: Номер обращения . По данному запросу была просьба розыска наложенного платежа. Ответ получен, но это отписка. Конкретного ответа на розыск платежа наложенного клиент не получил.",Отслеживание отправлений,9c326ff92228570e573c25aba42b83637e651fd17d46e3620ae92f23e02b1f31,1776,1
40614373,"Тема письма: Услуги для населения/Самостоятельная регистрация отправлений Текст письма: Тематика: Самостоятельная регистрация отправлений Канал поступления обращения: По телефону Дата поступления обращения: : .--- Телефон: + Адрес заявителя: , Российская Федерация, обл Вологодская, р-н Грязовецкий, п Льнозавода, ул Речная, д. , кв. Индекс ОПС: Номер ШПИ: Электронная поч--- Суть обращения: При самостоятельной регистрации отправления через личный кабинет почты России, присвоился трек номер. Клиент принес отправление в опс, оператор не принимает отправление. Говорит что трек номер неактуален. Помогите разобраться в ситуации. Направьте ответ клиенту на электронную почту.",Проблема с ОПС/доставкой,44811ccd1fe08fcfe3bb817a0989e52d14c783e6ed91093754e6d65c9d427da6,1777,1
40614881,"Тема письма: Сервис трекинга /Другое Текст письма: Тематика: Сервис Трекинга. Жалобы/предложения Канал поступления обращения: По телефону Дата поступления обращения: : .. Ф--- Телефон: + Адрес заявителя: край Краснодарский, р-н Крымский, г Крымск, ул Лермонтова, дом Индекс ОПС: Номер ШПИ: Электро--- Суть обращения: .. : Обработка Сортировка Абинск УООП .. : Обработка Покинуло место приёма Киров",Отслеживание отправлений,7a7b527ab6a5a6c70a9c93ecdbea8474a2deb4aed6a7617eaf26bb4fd1315ec9,1778,1
40614919,"Тема письма: Услуги для населения/Самостоятельная регистрация отправлений Текст письма: Тематика: Самостоятельная регистрация отправлений Канал поступления обращения: По телефону Дата поступления обращения--- Телефон: + Адрес заявителя: , Российская Федерация, обл Ленинградская, р-н Всеволожский, д Заневка, ул Ладожская, д. , кв. Электронная--- Суть обращения: клиент простит проверить работу ЛК не может самостоятельно офоримить посылку к отправке",Посылки,c3f8712ec84ea164762c538ccf660d287879aebfe4696ac1d88b84dfadcc5485,1779,0
40615355,"Тема письма: Услуги для населения/Самостоятельная регистрация отправлений Текст письма: Тематика: Самостоятельная регистрация отправлений Канал поступления обращения: По телефону Дата поступления обращения: : .. --- Телефон: + Адрес заявителя: , Российская Федерация, обл Московская, г Балашиха, мкр. Ольгино, ул Граничная, д. , кв. Электронн--- Суть обращения: При оформлении предзаполненных писем в личном кабинете при скачивании трек-номера, скачивается пустой файл. Нет возможности распечатать трек- номер. Прошу оказать помощь в решении данного вопроса",Отслеживание отправлений,1e9842f9e4674ac73b3e04951eb6407f58a3a566bc5a72802aa4ac68a4b4901a,1781,1
40615964,"Тема письма: Услуги для населения/Самостоятельная регистрация отправлений Текст письма: Тематика: Самостоятельная регистрация отправлений Канал поступления обращения: По телефону Дата поступления обращения: : .--- Телефон: + Адрес заявителя: , Российская Федерация, г Санкт-Петербург, пр-кт Ленинский, д. , к. , кв. Электронная по--- Суть обращения: Клиент оформил простое письмо на сайте, но принёс для отправки не в то отделение, на которое оформлял. Спустя дня клиенту пришла информация, что срок приема отправления в отделении (указанном при оформлении) истёк, оплата отменена. Но так как письмо было всё же отправлено в другом отделении, клиент хотел бы всё таки оплатить услугу. Просьба связаться с клиентом и подсказать как оплатить услугу.",Письма\бандероли,e188863c4b7f3704882b0ce321346c20cefc11b34218dd3cfd3f23a264873c61,1782,1
40616704,"Тема письма: Поиск пропавших почтовых отправлений Текст письма: Добрый день! Прошу зарегистрировать данное обращение и рассмотреть его по существу. Ранее уже неоднократно подавали претензию на розыск почтового отправления через онлайн сервис https://www.pochta.ru/claim, однако сотрудники отправляют шаблонные ответы, не связанные с содержанием претензии. На данный момент письмо получателем и его представителями не получено, статус ""вручено"" на сайте Почты России некорректный, ошибочный. Просим провести проверку и предоставить информацию о местонахождении утерянного письма. Ответ по обращению прошу предоставить ответным письмом по электронной почте. Текст претензии, копия доверенности представителя, а также ответ АО ""Почта России"" на ранее оставленное обращение во вложениях -- С уважением, Анастасия Бурнина Юрист Юридическая фирма «Мазка, Метёлкин, Бушмин и Партнёры» + () -- https://mbp.ru",Отслеживание отправлений,a80a157b4b682ab152734f071517887d5ec890c39ef74c3d4d68b061f4308216,1783,1
40617165,"ООО ""ГОРГАЗ"" ИНН No -ОФ Добрый день. Подскажите, пожалуйста, почему невозможно скачать отчет - отслеживание письма? Или подскажите как это сделать. Напрмер нажимаю на трек номер, переводит на отслеживание, правее неактивно ничего, обычно выходит информация об адресате и кнопка отчет. Сегодня нет данной функции. У нас обновлен браузер. по некоторым адресатам проблем нет, по некоторым есть проблемы Юлия",Отслеживание отправлений,d1026b919471cfa3401257b8f9fb523017bdd21ac597338695b637977a9f000a,1784,1
40620169,"Добрый день! Уже несколько лет получаю уведомления о посылках и чеки об оплате почтовых отправлений из отделения в Краснодаре. Например: отправление , отправление RSRU, отправление и т.д. Я нахожусь в Москве. Вероятно, в Краснодаре моя полная тезка. На предыдущее мое обращение пару лет назад по этой ситуации получила ответ, что система оповещения пока в тестовом режиме работает... Прошу исправить ситуацию и разделить аккаунты. Пример на скриншоте - получатель---. Но это не я. Жесткова Елена Але--- +()--",Личный кабинет,bdf968f634b57f5d3a07586bc3902d099759e3c510f5b55dd1d6d70e132fea6a,1785,1
40622838,Тема письма: Сервис трекинга /Другое Текст письма: Тематика: Сервис Трекинга. Жалобы/предложения Канал поступления обращения: По телефону Дата поступления обращения: : .. ---ндекс ОПС: Номер ШПИ: Электронн--- Суть обращения: и старые трек номера от года. Просьба обновить. Отправлены были ..г .,Отслеживание отправлений,a78c2debbad4fb1daa2bad9748042d5f686372008b7c96f339cdfa56baff502c,1786,1
40623724,"Тема письма: ПЭП, Е. Жалоба Текст письма: Тематика: Простая электронная подпись Канал поступления обращения: По телефону Дата поступления обращения:--- Телефон: Адрес заявителя: , Российская Федерация, г Москва, ул Паршина, д. , кв. Индекс ОПС: Номер ШПИ: CXCN Электронн--- Суть обращения: При составлении заявки на доставку РПО кл перебрасывает опять в начало и пишет,что нет ПЭП.У кл она есть. Просьба помочь в решении вопроса",Проблема с ОПС/доставкой,e4a4f9275006ce9e227035629cbd401ea4893b5c71b5b417d61524c8d20a9b15,1789,1
40624063,"Тема письма: Задержка посылок, прошу разобраться Текст письма: Добрый день! Посылки не двигаются с промежуточного узла с августа. EEAE (на мое имя - Козлюк А.В.) EEAE (на имя супруги - Олюнина Т.А.) Т.е. они уже были в этом узле и снова отправили туда. Проверьте, пожалуйста. Когда они приедут уже ко мне? С уважением, Артём",Отслеживание отправлений,1ac99d0b8dc27de019f6fdcb466a91fc1dd8066bda03f9c936f7fe3089d6cf0e,1790,1
40624248,"Тема письма: Услуги для населения/Самостоятельная регистрация отправлений Текст письма: Тематика: Самостоятельная регистрация отправлений Канал поступления обращения: По телефону Дата поступления обращения: : .. ---ителя: , Российская Федерация, обл Московская, г Краснознаменск, ул Краснознаменная, д. Б, кв. Электронная почт--- Суть обращения: отключить платные смс уведомление при оформлении отправлении",Прочее,7ad8680a8b074d045d050a07caf839709917734071e7db3f8020dc9477626254,1791,1
40625337,"Тема письма: Re: Ответ на обращение No Текст письма: Добрый день. Внимательно рассмотрела Ваш ответ. Прошу уточнить. Вы пишите, что открытке присвоен статус ""Принято в отделении связи"". Но вы не уточнили, отделение связи ? Прошу предоставить информацию. -- Отправлено из Mail для Android пятница, августа г., : +: от Почта---: Уважаемый клиент, Во вложении к данному письму направляем ответ на Ваше обращение No АО ""Почта России""","Сервис ""Открытки""",748ba83b32cd685ea7f8b552ca63470defb77b9b5cb3c6eb01a3abcadcbf3fb3,1792,0
40626664,"Тема письма: Акция с промокодами/Клиент не может оплатить промокодом/промокод исчез из МП Текст письма: Тематика: Акции с промокодами и Мобильное приложение Канал поступления обращения: По телефону Дата поступления обращения: : .. ФИ--- Телефон: + Учетная запись: Электронная--- Суть обращения: Пользователю поступило Push-уведомление .. в :, что для него есть письмо с предложением оцифровки, но трек-номера в нем не указано. В мобильном приложении в Уведомлениях и в разделе Почта нет никакой информации по этому письму. Клиент просит разобраться в этом вопросе.",Отслеживание отправлений,749135aa2f9b6c70bb54b3c4de21293f62a7b5e406d6b822c5b953b907f99c88,1793,1
40627803,"Добрый день! Почему в моем ЛК нет информации о моих отправлениях, зато куда информации об отправлениях чужих, ко мне не имеющих абсолютно никакого отношения? И не нарушает ли это закона о персональных данных? Может, мои отправления тоже в каком-то чудом кабинете видны, если в моем кабинете их ---",Прочее,b598c7c8dc26060ad02e526a913075f94c4a71f4f814f360dc06db223cf06119,1794,1
40629597,"Тема письма: Сервис трекинга /Другое Текст письма: Тематика: Сервис Трекинга. Жалобы/предложения Канал поступления обращения: По телефону Дата поступления обращения: : .. ФИ--- Телефон: + Адрес заявителя: Респ Крым, г Ялта, с Оползневое, ул Генерала Острякова, д. Индекс ОПС: Номер ШПИ: Электронная по--- Суть обращения: Клиент отправил посылку не сохранил чек. номер отправления не пришло на почту. обычно приходит. трек номер.",Уведомления по электронной почте,48c7246e579eeae88ccea712654ae61c27ca129142c862d24d900a6661375c8c,1796,0
40630100,"Тема письма: Услуги для населения/Самостоятельная регистрация отправлений Текст письма: Тематика: Самостоятельная регистрация отправлений Канал поступления обращения: По телефону Дата поступления обращения: : --- Телефон: + Адрес заявителя: , Российская Федерация, г Москва, ул Академика Виноградова, д. , кв. Электронная почт--- Суть обращения: Клиент оформлял международную посылку, но трек номер не выходит и программа пишет: ""Сервис временно не доступен. Пожалуйста, попробуйте еще раз позже."" Прошу разобраться с этой ситуацией.",Посылки,9c77180d2268dd354459a22c49407cd6ebad9dda5a5eb68ae26d5d2a5b41e30e,1798,0
40630969,Здравствуйте. Со вчерашнего дня платёж по отправлению в обработке. Также система не позволяет распечатать опись и конверт отсутствует иконка Н---,Ошибки оплаты,62187ca43f86f49dd1281d3e4e32a49cdf0df1ba8b30f5b3867e1d3369cae6f3,1799,0
40631723,"Тема письма: Re: Аренда абонентского ящика Текст письма: Добрый день уважаемый клиент! Если у Вас технические проблемы по системе ЛК запрос можно оформить на сай---/help/#/ (на сайте дополнительно можно задать вопрос виртуальному помошнику) С часто задаваемыми вопросами по личному кабинету можно ознакомится на сайте АО Почта России. Спасибо за понимание! Отследить статус РПО Вы может---/tracking С уваже--- Главный специалист Отдел по работе с обращениями юридических лиц Центр поддержки клиентов АО «Почта России----- От ког--->; Дата отправки: Fri Aug :: GMT+ (Москва, стандартное время) Кому: Поддержка клиент----->; Копия: Тема: Аренда абонентского ящика Здравствуйте! Сегодня добавилась еще проблема. На этапе Параметры аренды при нажатии на Продолжить не происходит перехода на следующий этап. -- С Уваж---",Абонентский ящик,98ef09db3756a89800632e6d6f6ec630f5b5eebc1564aac02698c1e20d3b9ae9,1800,0
40632096,"У меня была подключена -факторная аутентификация, но Яндекс Ключ, с помощью которого она осуществлялась, стёрт с устройства вместе с данными. На сервере Яндекс Ключ ничего не хранил. Теперь я не могу войти в свой аккаунт. Как мне восстановить доступ? Я помню пароль. Проблема в -факторной аутентификации. Дело НЕ в пароле. Я его помню, и он принимается. Но затем требуется код из приложения-аутентификатора З---",Личный кабинет,b36b5ce792dcc60540e26836ce07ae636bf73f6b8f71714cf0d932ab32e6bc5b,1801,1
40632158,Тема письма: Жалоба Текст письма: посылка нр С Калининградсой области до адреса не может добраться первоначальный срок доставки был назначен на / теперь срок изменился уже на / безобразная работа на сортировке прошу принять меры к розыску посылки и дальшейшему сделованию к адресату. БЕСПРЕДЕЛ!,Электронные обращения,f47881dd5ff18beb8e4030a43c14a90f8f102ce9400df5290684f9d00bd2bc99,1802,1
40632712,"Тема письма: Тема отсутствует. Текст письма: Здравствуйте у меня нет возможности забрать посылку в будние дни и доверенность оформить некому. Нет ли возможности перебросить товар на другое отделение, соседнее там и в сб работают, , вот эти трек номера",Электронные обращения,91500a4aa21d1159f7e2d9ffe6e4cf938498fe66953cf03b93f0229d663fa28c,1805,1
40634079,"Добрый день. В личный кабинет Михейкиной Алины Андреевны добавляются чужие отправления от разных отправителей. Примеры отправлений: RBRU, , , Данные клиента: М--- А--- Анд---",Отслеживание отправлений,73b48c2c33fc6f86e5fc1f46838880d9a5df6c4248b48f80ed5306eda1f3d660,1811,1
40634978,"Тема письма: Сервис трекинга /Другое Текст письма: Тематика: Сервис Трекинга. Жалобы/предложения Канал поступления обращения: По телефону Дата поступления обращения: : .. ---теля: , Российская Федерация, обл Кемеровская область - Кузбасс, р-н Гурьевский, г Гурьевск, ул Ключевая, д. , к. А Индекс ОПС: Номер ШПИ: Электронная почта кли--- Суть обращения: Просьба удалить не корректный статус: .. : Обработка Прибыло в сортировочный центр Юрга УОСП. Из-за этого статуса сотрудники ОПС не выдали отправление адресату, сказали. что его нет в отделении.",Отслеживание отправлений,7c3b24ad9b82c69efe0bb81bfa4e93e6cba303fb2f0300e7a661f2eede341248,1814,1
40635241,"Тема письма: Сервис трекинга /Другое Текст письма: Тематика: Сервис Трекинга. Жалобы/предложения Канал поступления обращения: По телефону Дата поступления обращения: : --- Телефон: + Адрес заявителя: , Российская Федерация, край Хабаровский, г Комсомольск-на-Амуре, ул Калинина, д. , кв. Номер ШПИ: CLRU Электронна--- Суть обращения: Предоформленное ПО, деньги списаны в сумме рублей копеек, но посылка в ОПС не принималась, нет возможности отменить, чтобы вернулись денежные средства. Прошу проверить и устранить ошибку",Посылки,076d337b85285c979d0c80b40052bf9799fa654fa6dbfb0865b4093f4db3bef2,1815,0
40635355,"Тема письма: Пожалуйста задержите посылку Текст письма: Здравствуйте, не могу забрать сегодня посылку Задержите пожалуйста до --- CPKR Отправление CPKR оформлено на возврат -- Отправлено из Mail для Android",Отслеживание отправлений,dd8a293022033ea8d8d702e54a4ecc7c0fc538da45d367a3625c865c7ad423af,1816,1
40636179,Тема письма: Письмо Текст письма: Почему задерживают письмо в отделении? Как узнать когда дойдет письмо? -- Отправлено из Mail для Android,Электронные обращения,af1bbd4f7d569ece51293dde46c7a9f43cdd5e2aff6949269405a955073af055,1817,1
40638452,"Тема письма: Проблемы с учетной записью при входе в Мобильное приложение или сайт Почты России Текст письма: Тематика: Проблемы с учетной записью при входе в МП/Сайт Канал поступления обращения: По телефону Дата поступления обращения: : --- Телефон: + Адрес заявителя: , Российская Федерация, обл Тюменская, г Тобольск, мкр а, д. Б, кв. Электр--- Суть обращения: Коллеги, клиент не может поменять адрес в личном кабинете. Проблема: после ввода адрека не г---. Просьба принять меры.",Личный кабинет,d3066407a498beff0d8c7917263f7793d2dbc46ca59473900ca88fa6f8f8355c,1818,1
40638497,"Тема письма: Сервис трекинга /Другое Текст письма: Тематика: Сервис Трекинга. Жалобы/предложения Канал поступления обращения: По телефону Дата поступления обращения: : ..--- Телефон: + Адрес заявителя: , Российская Федерация, обл Тюменская, г Тюмень, проезд Стахановцев, д. , кв. Индекс ОПС: Номер ШПИ: Электронна--- Суть обращения: Отправление августа было принято в отделении, статус до сих пор не изменился. Просьба уточнить информацию и при необходимости откорректировать.",Отслеживание отправлений,56ef10c2fe56651d21700c4d991e62f261928fec74c1b43148303434f325abcf,1819,1
40639210,"Здравствуйте, клиет не может отслеживать все РПО в ЛК. - до какого то определенного количества я могу отслеживать письма. далее нарисован мужчина с коробкой. В прошлый раз пришлось удалитьь личный кабинет и завести новый. всё стало работать. сейчас опять поработало и всё. Я не могу постоянно заводить новые аккаунты. Наш айти отдел проверил, у нас сбоев нет. В---",Отслеживание отправлений,314e7942e9c8258686be178de872bb2b209a9458735c0647876227e9d6d63649,1820,1
40639224,"Тема письма: Сервис трекинга /Другое Текст письма: Тематика: Сервис Трекинга. Жалобы/предложения Канал поступления обращения: По телефону Дата поступления обращения: : .. Ф--- Телефон: Индекс ОПС: Номер ШПИ: Электронная --- Суть обращения: В отправлении по данному треку некорректно указана дата вручения отправления .., однако реально отправление было вручено получателю только .. Просьба откорректировать дату вручения в сервисе клиент уже неоднократно обращался по данному вопросу.",Отслеживание отправлений,02800951cd02a46ee6c654f46138d9f937be3ab0236ee0cbd8579c7bdad59b1b,1821,1
40639747,"Добрый день,по заказу No ZQQRGTWK и ZQQRGSWDMW нужно распечатать чек об оплате. Чек не поступал на электронную почту",Личный кабинет,263914593914a127d23daeadae070612c7659bd63c0918a1c5d1dcbc275d5b0d,1822,1
40641228,"Инн: не удается скачать отчёт об отслеживании почтового отправленияОтветы на ваши вопросы в Базе Знаний. Вы также можете посмотреть видеоинструкции по работе с личным кабинетом на YouTube канале. С уважением, Команда сервиса otpravka.pochta.ru АО «Почта России»",Отслеживание отправлений,a86f164fb0d59e3508b8645b38f6c39ea2a5f580c0913bec43b3a57ae9aec709,1826,1
40641641,"Тема письма: Сервис трекинга /Другое Текст письма: Тематика: Сервис Трекинга. Жалобы/предложения Канал поступления обращения: По телефону Дата поступления обращения: : .. --- Телефон: + Адрес заявителя: , Российская Федерация, край Красноярский, г Красноярск, ул Ленина, д. , кв. Индекс ОПС: Номер ШПИ: Учетная запись: + Электрон--- Суть обращения: Прибыло в почтомат , просим скорректировать два последних статуса , отправление находится в ОПС",Отслеживание отправлений,ae762ce78763782bd8fbdc9c8db9fb3a1f006da684bc28df8f0d634c48ffea78,1827,1
40642031,Тема письма: Сервис трекинга /Другое Текст письма: Тематика: Сервис Трекинга. Жалобы/предложения Канал поступления обращения: По телефону Дата поступления обращения: : --- Телефон: + Индекс ОПС: Номер ШПИ: Электронная--- Суть обращения: Просьба убрать неверный статус .. : Обработка Покинуло сортировочный центр Московский АСЦ. Кл не может получить РПО,Отслеживание отправлений,95aa4336e531787afcddc3826858c4795e25d303db5646821b4c3e58bb4e52d6,1828,1
40642207,"Тема письма: Сервис трекинга /Другое Текст письма: Тематика: Сервис Трекинга. Жалобы/предложения Канал поступления обращения: По телефону Дата поступления обращения:--- Телефон: + Адрес заявителя: , Российская Федерация, обл Московская, г Подольск, мкр. Кузнечики, ул Академика Доллежаля, д. , кв. Индекс ОПС: Номер ШПИ: Электронная поч--- Суть обращения: На территории Беларусь ошибочно стоит почтовое отделение Почты России. В связи с этим у нас с отправлением допущена ошибка. Просьба убрать для того, чтобы в дальнейшем кто либо не повторил ошибки отправки РПО на данное почтовое отделение",Проблема с ОПС/доставкой,6b28462586808769a7ada93765514e5f98584f2f57fd1d01b188ca19564bd4b2,1829,1
40643690,Тема письма: Письмо отправлено из Омска в Москву июля. Заплатили за быстрый перевод. Письмо до сих пор в пути. Номер отправления Текст письма: -- Отправлено из Mail для Android,Электронные обращения,b8656f0e3bbe351be86f470ab72ab05a5c9c5e92510214e3d5fb8e6e54bb70eb,1830,1
40643815,"Тема письма: Не могу зайти в аккаунт Текст письма: Добрый день! Прошу Вас помочь с входом в личный кабинет. Не могу зайти уже несколько месяцев. Пишет, что сейчас --- +---- С Уважен--- моб.тел. ----",Недоступность портала,58818f01756d9eac05dbfb9e16a15f893d2c8e7ecb7421c696dd298aa31e28cd,1831,0
40644009,"Добрый день! От моего имени отправлено посылок. Я их не отправляла. Обращения на горячую линию были бесполезны, т.к. сотрудники колл центра ничем мне не помогли. Было обещано, что со мной свяжутся из службы поддержки. За неделю так и не дождалась обратной связи. Требую разобраться в проблеме. А также настоятельно прошу прислать мне хотя бы на электронную почту уведомление, что я к вам обращалась, вы в курсе проблемы, отправления были отправлены от моего имени незаконно. ; ; ; ; ; ; ; ; ; . Б------ г. Калиниград, ул. Артиллерийская, А, кв.",Личный кабинет,25f549e06d2b3b122fa2bda4798f6daaa26328f0696e1a0f82549dafbbd4a998,1832,1
40644537,"Тема письма: Сервис трекинга /Другое Текст письма: Тематика: Сервис Трекинга. Жалобы/предложения Канал поступления обращения: По телефону Дата поступления обращения: : .. ---ителя: Российская Федерация, обл Москов---, ул Ленина, д. , кв. Индекс ОПС: Номер ШПИ: Эл--- Суть обращения: .. : Обработка Прибыло--- .. : Обработка Прибыло в сортировочный центр Московский АСЦ отправитель не может получить свое отправления обратно",Отслеживание отправлений,ce7d8850ef278b345252e155a6ed68f199fc80c28edc4d18b2328c580efda231,1833,1
40645658,"Тема письма: ПЭП, Е. Жалоба Текст письма: Тематика: Простая электронная подпись Канал поступления обращения: По телефону Дата поступления обращения: : .. --- Телефон: + Адрес заявителя: , Российская Федерация, обл Московская, г Солнечногорск, дп Поварово, мкр Локомотивный, д. , кв. Индекс ОПС: Номер ШПИ: Электронная почта к--- Суть обращения: Заявитель не отправлял данную посылку. Отправитель совершенно незнаком с тем кто отправил посылку. Кто-то воспользовался данными заявителя.",Отслеживание отправлений,361381ed5239f853bb543954cf76a25f90ac913cbe26b38c797aa4bf2aea147f,1834,1
40645668,Тема письма: Тема отсутствует. Текст письма: Почему посылка до сих пор не дошла до моего мужа,Электронные обращения,98a1c8b8e355013418cae456fe0f1c67a8cbb1aaeaeea9356a3c84055efd4368,1835,1
40645705,"Тема письма: Жалоба Текст письма: августа года по адресу ЯНАО, г. Новый Уренгой ул. Молодёжная б отделение АО Почта России, мне было отказано в приёме к отправке писем. Причиной послужило то, что я не пожелала отправлять их первым классом. ---, отказалась принимать на отправку письма, в связи с чем мною была подана жалоба в данное отделение. Данное поведение нарушает действующее законодательство РФ. Прошу принять дисциплинарные меры воздействия на данного сотрудника, а так же, прекратить навязывать услуги отправки писем по дорогому тарифу, в противном случае, мною будут поданы заявления о данных фактах в соответствующие органы. Ответ прошу направить по данному адресу электронной почты. В письме прилагаю заявление от .. года, и фотографии книги жалоб с указанием вышеизложенных фактов.",Электронные обращения,884aadc01dc1a7f719eb05447792436e32d653b1500cc351b490b921421d0a6b,1836,1
40645857,"Следующая проблема: Я ввожу адрес своей новой прописки, нажимаю ""Сохранить"", но ваша система н---",Проблема с адресом\индексом,27fcd9d50731fcf5a52b1096b039caa92eb6f959ccb4defa775f71c4feb5f54a,1838,0
40645963,"--- комментарий: Я не могу зайти на сайт;написано ,что заблакирован вход, ссылка на скрин: https://chat-ct.pochta.ru/file/rupost/d-dd-f-b-ecffc-cfb-f-b-b-eac.jpeg",Недоступность портала,3adcce6b83b024e8e33274e684a861d9e995da4f500954a5350c4591ff0d4ba2,1839,0
40650138,"Тема письма: Акция с промокодами/Клиент не может оплатить промокодом/промокод исчез из МП Текст письма: Тематика: Акции с промокодами и Мобильное приложение Канал поступления обращения: По телефону Дата поступления обращения: : .--- Телефон: + Индекс ОПС: Номер ШПИ: Учетная запись: + Электронная п--- Суть обращения: Клиент получил РПО в -х числах июля, просит убрать некорректный статус",Отслеживание отправлений,8f86c5e30be415de776b5349626e5a98a5db3cbb2293960c6f40304588684df5,1840,1
40650720,"Тема письма: Сервис трекинга /Другое Текст письма: Тематика: Сервис Трекинга. Жалобы/предложения Канал поступления обращения: По телефону Дата поступления обращения: : .. --- Телефон: + Адрес заявителя: обл Владимирская, р-н Вязниковский, д Шустово, ул Центральная, д. Индекс ОПС: Номер ШПИ: Электр--- Суть обращения: Просьба убрать не корректный статус .. : Обработка Прибыло в сортировочный центр Иваново УООП",Отслеживание отправлений,216f81c3cd23e1900d931052cb180f9bb60c348936a0669f25947cb77bdfd2bc,1842,1
40651641,"Тема письма: Обращение Текст письма: Здравствуйте Как оставить обращение с вложением? У меня некорректно списали деньги за отправку, так как оператор на почте перепутала габариты, хотел бы прикрепить заявление, фото чека, фото габаритов -- Отправлено из мобильной Яндекс.Почты: http://m.ya.ru/ymail",Прочее,07f542745a3aa3ed810f49144a5870c7e3c10cb14ca527d4e90c3869ad7c63db,1843,1
40652411,Тема письма: Сервис трекинга /Другое Текст письма: Тематика: Сервис Трекинга. Жалобы/предложения Канал поступления обращения: По телефону Дата поступления обращения: : .. Ф--- Телефон: + Номер ШПИ: Электронная п--- Суть обращения: Не работает отслеживание в ЛК через сайт,Отслеживание отправлений,b5f8acfc1def17944b7becc8e7e3bd819fc537aedb920b6f3f579c40d1975b03,1844,1
40652595,"Инн: Уже вторую неделю не работает функция отслеживания, либо работает выборочно, не по всем отправлениям.Ответы на ваши вопросы в Базе Знаний. Вы также можете посмотреть видеоинструкции по работе с личным кабинетом на YouTube канале. С уважением, Команда сервиса otpravka.pochta.ru АО «Почта России»",Отслеживание отправлений,85f298324a04eec35b3ead9ed8b1bc95cbecfba7606e774b5c14b82951ce0316,1845,1
40652673,"Тема письма: Re: вопрос так и не решили В Текст письма: Я все впм отправила,почему не решаете мой вопрос Отправлено из мобильной Почты Mail понедельник, августа г. в : +:----->: При ответе добавьте комментарий выше Здравствуйте! Для продолжения работ по запросу , ожидаем от Вас ответа на комментарий Польз--- добавил комментарий: Просьба указать название ресурса (сайта), на котором возникает проблема, на скриншоте нет данной информации. Инициатор: Служебный сотрудник чат CraftTalk Услуга: Почта.ID Вид запроса: Восстановление работоспособности Расположение: Местоположение не определено Расположение пользователя: Местоположение не определено Контактный телефон: + Контакт--- Описа---, комментарий: Я не могу зайти на сайт;написано ,что заблакирован вход, ссылка на---/file/rupost/d-dd-f-b-ecffc-cfb-f-b-b-eac.jpeg Для того, чтобы просмотреть подробную информацию, перейдите по ссылке Предоставить уточнение",Недоступность портала,bb549f2db77ddaadff974a0f617a85587d8750c3fffde87d5c0ae86c46b47bb1,1846,0
40653869,"Тема письма: Сервис трекинга /Другое Текст письма: Тематика: Сервис Трекинга. Жалобы/предложения Канал поступления обращения: По телефону Дата поступления обращения: : .. ---ителя: , Российская Федерация, обл Калининградская, г Калининград, ул Лейтенанта Калинина, д. , кв. Индекс ОПС: Номер ШПИ: Электронная почта клиент--- Суть обращения: после ""прибыло в место вручения"" идет ""прибыло в сортировочный центр""",Отслеживание отправлений,ee1a0ab0b6d1a21f915c26a0b4f57e94e1ec7e96feb83617186b781f3c890797,1848,1
40654579,Тема письма: Вход в личный кабинет Текст письма: Сайт не открывается((( -- Отправлено из Mail для Android,Прочее,572b9fdd4d6bc7877625b1364e62be5f81f0044cd7bfee7d8a161eec30daf572,1850,1
40656635,"Тема письма: Сервис трекинга /Другое Текст письма: Тематика: Сервис Трекинга. Жалобы/предложения Канал поступления обращения: По телефону Дата поступления обращения: --- Телефон: + Адрес заявителя: , Российская Федерация, Чувашия Чувашская Республика -, г Чебоксары, Московский проспект д кв Индекс ОПС: Номер ШПИ: Электронная поч--- Суть обращения: раза менял не актуальный статус РПО, получатель должен был оплатить посылку наложенным платежом, забрал из отделения .., не оплатив наложенный платеж и статус не изменился отправления",Отслеживание отправлений,cbe016d838fd47d6f854750b79c35c57253ecf2e811b74a5245751158c12a0ce,1852,1
40657684,"Тема письма: Услуги для населения/Самостоятельная регистрация отправлений Текст письма: Тематика: Самостоятельная регистрация отправлений Канал поступления обращения: По телефону Дата поступления обращения: : --- Телефон: + Номер ШПИ: Учетная запись: + Электронная п--- Суть обращения: Клиент оформил предоплаченое РПО на сайте, трек в ЛК не отображается",Отслеживание отправлений,8f1faf4a5f80e88631f1da669a5b2f0a6c1711443caffb02da4aae0b8de2e8a2,1856,1
40659022,"Тема письма: Услуги для населения/Самостоятельная регистрация отправлений Текст письма: Тематика: Самостоятельная регистрация отправлений Канал поступления обращения: По телефону Дата поступления обращени--- Телефон: + Адрес заявителя: Российская Федерация, обл Московская, г Чехов, ул Гагарина д. кв Индекс ОПС: Эл--- Суть обращения: в течении недели не могу получить доступ к сайту чтоб отправить письма. от ошибки доступ заблокирован. ати .... временная метка ,, указывает что включен ВПИН но он не включен. кроме того доступ к сайту залакирован из за подозрительной активности",Недоступность портала,efd5df73d15229fd7bf9d970fd8168aec6188cec46d64b5cde0fdfe492526ae6,1857,0
40659826,"Тема письма: Доставка Курьером Текст письма: Отвратительное отношение к своей работе у курьеров и операторов! Сегодня была записана к врачу,к которому записывалась два месяца назад! С дома присылали анализ и документ, сделали экспресс доставку заплатив за это деньги! Три раза звонила на горячую линию, оператор сказал,что отправил информацию курьеру который в свою очередь это всё проигнорировал! За что вы берёте деньги если не доставляете во время? Из за вас я не смогла попасть к врачу и потеряла т которые заплатила за приём заранее! Плюс ещё р за доставку курьера! Верните мне деньги которые Были заплачены зря! Я считаю,что за доставку платят когда это делается во время и сроки! -- Отправлено из Mail.ru для Android",Проблема с ОПС/доставкой,91391deb7b0b19dcdc02c38fdc00fa6be5e6ec332ee8042fd8ec9521f0058938,1859,1
40659843,"Тема письма: Сервис трекинга /Другое Текст письма: Тематика: Сервис Трекинга. Жалобы/предложения Канал поступления обращения: По телефону Дата поступления обращения: : --- Телефон: Адрес заявителя: , Российская Федерация, обл Владимирская, г Радужный, кв-л -й, д. , кв. Номер ШПИ: Электронн--- Суть обращения: .., Обработка, ? Рпо прибыло во Владимир",Отслеживание отправлений,2a899fb2fbdf13e07d287a40e411bc29853f6e3851cc31c467f5bd7d63a6f9bc,1860,1
40659910,Не поступило ЮЗЭУВ уведомление трек -номер Ф---,Прочее,e445f495861aa06e15288bffb6e19cc59d99c69a0dc9a609ac860916a12d94a4,1861,1
40661692,"Тема письма: Сервис трекинга /Другое Текст письма: Тематика: Сервис Трекинга. Жалобы/предложения Канал поступления обращения: По телефону Дата поступления обращения: : --- Телефон: + Адрес заявителя: , Российская Федерация, обл Самарская, г Самара, п Береза, кв-л -й, д. , кв. Номер ШПИ: LKCN Электро--- Суть обращения: Не работает раздел обращений.Не дает оставить обращение.",Электронные обращения,84f4a76fdf92b0503ec328fb4e574728640a847866a4371f3a38fa9d1b04b0f1,1862,1
40665565,"Добрый день! Прошу разобрать---сении трека не показывает отчет и так любые новые треки. У других отчеты показывают. Прилагаю вложения. ООО ""Газпромбанк Автолизинг"" ИНН ---",Отслеживание отправлений,cc02f1ea0d24a76066a8adf230c7da3f5dbececccda514d2dcf063f44559f089,1864,1
40667367,"Тема письма: Сервис трекинга /Другое Текст письма: Тематика: Сервис Трекинга. Жалобы/предложения Канал поступления обращения: По телефону Дата поступления обращения: : .. --- Телефон: + Адрес заявителя: , Российская Федерация, Респ Саха (Якутия), г Якутск, ул Губина д / Индекс ОПС: Номер ШПИ: Электронная почта к--- Суть обращения: длительный срок доставки отправления, клиентке самой пришлось искать почтовое отправление, в связи с чем была вынуждена тратить личные средства для покупки лекарств и памперсов",Проблема с ОПС/доставкой,e08c68e7c40647f1b672991ad2a12ac5858ffa10b8dfce4bfb79f6377db3ab9e,1867,1
40669444,"Тема письма: Сервис трекинга /Другое Текст письма: Тематика: Сервис Трекинга. Жалобы/предложения Канал поступления обращения: По телефону Дата поступления обращения: : .. --- Телефон: + Адрес заявителя: , Российская Федерация, обл Пензенская, г Пенза, ул Антонова, д. , кв. Индекс ОПС: Номер ШПИ: Элект--- Суть обращения: доставка посылки переносится каждый день сроки доставки смещаются. на сортировке посылка находится уже дней.",Проблема с ОПС/доставкой,f8fe8e8800e7adea5c2a7a439807ee443b99e28bccf1b34d3c016484e44b74cd,1871,1
40670862,"Тема письма: Услуги для населения/Самостоятельная регистрация отправлений Текст письма: Тематика: Самостоятельная регистрация отправлений Канал поступления обращения: По телефону Дата поступления обращения: : .--- Телефон: + Адрес заявителя: , Российская Федерация, обл Иркутская, г Иркутск, мкр. Юбилейный, д. , кв. Электронная почта к--- Суть обращения: При оформление посылок не распечатываются бланки",Посылки,b1dfddc5c4f5545e18c70ef56edd56388ed524aadca495f978ec22960842040c,1873,0
40670974,Тема письма: Тема отсутствует. Текст письма: Второй день не работает отслеживание писем. -- Т----,Отслеживание отправлений,64c21611ab9b6acbde485f14d98d3f72093237a9d03ce4074378a6075a384ffa,1874,1
40671055,Тема письма: Qr- код Текст письма: Добрый день. В отделении почты сотрудники всех просят предоставлять qr-код из личного кабинета. Это какое-то принуждение! У меня нет возможности скачать на телефон приложение Почта России. Сделайте возможность в личном кабинете на сайте видеть qr-код. С получением посылок каждый раз скандал в отделении у пользователей вашего сервиса. Спасибо. -- Отправлено из Mail для Android,Предложение по изменению,e2291e5f9a8422645a1672f57dde69f0b1f3df8a837cc7f321a739b3ddc34876,1875,0
40671484,"Тема письма: Услуги для населения/Самостоятельная регистрация отправлений Текст письма: Тематика: Самостоятельная регистрация отправлений Канал поступления обращения: По телефону Дата поступления обращения: : .--- Телефон: + Адрес заявителя: , Российская Федерация, г Москва, ул -я Радиаторская, д. , кв. Электронная п--- Суть обращения: Клиент хотел оформить ценное письмо на сайте и у него на стадии получить трек номер появляется запись - вы достигли ограничения в неоформленных отправлений. Пожалуйста оплатите онлайн или сдайте или удалите одно из отправлений на странице ""Мои отправления"" У клиента ""Мои отправления"" активны и когда клиент нажимает, его перекидывает на ""Все отправления"". Прошу разобраться с этой ситуацией и ответить клиенту на электронную почту.",Письма\бандероли,571dd3f2f080299142d992a86d10bb4bbfa3c4cb7e5a913025241078603cb716,1876,1
40672461,"Инн: Вопрос No: Почему нет сведений об отслеживании отправлений в личном кабинете ИП? В данных отправлений не указывается где находится посылка, в какой сортировке, в каком городе, покинули ли посылки Санкт-Петербург или находятся в сортировке на главпочтампте – ничего не ясно из зеленых надписей. При нажатии на трэк-номер в накладной – происходит автопереход на страницу с рекламой для поиска трэк номера, который должен переноситься автоматически, но ничего не происходит – вертится зависший кружок в строке поиска по трэк номеру и никакую информацию получить невозможно ни по одному из ниже указанных отправлений. Настройте, пожалуйста работу личного кабинета таким образом, чтобы из накладной был корректный переход в поиск по трэк номеру. Ответы на ваши вопросы в Базе Знаний. Вы также можете посмотреть видеоинструкции по работе с личным кабинетом на YouTube канале. С уважением, Команда сервиса otpravka.pochta.ru АО «Почта России»",Отслеживание отправлений,0c5896cf3120cdb02134ae99c6fd0bb4db37a768e5188746861a15de20de14e8,1877,1
40672629,"Тема письма: Жалоба Текст письма: Здравствуйте! Хочу оставить притензию,жалобу о доставки закозного письма из Чебоксар до Москвы. Которое идет неделю и еще не вручено. -- Отправлено из Mail для Android",Электронные обращения,84216c99e96ead4b973aec0b0fd4dd1e2dddfe1a0b05ab7f06331207f4179bc6,1878,1
40673325,Тема письма: Почтомат - Клиент/Жалоба Текст письма: Тематика: Вопросы по почтоматам Канал поступления обращения: По телефону Дата поступления обращения: : .. Ф--- Телефон: + Адрес заявителя: город Гатчина проспект Октября дом кв Индекс ОПС: Номер ШПИ: Адрес почтомата: город Гатчина Проспект Октября дом Учетная запись: Электронная почта клиента: нет электронной почты Суть обращения: по состоянию на по адресу проживания не вернулось заказное уведомление о вручении заказного письма адресату,Электронные обращения,4a4bd542790334514c7c6dcb2a108c24cab2cfd223c6212ea598ed3828553a1a,1880,1
40673773,"Тема письма: Сервис трекинга /Другое Текст письма: Тематика: Сервис Трекинга. Жалобы/предложения Канал поступления обращения: По телефону Дата поступления обращения: : .--- Телефон: + Адрес заявителя: , Российская Федерация, Респ Чеченская, р-н Шалинский, с Герменчук, ул Школьная, д. Индекс ОПС: Номер ШПИ: Адрес почтомата: Учетная запись: есть Электро--- Суть обращения: Нет обратной связи от ОПС",Электронные обращения,a09c6e79fb0f5db65bd3c3abd7db5ef17036ee24ec3fcd769bfdd9b768cc443e,1881,1
40674229,"Тема письма: Услуги для населения/Самостоятельная регистрация отправлений Текст письма: Тематика: Самостоятельная регистрация отправлений Канал поступления обращения: По телефону Дата поступления обращения: : .. Ф--- Телефон: + Адрес заявителя: , Российская Федерация, г Санкт-Петербург, пр-кт Коломяжский, д. /, кв. Электронная--- Суть обращения: При оформлении посылки на сайте, трек номер выдается, а распечатать бланк не дает. Прошу разобраться с этой ситуацией и сообщить клиенту на электронный адрес.",Посылки,a0d7d41e111c32c10c098085f23f50ae0c9ed2ec1cd58a0d50960cc009d6a4c2,1882,0
40674728,"Тема письма: Вручено ли письмо Текст письма: Здравствуй. Можно ли узнать вручено ли письмо от .. направленное по адресу: Республика Саха ( Якутия ) , Усть - майский район, п. Усть- мая, ул. Первомайская д. /, гражданину Хань Ваньши. Отправлено с почтового отделения .",Отслеживание отправлений,a649d0b7c8c6175e0d9461a79fbf882c9b0457768864d788b7fb46c8b9812ba9,1884,1
40677832,"Добрый день! Д--- телефон ---- При оформлении отправления выдает сообщение о достигнутом лимите неотправленных отправлений., предлагая перейти на вкладку отправлений и удалить некоторые. Кнопка удаления отсутствует, присутствует только ""не отслеживать"", которая не решает проблемы. Чистка кеша и куки, а также смена браузера не решила проблему.",Личный кабинет,31ad2ae87434aefcf4f393adca02ae46ba24093836469ad26c6326c62ad050e7,1886,1
40677866,"Добрый день! Д--- телефон ---- При оформлении отправления выдает сообщение о достигнутом лимите неотправленных отправлений., предлагая перейти на вкладку отправлений и удалить некоторые. Кнопка удаления отсутствует, присутствует только ""не отслеживать"", которая не решает проблемы. Чистка кеша и куки, а также смена браузера не решила проблему.",Личный кабинет,31ad2ae87434aefcf4f393adca02ae46ba24093836469ad26c6326c62ad050e7,1887,1
40681518,"Тема письма: ПЭП, Е. Жалоба Текст письма: Тематика: Простая электронная подпись Канал поступления обращения: По телефону Дата поступления обращения: : .. --- Телефон: + Адрес заявителя: , Российская Федерация, край Краснодарский, р-н Динской, ст-ца Динская, ул Красная, д. , кв. Индекс ОПС: Номер ШПИ: Электронн--- Суть обращения: в личном кабинете появляется информация об отправлениях других людей отношения к этим посылкам я не имею прошу исправить эту ситуацию",Личный кабинет,ca797091f5698c3ca6ffe57be95afd399a36413d73ed2a2ac0760f0315a7c61b,1891,1
40681635,"---жимаю «Войти», ввожу почту и код, но появляется сообщение, что почта уже используется. Как мне войти?, комментарий: Что с вашим сайтом? Я нажимаю «Войти», ввожу почту и код, но появляется сообщение, что почта уже используется. Как мне войти?, ссылка на скрин: https://chat-ct.pochta.ru/file/rupost/fb-fd-a-b-acc-a-c--f-ec.png",Личный кабинет,6ed5f892210e5f0fae626842de1b0f88579547d58d69bc1d0b1840f75771cef1,1892,1
40682351,"Тема письма: Проблемы с учетной записью при входе в Мобильное приложение или сайт Почты России Текст письма: Тематика: Проблемы с учетной записью при входе в МП/Сайт Канал поступления обращения: По телефону Дата поступления обращения: : --- Телефон: + Адрес заявителя: , Российская Федерация, обл Новосибирская, г Новосибирск, ул Сиреневая, д. , кв. Индекс ОПС: Эл--- Суть обращения: раньше на сайте , был ручной ввод адреса получателя, не вводиться отправить письмо с сайта, если адрес не занесен в адресную книгу.",Проблема с адресом\индексом,4ee2bd2eb15bf03da390f8623ea88664171687ea144f94f1c851959f159a059f,1894,0
40682506,"Тема письма: Акция с промокодами/Клиент не может оплатить промокодом/промокод исчез из МП Текст письма: Тематика: Акции с промокодами и Мобильное приложение Канал поступления обращения: По телефону Дата поступления обращения: : --- Телефон: + Адрес заявителя: , Российская Федерация, край Красноярский, г Красноярск, ул Менжинского, д. А, кв. Учетная запись: Эл--- Суть обращения: Не приходят уведомления по сервису электронных уведомлений на всю корреспонденцию.Требуется проверка.Все условия по получению информации из уведомления подключены.",Прочее,3f6a41f3cd0812d47948505e8d6fa674f1772b2da480712158888df99c6554ab,1896,1
40688041,"---ентарий: Не получается зайти в личный кабинет, ссылка на скрин: https://chat-ct.pochta.ru/file/rupost/ccdbd--e-f-fdceaad-ddaf-d--f-dfeb.jpg",Недоступность портала,e2316dd3de90806538f01040ec1abd31bcade3489037189d8d62121f58b11b88,1899,0
40688512,"Тема письма: Услуги для населения/Самостоятельная регистрация отправлений Текст письма: Тематика: Самостоятельная регистрация отправлений Канал поступления обращения: По телефону Дата поступления обращения: : .--- Телефон: + Адрес заявителя: , Российская Федерация, г Москва, ул Островитянова, д. , к. , кв. Номер ШПИ: Электронная почта кл--- Суть обращения: Клиент оплатила доставку по ссылке на электронную почту, но ей продолжают приходить уведомление о том, что недостаточно средств для оплаты.",Личный кабинет,434f4d171860d132bfa7b41291e533727ac4b39421554d76f0fc8954c97c4c02,1900,1
40689115,"Тема письма: Тема отсутствует. Текст письма: Добрый день. Не получается отправить телеграмму онлайн. Карта для оплаты пока не привязана, но как то её привязать нужно, для этого на других сайтах все есть, или понятно. -- Отправлено из Mail для Android",Прочее,cbfdcee0761e11073215d970a64c4d9c99e8d9843956153c035ea5ba81639ff3,1901,1
40693528,"Тема письма: Письмо не по адресу Текст письма: Здравствуйте. Отправила письмо по адресу- новосибирск, ул. Серебренниковская , а оно находится на почте в Новосибирске, почему? РПО",Проблема с ОПС/доставкой,ebfb4ecb0c95031505f05e8e871b70bd63cef922e87f6102a721ec95bda084a2,1902,1
40695126,"Тема письма: Услуги для населения/Самостоятельная регистрация отправлений Текст письма: Тематика: Самостоятельная регистрация отправлений Канал поступления обращения: По телефону Дата поступления обращения: :--- Телефон: + Адрес заявителя: , Российская Федерация, обл Самарская, р-н Кинель-Черкасский, с Кинель-Черкассы, ул Ульяновская, д. Электро--- Суть обращения: При самостоятельной оформлении посылки клиент не может указать вес посылки, проблемы с оформлением декларации. Просьба связаться с клиентом и помочь в решении вопроса.",Посылки,a11cb7f8c8bef3c4ea24b300403ccaae6467cb2293195a31c586c7c81fc7497c,1903,0
40696534,Тема письма: Услуги для населения/Самостоятельная регистрация отправлений Текст письма: Тематика: Самостоятельная регистрация отправлений Канал поступления обращения: По телефону Дата поступления обращения: : .. ---уд ставропольского края Телефон: Индекс ОПС: Номер ШПИ: Электронная почта клиента: уть обращения: ОТчеты не распечатываются трек номеров.просят решить срочно.,Отслеживание отправлений,d14aeae5b0e6ab02c5f6d5fa6bc3064d1472b9cd701e0dd106eb3bfb52a8ff6a,1904,1
40696702,"Тема письма: ПЭП, Е. Жалоба Текст письма: Тематика: Простая электронная подпись Канал поступления обращения: По телефону Дата поступления обращения: : .. ФИ--- Телефон: + Адрес заявителя: край Алтайский, г Бийск, ул Советская, д. /, кв. Индекс ОПС: Номер ШПИ: LKCN Электр--- Суть обращения: Клиент не может отменить доставку в ЛК за рублей. Просьба отменить и вернуть деньги.",Проблема с ОПС/доставкой,f738a0c57ce94148e46188ba12d582ce114912e76e33dca655073550a075c906,1905,1
40697797,"Тема письма: Отправка зарубеж Текст письма: Отделение связи , второй день безуспешно пытаюсь отправить посылку в Великобританию. Операторы разводят руками - программа выдает ошибку, что неудалось сформировать заказ. При этом она предзаполнена и часть шагов выполняется. Техподдержка по телефону бессильна. Помогите разобраться",Посылки,8e869403ad13368452182ce9678c00bc55ec1a0bcc416274f1998b90079c89a7,1907,0
40698132,"Здравствуйте, перестали отображаться движения отправлений по трек номеру --- Скаже---",Отслеживание отправлений,ac2ae82f4b881df2fa1a4ccebd66039e1e0fcc4011c44415bee853aa126000fb,1908,1
40700073,"Здравствуйте, не скрывается реклама, баннер не скрывается, очень мешает. Все рекомендации выполнены. Т---",Личный кабинет,a10b194347ceaa20d8963f6b0db377a2e7a80ed6f66033537abf34b4d965789e,1910,1
40700588,"Тема письма: Услуги для населения/Самостоятельная регистрация отправлений Текст письма: Тематика: Самостоятельная регистрация отправлений Канал поступления обращения: По телефону Дата поступления обращения: :--- Телефон: + Адрес заявителя: , Российская---я, д. , кв. Электронная почта--- Суть обращения: Не возможно оформить почтовое отправление бандроль на сайте Почта.ру ФЛ, предлагается услуга на выбор посылка или письмо. Просьба проверить и исправить ситуацию, добавить услугу отправки бандероль",Письма\бандероли,e34f0c355d2559914c5f52b2e3f93bd3ac32d98955878a14dbde9964cb96ae71,1911,1
40702612,"Запрос: Мне нужен чек за подписку газеты от .. На почту пришло подтверждение подписки, а мне нужен чек с QR-кодом. П---",Прочее,51e9800066058f6624d2b449ef26d9097104138d22bcd29097dc19f98db91210,1913,1
40702941,Тема письма: Услуги для населения/Самостоятельная регистрация отправлений Текст письма: Тематика: Самостоятельная регистрация отправлений Канал поступления обращения: По телефону Дата поступления обращения: : .--- Телефон: + Электронная п--- Суть обращения: На сайте на заполняется адрес. В адресе нет улицы здание университета и номер общежития. Отправляют в Кампус,Проблема с адресом\индексом,d47343c02780147c117557a9c34fb71310d7998b8358e239a59e3008d7fd8cf6,1915,0
40703507,"данный адрес не доступен на сайте. получатель, ООО "" Эдинбург"" , ИНН , адрес, , Московская обл, г. Химки, д. Пикино, ул. Озерная, дом б, эт. каб, .",Проблема с адресом\индексом,1e74933a182de49504129a974bb288b45df8591d9576fa3b001a9c31e8ed27d6,1916,0
40704042,"Тема письма: Поиск заказных писем Текст письма: Добрый день! Письма отправлены заказные .. У меня срок на отправку этого письма. Документы в единственном экземпляре, доверила Почте доставить их до адресата. Вместо оговорённого срока доставки дня, по состоянию на сегодня срок уже дней, и до сих пор письма не вручены адресатам. По приложению срок доставки каждую неделю сдвигается еще на неделю . Прошу срочно вручить письма иначе у меня не будет денежной компенсации по результатам рассмотрения и я буду вынуждена обратиться в суд на возмещение материального и морального ущерба. С уваж---",Проблема с ОПС/доставкой,c2c6368bab4df94bf14ef1a00a1827c811cc4c5b6888729da0c63d668d55f51e,1918,1
40704800,"Тема письма: Сервис трекинга /Другое Текст письма: Тематика: Сервис Трекинга. Жалобы/предложения Канал поступления обращения: По телефону Дата поступления обращения: : .--- Телефон: + Адрес заявителя: , Российская Федерация, край Красноярский, г Норильск, ул Комсомольская, д. кв. Номер ШПИ: Электронная п--- Суть обращения: В мой личный кабинет Почты России приходят уведомления о посылках о неизвестных мне людей. Необходимо разобраться в данной ситуации.",Личный кабинет,f19348bd82c595d8d6f6177ed77bcd4e6c9bd3a808733e01f78ec20525f0f703,1922,1
40705347,"Тема письма: Акция с промокодами/Клиент не может оплатить промокодом/промокод исчез из МП Текст письма: Тематика: Акции с промокодами и Мобильное приложение Канал поступления обращения: По телефону Дата поступления обращения: : .--- Телефон: + Адрес заявителя: , Российская Федерация, край Краснодарский, г Краснодар, п Березовый, ул им. Мечникова И.И., д. , кв. Номер ШПИ: Электронная --- Суть обращения: Клиент отправлял данное отправление в июне, оно вручено получателю. Вчера пришло извещение на почту, ошибка оператора, теперь клиент не видит историю данного отправления. Просьба рассмотреть данную ситуацию и связаться с клиентом.Клиента очень беспокоит данная ситуация.",Отслеживание отправлений,2d2b824f10fd0221a643308cb655e893f2377ca678cc8017ce54e3c61ab952d7,1923,1
40706802,"Тема письма: Тема отсутствует. Текст письма: -- С уважением, И---",Прочее,88cccd70d575fd061107df7bb341570504e7c344cffe401cd3cd30d5f326e6d9,1924,1
40707074,"Добрый день! Не получается отправить открытку. Оформляем корректно ( указали всё, адрес и получателя ). Деньги списываются и возвращаются. Г---","Сервис ""Открытки""",390cf5a568ca47b1f2c962c8544841798adc668deade18442d65d8e7c87e2aa5,1925,0
40707323,"Тема письма: Сервис трекинга /Другое Текст письма: Тематика: Сервис Трекинга. Жалобы/предложения Канал поступления обращения: По телефону Дата поступления обращения: : .. ---ителя: , Российская Федерация, г Санкт-Петербург, г Санкт-Петербург, ул Симонова, д. , литера А, к. , кв. Номер ШПИ: Электро--- Суть обращения: По отправлениям отражается статус .. : Прием Упрощенный предзаполненный, данное ПО уже получено, такие же статусы отражаются по ПО: ,",Отслеживание отправлений,4f510fc0fae5fc8dbb718083919738841c85d5985e842dd70265e6b24a31c047,1926,1
40707349,"Тема письма: Сервис трекинга /Другое Текст письма: Тематика: Сервис Трекинга. Жалобы/предложения Канал поступления обращения: По телефону Дата поступления обращения: : .. --- Телефон: + Адрес заявителя: , Российская Федерация, г Москва, ул Старокачаловская, д. , кв. Индекс ОПС: Номер ШПИ: Учетная запись: Электронная п--- Суть обращения: Три месяца назад возврат писем стал приходить по адресу прописки , Российская Федерация, г Москва, ул Старокачаловская, д. , кв. указан в ЛК. При этом почтовые отправления отправлены с адреса где указан другой адрес адрес а/я в ОПС г. Мос---сти абонентский ящика/я в ОПС г. Москва в ПО Почты России как единственный адрес для возврата моих писем.",Проблема с ОПС/доставкой,3f8ab4f869c5737ddd4c3ee7258d593f5bb586292310f755b034351de5f85b88,1927,1
40713547,"Добрый день. Оформил оптравление . Спустя минут после создания возможности скачать бланки нет ни в личном кабинете на сайте, ни в личном кабинете в мобильном приложении. Кнопки ""Бланк"" нет. Просьба уточнить, когда бланки будут готовы для скачивания? ФИО ---",Посылки,6b31da7a4a35816435303b87bbaf0c7175d11f312cc6e84b9e45488e2276f374,1930,0
40714452,"Занесите в вашу базу ПОЧТЫ наш адрес из ФИАС ПОЛНОСТЬЮ: Ленинградская область, м.р-н Всеволожский, г.п. Колтушское, тер. СНТ Строитель, д. Уникальный номер в ГАР (ID FIAS) efe--f-a-dcd АДРЕС ЕСТЬ В ФИАС ПОСМОТРИТЕ ВНИМАТЕЛЬНЕЕ",Проблема с адресом\индексом,94f06c6d9b3032a01121f9b1eb684f7da174891aa0da1b492f87eaa29584e475,1932,0
