query_id,query_text,rank,result_id,result_text,result_category,result_line,result_outcome,similarity,relevant,useful,comment
38587525,"Текст письма: Тематика: Сервис Трекинга. Жалобы/предложения Канал поступления обращения: По телефону Дата поступления обращения: : .. Телефон: Адрес заявителя: Российская Федерация, обл Ивановская, р-н Фурмановский, г Фурманов, ул.Возраждения д., кв. Индекс ОПС: Номер ШПИ: Учетная запись: Электронная почта клиента: uuyyn@hjk Суть обращения: не пришло уведомление об доставленном письме не в бумажном не в электронном виде",1,40396167,"Тема письма: Сервис трекинга /Другое Текст письма: Тематика: Сервис Трекинга. Жалобы/предложения Канал поступления обращения: По телефону Дата поступления обращения: : ..--- Телефон: + Адрес заявителя: , Российская Федерация, обл Ростовская, г Донецк, ул Станиславского, д. , кв. Индекс ОПС: Номер ШПИ: Электронная--- Суть обращения: необходимо данное отправление не отправлять отправителю. Получатель заберет отправление ..г",Прочее,(1 линия),Решение предоставлено,0.4957879351685465,,,
38587525,"Текст письма: Тематика: Сервис Трекинга. Жалобы/предложения Канал поступления обращения: По телефону Дата поступления обращения: : .. Телефон: Адрес заявителя: Российская Федерация, обл Ивановская, р-н Фурмановский, г Фурманов, ул.Возраждения д., кв. Индекс ОПС: Номер ШПИ: Учетная запись: Электронная почта клиента: uuyyn@hjk Суть обращения: не пришло уведомление об доставленном письме не в бумажном не в электронном виде",2,40372530,"Тема письма: Сервис трекинга /Другое Текст письма: Тематика: Сервис Трекинга. Жалобы/предложения Канал поступления обращения: По телефону Дата поступления обращен--- Телефон: + Адрес заявителя: , Российская Федерация, обл Московская, р-н Чеховский, г Чехов-, ул Западная, д. , кв. Индекс ОПС: Номер ШПИ: Учетная запись: + Электро--- Суть обращения: Отображается чужой трек номер отправления",Отслеживание отправлений,(1 линия),Уточнение не предоставлено,0.49416460263134493,,,
38587525,"Текст письма: Тематика: Сервис Трекинга. Жалобы/предложения Канал поступления обращения: По телефону Дата поступления обращения: : .. Телефон: Адрес заявителя: Российская Федерация, обл Ивановская, р-н Фурмановский, г Фурманов, ул.Возраждения д., кв. Индекс ОПС: Номер ШПИ: Учетная запись: Электронная почта клиента: uuyyn@hjk Суть обращения: не пришло уведомление об доставленном письме не в бумажном не в электронном виде",3,40485401,"Тема письма: Сервис трекинга /Другое Текст письма: Тематика: Сервис Трекинга. Жалобы/предложения Канал поступления обращения: По телефону Дата поступления обращения: : .. ФИ--- Телефон: + Адрес заявителя: , Российская Федерация, обл Липецкая, г Липецк, ул Моршанская, д. , кв. Индекс ОПС: Номер ШПИ: ******** Адрес почтомата: - Учетная запись: - Электронна--- Суть обращения: с / отправление зависло на сортировке в львовском. просьба найти и доставить",Электронные обращения,(1 линия),Не согласован,0.4789951403608412,,,
38587525,"Текст письма: Тематика: Сервис Трекинга. Жалобы/предложения Канал поступления обращения: По телефону Дата поступления обращения: : .. Телефон: Адрес заявителя: Российская Федерация, обл Ивановская, р-н Фурмановский, г Фурманов, ул.Возраждения д., кв. Индекс ОПС: Номер ШПИ: Учетная запись: Электронная почта клиента: uuyyn@hjk Суть обращения: не пришло уведомление об доставленном письме не в бумажном не в электронном виде",4,40561318,"Тема письма: Сервис трекинга /Другое Текст письма: Тематика: Сервис Трекинга. Жалобы/предложения Канал поступления обращения: По телефону Дата поступления обращения: : .. Телефон: + Адрес заявителя: Новокубанск , Индекс ОПС: Номер ШПИ: Адрес почтомата: Учетная запись: есть Электронная почта клиента: Суть обращения: Вес РПО в процесс движения уменьшился .Просьба проконтролировать конечный заявленный вес",Отслеживание отправлений,(1 линия),Решение предоставлено,0.47371490361172314,,,
38587525,"Текст письма: Тематика: Сервис Трекинга. Жалобы/предложения Канал поступления обращения: По телефону Дата поступления обращения: : .. Телефон: Адрес заявителя: Российская Федерация, обл Ивановская, р-н Фурмановский, г Фурманов, ул.Возраждения д., кв. Индекс ОПС: Номер ШПИ: Учетная запись: Электронная почта клиента: uuyyn@hjk Суть обращения: не пришло уведомление об доставленном письме не в бумажном не в электронном виде",5,40485664,"Тема письма: Сервис трекинга /Другое Текст письма: Тематика: Сервис Трекинга. Жалобы/предложения Канал поступления обращения: По телефону Дата поступления обращения: : .. --- Телефон: + Адрес заявителя: , Российская Федерация, обл Курская, р-н Курский, п Маршала Жукова Индекс ОПС: Номер ШПИ: Учетная запись: + Электро--- Суть обращения: после прибыло в место вручения, прибыло в сортировочный центр",Отслеживание отправлений,(1 линия),Решение предоставлено,0.47296261003364687,,,
38818729,"Добрый день, данное Рпо было принято . , но в журнале оно не отображается, отправить с исходящей почтой не можем, возможно что-то сделать? РПО Не присвоилась операция ""Приём"" Индекс ОПС: Номер окна: Номер телефона для связи с ОПС: Последовательность действий: Журнал РПО Время возникновения ошибки: .. :",1,38907618,"Добрый день! РПО было принято в партионном приеме .., при этом в журнале РПО посылка как принятая не зачится, вследствии чего посылку не возможно отправить с исходящей почтой. Не ошибка ЕАС. По РПО в ИС СОРПО операция Прием отсутствует. Индекс ОПС: Номер окна: Номер телефона для связи с ОПС: Последовательность действий: все Время возникновения ошибки: .. :",Передача статусов в Трекинг,(2 линия),Решение предоставлено,0.49386650246025987,,,
38818729,"Добрый день, данное Рпо было принято . , но в журнале оно не отображается, отправить с исходящей почтой не можем, возможно что-то сделать? РПО Не присвоилась операция ""Приём"" Индекс ОПС: Номер окна: Номер телефона для связи с ОПС: Последовательность действий: Журнал РПО Время возникновения ошибки: .. :",2,38890084,".. было принято письмо No от Арбитражного суда . Данное РПО не можем вложить в емкость, так как отсутствует в журнале РПО. Скрины прилагаются. Индекс ОПС: Номер окна: Номер телефона для связи с ОПС: Последовательность действий: Прием Время возникновения ошибки: .. :",Ошибки загрузки страницы/зависания,(2 линия),Возврат на переклассификацию,0.4425015312838678,,,
38818729,"Добрый день, данное Рпо было принято . , но в журнале оно не отображается, отправить с исходящей почтой не можем, возможно что-то сделать? РПО Не присвоилась операция ""Приём"" Индекс ОПС: Номер окна: Номер телефона для связи с ОПС: Последовательность действий: Журнал РПО Время возникновения ошибки: .. :",3,38645938,"Приняты РПО по списку, но в журнале РПО не отображаются, отправить не можем. Приняты файлом. Индекс ОПС: Номер окна: Номер телефона для связи с ОПС: Последовательность действий: - Время возникновения ошибки: .. :",Импорт списков из ЛК ЮЛ,(2 линия),Решение предоставлено,0.4398220567192978,,,
38818729,"Добрый день, данное Рпо было принято . , но в журнале оно не отображается, отправить с исходящей почтой не можем, возможно что-то сделать? РПО Не присвоилась операция ""Приём"" Индекс ОПС: Номер окна: Номер телефона для связи с ОПС: Последовательность действий: Журнал РПО Время возникновения ошибки: .. :",4,38733285,"Здравствуйте. РПО были приняты в партионном приеме , но в журнале РПО их не видно. Нет возможности снять письма с исходящей почтой. Подскажите в чем дело? Индекс ОПС: Номер окна: Номер телефона для связи с ОПС: Последовательность действий: прием РПО Время возникновения ошибки: .. :",Импорт списков из архива ф.103 (zip-архив),(2 линия),Возврат на переклассификацию,0.42044966550114055,,,
38818729,"Добрый день, данное Рпо было принято . , но в журнале оно не отображается, отправить с исходящей почтой не можем, возможно что-то сделать? РПО Не присвоилась операция ""Приём"" Индекс ОПС: Номер окна: Номер телефона для связи с ОПС: Последовательность действий: Журнал РПО Время возникновения ошибки: .. :",5,38700869,"При приеме партионного списка от ОСП по Барышскому району No от .. выбрали неверный ИНН и КПП. Теперь данный список висит с ошибкой, повторно принять не дает. В журнал РПО письма не легли, не можем их отправить с исходящей почтой. Индекс ОПС: Номер окна: Номер телефона для связи с ОПС: Последовательность действий: партионный прием Время возникновения ошибки: .. :",Импорт списков из ЛК ЮЛ,(2 линия),Решение предоставлено,0.39735984527704815,,,
38539821,"Здравствуйте. Коллеги, ответ необходимо предоставить непосредственно кли--- Клиенту не поступает код подтверждения при подключении QR ни в смс, ни в пуш.",1,38539850,"Здравствуйте. Коллеги, ответ необходимо предоставить непосредственно клиенту на e-mail Клиенту не поступает код подтверждения при подключении QR ни в смс, ни в пуш.",Проблема с QR-код(подключение/отключение),(1 линия),Решение предоставлено,0.9107951515042064,,,
38539821,"Здравствуйте. Коллеги, ответ необходимо предоставить непосредственно кли--- Клиенту не поступает код подтверждения при подключении QR ни в смс, ни в пуш.",2,38607125,"Здравствуйте,клиенту не поступает код подтверждения на эл.почту при создании личного кабинета. Зеленин Александр Сергее--- +----",Проблема с push/sms/email,(1 линия),По сроку давности,0.36629875364858777,,,
38539821,"Здравствуйте. Коллеги, ответ необходимо предоставить непосредственно кли--- Клиенту не поступает код подтверждения при подключении QR ни в смс, ни в пуш.",3,38549902,"Здравствуйте. Коллеги, ответ необходимо предоставить непосредственно кл--- Под --- Не работает приложение почта России на ios, пишет ошибка при прохождении проверки безопасности Обновлять и переустанавливать пробовал. Не помогло.",Ошибка в приложении (восстановление работоспособности),(1 линия),Решение предоставлено,0.24872494586377983,,,
38539821,"Здравствуйте. Коллеги, ответ необходимо предоставить непосредственно кли--- Клиенту не поступает код подтверждения при подключении QR ни в смс, ни в пуш.",4,38663383,Б--- Е--- Клиенту не поступает код при оформлении доверенности в смс. Уведомления только в самом колокольчике. Но в колокольчике не прочитать код. Для этого нужно прервать процесс создания электронной доверенности. Просьба предоставить ответ клиенту на эл---,Проблема с авторизацией/ЭЗП/Бонусами/Доверенностями,(1 линия),Дублирование,0.2333742437096585,,,
38539821,"Здравствуйте. Коллеги, ответ необходимо предоставить непосредственно кли--- Клиенту не поступает код подтверждения при подключении QR ни в смс, ни в пуш.",5,38663538,"Ответ необходимо предоставить непосредственно клиенту на емейл С--- Юли---, андроид Вопрос клиента:Не могу зайти в свой личный кабинет",Проблема с авторизацией/ЭЗП/Бонусами/Доверенностями,(1 линия),Дублирование,0.19144960078582463,,,
40663828,"Инн: Не отслеживаются отправления один из ШПИ Ответы на ваши вопросы в Базе Знаний. Вы также можете посмотреть видеоинструкции по работе с личным кабинетом на YouTube канале. С уважением, Команда сервиса otpravka.pochta.ru АО «Почта России»",1,40641228,"Инн: не удается скачать отчёт об отслеживании почтового отправленияОтветы на ваши вопросы в Базе Знаний. Вы также можете посмотреть видеоинструкции по работе с личным кабинетом на YouTube канале. С уважением, Команда сервиса otpravka.pochta.ru АО «Почта России»",Отслеживание отправлений,(1 линия),Решение предоставлено,0.8410322841901131,,,
40663828,"Инн: Не отслеживаются отправления один из ШПИ Ответы на ваши вопросы в Базе Знаний. Вы также можете посмотреть видеоинструкции по работе с личным кабинетом на YouTube канале. С уважением, Команда сервиса otpravka.pochta.ru АО «Почта России»",2,38135950,"Инн: Пользо--- добавил комментарий: Пришлите, пожалуйста, реестр ф по партии, которую пытаетесь сдать. Ответы на ваши вопросы в Базе Знаний. Вы также можете посмотреть видеоинструкции по работе с личным кабинетом на YouTube канале. С уважением, Команда сервиса otpravka.pochta.ru АО «Почта России»",Импорт списков из ЛК ЮЛ,(2 линия),Решение предоставлено,0.822333854896716,,,
40663828,"Инн: Не отслеживаются отправления один из ШПИ Ответы на ваши вопросы в Базе Знаний. Вы также можете посмотреть видеоинструкции по работе с личным кабинетом на YouTube канале. С уважением, Команда сервиса otpravka.pochta.ru АО «Почта России»",3,40608714,"Инн: Прошу отменить запрос No , в связи с решением вопроса. Заранее благодарю!Ответы на ваши вопросы в Базе Знаний. Вы также можете посмотреть видеоинструкции по работе с личным кабинетом на YouTube канале. С уважением, Команда сервиса otpravka.pochta.ru АО «Почта России»",Личный кабинет,(1 линия),Отменено,0.8191350804975286,,,
40663828,"Инн: Не отслеживаются отправления один из ШПИ Ответы на ваши вопросы в Базе Знаний. Вы также можете посмотреть видеоинструкции по работе с личным кабинетом на YouTube канале. С уважением, Команда сервиса otpravka.pochta.ru АО «Почта России»",4,40461436,"Инн: Почему не формируется отчет об отслеживании отправления по трек-номеру?Ответы на ваши вопросы в Базе Знаний. Вы также можете посмотреть видеоинструкции по работе с личным кабинетом на YouTube канале. С уважением, Команда сервиса otpravka.pochta.ru АО «Почта России»",Отслеживание отправлений,(1 линия),Решение предоставлено,0.8059746196879882,,,
40663828,"Инн: Не отслеживаются отправления один из ШПИ Ответы на ваши вопросы в Базе Знаний. Вы также можете посмотреть видеоинструкции по работе с личным кабинетом на YouTube канале. С уважением, Команда сервиса otpravka.pochta.ru АО «Почта России»",5,40652595,"Инн: Уже вторую неделю не работает функция отслеживания, либо работает выборочно, не по всем отправлениям.Ответы на ваши вопросы в Базе Знаний. Вы также можете посмотреть видеоинструкции по работе с личным кабинетом на YouTube канале. С уважением, Команда сервиса otpravka.pochta.ru АО «Почта России»",Отслеживание отправлений,(2 линия),Решение предоставлено,0.7970654669950294,,,
38647383,"Т--- Ел--- Не могу добавить адрес Московская область, г. Дедовск, тер. СНТ им. Тимирязева",1,40714452,"Занесите в вашу базу ПОЧТЫ наш адрес из ФИАС ПОЛНОСТЬЮ: Ленинградская область, м.р-н Всеволожский, г.п. Колтушское, тер. СНТ Строитель, д. Уникальный номер в ГАР (ID FIAS) efe--f-a-dcd АДРЕС ЕСТЬ В ФИАС ПОСМОТРИТЕ ВНИМАТЕЛЬНЕЕ",Проблема с адресом\индексом,(2 линия),Решение предоставлено,0.24694975504419206,,,
38647383,"Т--- Ел--- Не могу добавить адрес Московская область, г. Дедовск, тер. СНТ им. Тимирязева",2,38671226,"RP- это первый запрос. В него не могу добавить комм. П--- Не получается открыть QR-код, скриншот ошибки не могу сделать, так как скидывает не дает зайти в приложение, переустановка и обновление не помогают. Только нажимаешь на куар код сразу просит пороль, пароль восстанавливаю и тоже самое. Необходимо вводить пин-код от Вашего мобильного устройства при оформлении (или использовании) QR. В случае ошибки укажите номер телефона и электронную почту, на которые у вас зарегистрирована учетная запись, прикрепите полноэкранный скриншот ошибки. --- фото ошибки не могу отправить не пускает в приложение !!!",Проблема с QR-код(подключение/отключение),(1 линия),Дублирование,0.15454702914420262,,,
38647383,"Т--- Ел--- Не могу добавить адрес Московская область, г. Дедовск, тер. СНТ им. Тимирязева",3,38663101,"Тема письма: Услуги для населения/Самостоятельная регистрация отправлений Текст письма: Тематика: Самостоятельная регистрация отправлений Канал поступления обращения: По телефону Дата поступления обращения: : .. ФИ--- Телефон: Адрес заявителя: Московская обл, г. Видное, пос.совхоза им. Ленина, д., кв. Электронная поч--- Суть обращения: При отправке посылки через мобильное приложении, при указании адреса : Московская обл, г. Видное, пос.совхоза им. Ленина, д., кв., когда отправитель вводит номер квартиры, программа вместо дома предлагает дом к.. Это совершенно другой адрес. На сайте такой ошибки нет. Просьба исправить ошибку в приложении.",Проблема с адресами,(1 линия),Дублирование,0.14606719606010893,,,
38647383,"Т--- Ел--- Не могу добавить адрес Московская область, г. Дедовск, тер. СНТ им. Тимирязева",4,38635073,"Здравствуйте, клиент не может добавить---- +",Проблема с адресами,(1 линия),Отменено,0.14025521247062028,,,
38647383,"Т--- Ел--- Не могу добавить адрес Московская область, г. Дедовск, тер. СНТ им. Тимирязева",5,38628967,"RP- первый , не могу в него добавить комм--- ОТВЕТ ОТ КЛИЕНТА: Спасибо, проблема устранена. Появился адрес: Респ Карелия, г Петрозаводск, р-н Древлянка, ул Хейкконена, д. , кв. ПРОЩУ ЗАКРЫТЬ ЭТИ ДВА ЗАПРОСА!!! СПАСИБО!",Проблема с адресами,(1 линия),Дублирование,0.12884450063531325,,,
40463775,"Тема письма: Услуги для населения/Самостоятельная регистрация отправлений Текст письма: Тематика: Самостоятельная регистрация отправлений Канал поступления обращения: По телефону Дата поступления обращения: --- Телефон: + Номер ШПИ: Учетная запись: Электро--- Суть обращения: Пользователь .. предоформил отправку посылки в личном кабинете на сайте. Появился трек-номер. В ОПС клиент предъявил штрих-код по РПО в мобильном приложении, при этом появилась надпись: ""Информация об отправлении не поступила в нашу систему. На всякий случай проверьте введенный трек-номер, сохраните его, мы сообщим Вам, когда информация появится"". Трек-номер не отслеживается. Такая же ситуация по трек-номеру .",1,38674569,"Тема письма: Услуги для населения/Самостоятельная регистрация отправлений Текст письма: Тематика: Самостоятельная регистрация отправлений Канал поступления обращения: По телефону Дата поступления обращения: :--- Телефон: Номер ШПИ: , , Учетная--- Электронн--- Суть обращения: Не видно движения по трек номеру в приложении Почта России",Прочее,(1 линия),Решение предоставлено,0.4585475258270401,,,
40463775,"Тема письма: Услуги для населения/Самостоятельная регистрация отправлений Текст письма: Тематика: Самостоятельная регистрация отправлений Канал поступления обращения: По телефону Дата поступления обращения: --- Телефон: + Номер ШПИ: Учетная запись: Электро--- Суть обращения: Пользователь .. предоформил отправку посылки в личном кабинете на сайте. Появился трек-номер. В ОПС клиент предъявил штрих-код по РПО в мобильном приложении, при этом появилась надпись: ""Информация об отправлении не поступила в нашу систему. На всякий случай проверьте введенный трек-номер, сохраните его, мы сообщим Вам, когда информация появится"". Трек-номер не отслеживается. Такая же ситуация по трек-номеру .",2,40657684,"Тема письма: Услуги для населения/Самостоятельная регистрация отправлений Текст письма: Тематика: Самостоятельная регистрация отправлений Канал поступления обращения: По телефону Дата поступления обращения: : --- Телефон: + Номер ШПИ: Учетная запись: + Электронная п--- Суть обращения: Клиент оформил предоплаченое РПО на сайте, трек в ЛК не отображается",Отслеживание отправлений,(2 линия),Решение предоставлено,0.4267560566538783,,,
40463775,"Тема письма: Услуги для населения/Самостоятельная регистрация отправлений Текст письма: Тематика: Самостоятельная регистрация отправлений Канал поступления обращения: По телефону Дата поступления обращения: --- Телефон: + Номер ШПИ: Учетная запись: Электро--- Суть обращения: Пользователь .. предоформил отправку посылки в личном кабинете на сайте. Появился трек-номер. В ОПС клиент предъявил штрих-код по РПО в мобильном приложении, при этом появилась надпись: ""Информация об отправлении не поступила в нашу систему. На всякий случай проверьте введенный трек-номер, сохраните его, мы сообщим Вам, когда информация появится"". Трек-номер не отслеживается. Такая же ситуация по трек-номеру .",3,40483798,"Тема письма: Услуги для населения/Самостоятельная регистрация отправлений Текст письма: Тематика: Самостоятельная регистрация отправлений Канал поступления обращения: По телефону Дата поступления обращения: : .--- Телефон: + Адрес заявителя: , Российская Федерация, г Москва, г Москва, ул -я Филевская, д. , к. , кв. Номер ШПИ: Учетная запись: Электр--- Суть обращения: предзаполненное отправление не находится в системе опс по трек номеру",Посылки,(1 линия),Уточнение не предоставлено,0.38035325945113846,,,
40463775,"Тема письма: Услуги для населения/Самостоятельная регистрация отправлений Текст письма: Тематика: Самостоятельная регистрация отправлений Канал поступления обращения: По телефону Дата поступления обращения: --- Телефон: + Номер ШПИ: Учетная запись: Электро--- Суть обращения: Пользователь .. предоформил отправку посылки в личном кабинете на сайте. Появился трек-номер. В ОПС клиент предъявил штрих-код по РПО в мобильном приложении, при этом появилась надпись: ""Информация об отправлении не поступила в нашу систему. На всякий случай проверьте введенный трек-номер, сохраните его, мы сообщим Вам, когда информация появится"". Трек-номер не отслеживается. Такая же ситуация по трек-номеру .",4,40555255,"Тема письма: Услуги для населения/Самостоятельная регистрация отправлений Текст письма: Тематика: Самостоятельная регистрация отправлений Канал поступления обращения: По телефону Дата поступления обращения: : --- Телефон: + Адрес заявителя: , Российская Федерация, г Москва, ул Верхняя Сыромятническая, д. , кв. Индекс ОПС: Учетная запись: + Электро--- Суть обращения: элекронная декларация не распечатывается, нет кнопки",Отслеживание отправлений,(2 линия),Решение предоставлено,0.3769218995076056,,,
40463775,"Тема письма: Услуги для населения/Самостоятельная регистрация отправлений Текст письма: Тематика: Самостоятельная регистрация отправлений Канал поступления обращения: По телефону Дата поступления обращения: --- Телефон: + Номер ШПИ: Учетная запись: Электро--- Суть обращения: Пользователь .. предоформил отправку посылки в личном кабинете на сайте. Появился трек-номер. В ОПС клиент предъявил штрих-код по РПО в мобильном приложении, при этом появилась надпись: ""Информация об отправлении не поступила в нашу систему. На всякий случай проверьте введенный трек-номер, сохраните его, мы сообщим Вам, когда информация появится"". Трек-номер не отслеживается. Такая же ситуация по трек-номеру .",5,40467091,"Тема письма: Услуги для населения/Самостоятельная регистрация отправлений Текст письма: Тематика: Самостоятельная регистрация отправлений Канал поступления обращения: По телефону Дата поступления обращения: : .. ФИ--- Телефон: + Номер ШПИ: Учетная запись: + Электронная почт--- Суть обращения: Клиент столкнулся с проблемой в сервисе самостоятельной регистрации отправлений. Заполнив все данные, трек-номер формируется, но выскакивает уведомление о том, что информация об отправление будет подгружена чуть-позже - созданный трек-номер не создается и не отслеживается. Заявителю нужно сегодня, максимум завтра эту проблему решить - отправив свое предзаполненное РПО. Распечатать адресный ярлык и отследить созданный трек----: ""Информация об отправление временно недоступна. Когда она появится вы получите уведомление""",Письма\бандероли,(2 линия),Решение предоставлено,0.36057764176333656,,,
38817031,при прие---сения габаритов посылки Индекс ОПС: Номер окна: Номер телефона для связи с ОПС: Последовательность действий: ПРИЕМ ПО СПИСКУ Ф. Время возникновения ошибки: .. :,1,38819911,Индекс ОПС: Номер окна: Номер телефона для связи с ОПС: Последовательность действий: ошибка в приеме партионный прием Время возникновения ошибки: .. :,Импорт списков из ЛК ЮЛ,(2 линия),Решение предоставлено,0.6470465722427545,,,
38817031,при прие---сения габаритов посылки Индекс ОПС: Номер окна: Номер телефона для связи с ОПС: Последовательность действий: ПРИЕМ ПО СПИСКУ Ф. Время возникновения ошибки: .. :,2,38845222,прием простой кореспонденции через лк Индекс ОПС: Номер окна: Номер телефона для связи с ОПС: Последовательность действий: Время возникновения ошибки: .. :,Ошибки загрузки страницы/зависания,(3 линия),Решение предоставлено,0.6445955051034618,,,
38817031,при прие---сения габаритов посылки Индекс ОПС: Номер окна: Номер телефона для связи с ОПС: Последовательность действий: ПРИЕМ ПО СПИСКУ Ф. Время возникновения ошибки: .. :,3,38598538,"Письма приняты, не прогрузился транспорт обмен Индекс ОПС: Номер окна: Номер телефона для связи с ОПС: Последовательность действий: Время возникновения ошибки: .. :",Формирование и закрытие емкостей,(3 линия),Решение предоставлено,0.5726557840133476,,,
38817031,при прие---сения габаритов посылки Индекс ОПС: Номер окна: Номер телефона для связи с ОПС: Последовательность действий: ПРИЕМ ПО СПИСКУ Ф. Время возникновения ошибки: .. :,4,38777167,При приеме комбинирован---сти ВГХ Индекс ОПС: Номер окна: Номер телефона для связи с ОПС: Последовательность действий: партионый прием писем Время возникновения ошибки: .. :,"Проблема с печатью, открытием, формированием документации",(3 линия),Решение предоставлено,0.5588823487625996,,,
38817031,при прие---сения габаритов посылки Индекс ОПС: Номер окна: Номер телефона для связи с ОПС: Последовательность действий: ПРИЕМ ПО СПИСКУ Ф. Время возникновения ошибки: .. :,5,38919734,"Добрый день, при оплате посылок сумма задваивается. No, Индекс ОПС: Номер окна: Номер телефона для связи с ОПС: ---- Последовательность действий: . Время возникновения ошибки: .. :",Импорт списков из ЛК ЮЛ,(2 линия),Возврат на переклассификацию,0.5527926155776628,,,
40654629,"Добрый день! На почте достаточно много писем. Уже вторые сутки не работает отслеживание по ШПИ, не выводит никакой информации с любого популярного браузера на пк и с любого пк в принципе. Исправьте пожалуйста!!! Проблема сохраняется уже вторые сутки Застревает на этом моменте. После прогрузки никакой информации нет. При повторном поиске кидает во вкладку архив. Окей, еще раз поиск - кидает во вкладку все отправления и наоборот. Кратко говоря, с правой стороны экрана не открывается отправление которое я отслеживаю, а искать его среди тысячи других - нереальная задача. Учту, отправлений было и вправду тысячи постоянно и поиск работал отлично. Не работает около двух д---",1,40670974,Тема письма: Тема отсутствует. Текст письма: Второй день не работает отслеживание писем. -- Т----,Отслеживание отправлений,(1 линия),Решение предоставлено,0.1626235447191558,,,
40654629,"Добрый день! На почте достаточно много писем. Уже вторые сутки не работает отслеживание по ШПИ, не выводит никакой информации с любого популярного браузера на пк и с любого пк в принципе. Исправьте пожалуйста!!! Проблема сохраняется уже вторые сутки Застревает на этом моменте. После прогрузки никакой информации нет. При повторном поиске кидает во вкладку архив. Окей, еще раз поиск - кидает во вкладку все отправления и наоборот. Кратко говоря, с правой стороны экрана не открывается отправление которое я отслеживаю, а искать его среди тысячи других - нереальная задача. Учту, отправлений было и вправду тысячи постоянно и поиск работал отлично. Не работает около двух д---",2,38900419,У--- Е--- С--- Приложение не работает,Ошибка в приложении (восстановление работоспособности),(1 линия),Уточнение не предоставлено,0.12264040990351693,,,
40654629,"Добрый день! На почте достаточно много писем. Уже вторые сутки не работает отслеживание по ШПИ, не выводит никакой информации с любого популярного браузера на пк и с любого пк в принципе. Исправьте пожалуйста!!! Проблема сохраняется уже вторые сутки Застревает на этом моменте. После прогрузки никакой информации нет. При повторном поиске кидает во вкладку архив. Окей, еще раз поиск - кидает во вкладку все отправления и наоборот. Кратко говоря, с правой стороны экрана не открывается отправление которое я отслеживаю, а искать его среди тысячи других - нереальная задача. Учту, отправлений было и вправду тысячи постоянно и поиск работал отлично. Не работает около двух д---",3,38548510,Добрый день! Не могу восстановить пароль. Проблема сохраняется уже месяца. Фомин Д--- Просьба ответ предоставить на электр--- Спасибо.,Проблема с авторизацией/ЭЗП/Бонусами/Доверенностями,(1 линия),Дублирование,0.11394654281305852,,,
40654629,"Добрый день! На почте достаточно много писем. Уже вторые сутки не работает отслеживание по ШПИ, не выводит никакой информации с любого популярного браузера на пк и с любого пк в принципе. Исправьте пожалуйста!!! Проблема сохраняется уже вторые сутки Застревает на этом моменте. После прогрузки никакой информации нет. При повторном поиске кидает во вкладку архив. Окей, еще раз поиск - кидает во вкладку все отправления и наоборот. Кратко говоря, с правой стороны экрана не открывается отправление которое я отслеживаю, а искать его среди тысячи других - нереальная задача. Учту, отправлений было и вправду тысячи постоянно и поиск работал отлично. Не работает около двух д---",4,40410989,"Судебный участок No судебного района, в котором создан Ирбитский районный суд Свердловской области --- При отслеживании по ШПИ не выдает в поиске движение письма, невозможно распечатать отчет. пробовали почистить кэш и куки браузера, все также",Отслеживание отправлений,(1 линия),Решение предоставлено,0.11336274465797155,,,
40654629,"Добрый день! На почте достаточно много писем. Уже вторые сутки не работает отслеживание по ШПИ, не выводит никакой информации с любого популярного браузера на пк и с любого пк в принципе. Исправьте пожалуйста!!! Проблема сохраняется уже вторые сутки Застревает на этом моменте. После прогрузки никакой информации нет. При повторном поиске кидает во вкладку архив. Окей, еще раз поиск - кидает во вкладку все отправления и наоборот. Кратко говоря, с правой стороны экрана не открывается отправление которое я отслеживаю, а искать его среди тысячи других - нереальная задача. Учту, отправлений было и вправду тысячи постоянно и поиск работал отлично. Не работает около двух д---",5,38698949,Доброй ночи. Не работает Priem.ru,Ошибки загрузки страницы/зависания,(1 линия),Решение предоставлено,0.10991089561660035,,,
38116960,"Тема письма: Fwd: Re[]: Заказ принят в работу Текст письма: Добрый день. На данный момент оалаченная посылка не доставлена. Нарушены сроки оказания услуг, статус мне до сих пор никто не предоставил, только пинают от одного адресата к другому. На этом заканчиаваю с вами переписку. Жду возврата денежных средств. Иначе дальше выходим в досудебное решение вопроса и направляю жалоба в соответствующие органы о не предоставлении услуги и мошеннических действиях. -- Отправлено из Mail для Android -------- Пересланное письмо -------- От: , Почта России iso-clien---, support.postid support.posti--- Дата: понедельник, января г., : +: Тема: Re[]: Заказ принят в работу Добрый день. Прошу предоставить актуальный статус. Так как по информации от официального сайта Почта России, статус от января так и не поменялся. См. скрин. Пытаюсь для себя уточнить, когда мне начинать писать заявление на розыск отправления. -- Отправлено из Mail для Android пятница, января г., : +: После обращения к Вам, получен трек номер для отслеживания. Спасибо! -- Отправлено из Mail для Android пятница, января г., : +: от Добрый день. Прошу уточнить, как можно узнать о статусе заказа? -- Отправлено из Mail для Android вторник, декабря г., : +: от Почта России notifi---: Уважаемый клиент! Ваша открытка отправлена на печать и скоро будет передана в доставку. По вопросам обращаться по электронному адресу С уважением, команда Почтовая открытка онлайн",1,40438900,"Тема письма: Посылка Текст письма: Добрый день. Прошу разобраться с отправкой посылки На списываются деньги, день не могу отправить. Это уже в какой то бред превращается -- Отправлено из Mail для Android -------- Пересланное письмо -------- От:--- Дата: среда, августа г., : +: Тема:",Посылки,(2 линия),Решение предоставлено,0.2806901708909322,,,
38116960,"Тема письма: Fwd: Re[]: Заказ принят в работу Текст письма: Добрый день. На данный момент оалаченная посылка не доставлена. Нарушены сроки оказания услуг, статус мне до сих пор никто не предоставил, только пинают от одного адресата к другому. На этом заканчиаваю с вами переписку. Жду возврата денежных средств. Иначе дальше выходим в досудебное решение вопроса и направляю жалоба в соответствующие органы о не предоставлении услуги и мошеннических действиях. -- Отправлено из Mail для Android -------- Пересланное письмо -------- От: , Почта России iso-clien---, support.postid support.posti--- Дата: понедельник, января г., : +: Тема: Re[]: Заказ принят в работу Добрый день. Прошу предоставить актуальный статус. Так как по информации от официального сайта Почта России, статус от января так и не поменялся. См. скрин. Пытаюсь для себя уточнить, когда мне начинать писать заявление на розыск отправления. -- Отправлено из Mail для Android пятница, января г., : +: После обращения к Вам, получен трек номер для отслеживания. Спасибо! -- Отправлено из Mail для Android пятница, января г., : +: от Добрый день. Прошу уточнить, как можно узнать о статусе заказа? -- Отправлено из Mail для Android вторник, декабря г., : +: от Почта России notifi---: Уважаемый клиент! Ваша открытка отправлена на печать и скоро будет передана в доставку. По вопросам обращаться по электронному адресу С уважением, команда Почтовая открытка онлайн",2,40625337,"Тема письма: Re: Ответ на обращение No Текст письма: Добрый день. Внимательно рассмотрела Ваш ответ. Прошу уточнить. Вы пишите, что открытке присвоен статус ""Принято в отделении связи"". Но вы не уточнили, отделение связи ? Прошу предоставить информацию. -- Отправлено из Mail для Android пятница, августа г., : +: от Почта---: Уважаемый клиент, Во вложении к данному письму направляем ответ на Ваше обращение No АО ""Почта России""","Сервис ""Открытки""",(2 линия),Решение предоставлено,0.2737128213670473,,,
38116960,"Тема письма: Fwd: Re[]: Заказ принят в работу Текст письма: Добрый день. На данный момент оалаченная посылка не доставлена. Нарушены сроки оказания услуг, статус мне до сих пор никто не предоставил, только пинают от одного адресата к другому. На этом заканчиаваю с вами переписку. Жду возврата денежных средств. Иначе дальше выходим в досудебное решение вопроса и направляю жалоба в соответствующие органы о не предоставлении услуги и мошеннических действиях. -- Отправлено из Mail для Android -------- Пересланное письмо -------- От: , Почта России iso-clien---, support.postid support.posti--- Дата: понедельник, января г., : +: Тема: Re[]: Заказ принят в работу Добрый день. Прошу предоставить актуальный статус. Так как по информации от официального сайта Почта России, статус от января так и не поменялся. См. скрин. Пытаюсь для себя уточнить, когда мне начинать писать заявление на розыск отправления. -- Отправлено из Mail для Android пятница, января г., : +: После обращения к Вам, получен трек номер для отслеживания. Спасибо! -- Отправлено из Mail для Android пятница, января г., : +: от Добрый день. Прошу уточнить, как можно узнать о статусе заказа? -- Отправлено из Mail для Android вторник, декабря г., : +: от Почта России notifi---: Уважаемый клиент! Ваша открытка отправлена на печать и скоро будет передана в доставку. По вопросам обращаться по электронному адресу С уважением, команда Почтовая открытка онлайн",3,40643690,Тема письма: Письмо отправлено из Омска в Москву июля. Заплатили за быстрый перевод. Письмо до сих пор в пути. Номер отправления Текст письма: -- Отправлено из Mail для Android,Электронные обращения,(1 линия),Не согласован,0.26932896665694606,,,
38116960,"Тема письма: Fwd: Re[]: Заказ принят в работу Текст письма: Добрый день. На данный момент оалаченная посылка не доставлена. Нарушены сроки оказания услуг, статус мне до сих пор никто не предоставил, только пинают от одного адресата к другому. На этом заканчиаваю с вами переписку. Жду возврата денежных средств. Иначе дальше выходим в досудебное решение вопроса и направляю жалоба в соответствующие органы о не предоставлении услуги и мошеннических действиях. -- Отправлено из Mail для Android -------- Пересланное письмо -------- От: , Почта России iso-clien---, support.postid support.posti--- Дата: понедельник, января г., : +: Тема: Re[]: Заказ принят в работу Добрый день. Прошу предоставить актуальный статус. Так как по информации от официального сайта Почта России, статус от января так и не поменялся. См. скрин. Пытаюсь для себя уточнить, когда мне начинать писать заявление на розыск отправления. -- Отправлено из Mail для Android пятница, января г., : +: После обращения к Вам, получен трек номер для отслеживания. Спасибо! -- Отправлено из Mail для Android пятница, января г., : +: от Добрый день. Прошу уточнить, как можно узнать о статусе заказа? -- Отправлено из Mail для Android вторник, декабря г., : +: от Почта России notifi---: Уважаемый клиент! Ваша открытка отправлена на печать и скоро будет передана в доставку. По вопросам обращаться по электронному адресу С уважением, команда Почтовая открытка онлайн",4,40425997,Тема письма: Почта России Текст письма: В приложении невозможно создать электронное обращение. -- Отправлено из Mail для Android,Электронные обращения,(2 линия),Решение предоставлено,0.26831870772425553,,,
38116960,"Тема письма: Fwd: Re[]: Заказ принят в работу Текст письма: Добрый день. На данный момент оалаченная посылка не доставлена. Нарушены сроки оказания услуг, статус мне до сих пор никто не предоставил, только пинают от одного адресата к другому. На этом заканчиаваю с вами переписку. Жду возврата денежных средств. Иначе дальше выходим в досудебное решение вопроса и направляю жалоба в соответствующие органы о не предоставлении услуги и мошеннических действиях. -- Отправлено из Mail для Android -------- Пересланное письмо -------- От: , Почта России iso-clien---, support.postid support.posti--- Дата: понедельник, января г., : +: Тема: Re[]: Заказ принят в работу Добрый день. Прошу предоставить актуальный статус. Так как по информации от официального сайта Почта России, статус от января так и не поменялся. См. скрин. Пытаюсь для себя уточнить, когда мне начинать писать заявление на розыск отправления. -- Отправлено из Mail для Android пятница, января г., : +: После обращения к Вам, получен трек номер для отслеживания. Спасибо! -- Отправлено из Mail для Android пятница, января г., : +: от Добрый день. Прошу уточнить, как можно узнать о статусе заказа? -- Отправлено из Mail для Android вторник, декабря г., : +: от Почта России notifi---: Уважаемый клиент! Ваша открытка отправлена на печать и скоро будет передана в доставку. По вопросам обращаться по электронному адресу С уважением, команда Почтовая открытка онлайн",5,40636179,Тема письма: Письмо Текст письма: Почему задерживают письмо в отделении? Как узнать когда дойдет письмо? -- Отправлено из Mail для Android,Электронные обращения,(1 линия),Не согласован,0.26568668240945204,,,
40595232,"Тема письма: Услуги для населения/Самостоятельная регистрация отправлений Текст письма: Тематика: Самостоятельная регистрация отправлений Канал поступления обращения: По телефону Дата поступления обращения: : .. --- Телефон: + Адрес заявителя: , Российская Федерация, Респ Хакасия, г Абакан, кв-л Молодежный, д. , кв. Электронн--- Суть обращения: Клиент нажимает в приложении ""Бумажное письмо"" и появляется черный экран.",1,40467147,"Тема письма: Услуги для населения/Самостоятельная регистрация отправлений Текст письма: Тематика: Самостоятельная регистрация отправлений Канал поступления обращения: По телефону Дата поступления обращения: : .. Ф--- Телефон: + Адрес заявителя: , Российская Федерация, Респ Татарстан, г Казань, пр-кт Победы, д. , кв. Электронн--- Суть обращения: При формировании письма не выдает трек номер.У клиента отправка писем .",Письма\бандероли,(2 линия),Решение предоставлено,0.603851116140724,,,
40595232,"Тема письма: Услуги для населения/Самостоятельная регистрация отправлений Текст письма: Тематика: Самостоятельная регистрация отправлений Канал поступления обращения: По телефону Дата поступления обращения: : .. --- Телефон: + Адрес заявителя: , Российская Федерация, Респ Хакасия, г Абакан, кв-л Молодежный, д. , кв. Электронн--- Суть обращения: Клиент нажимает в приложении ""Бумажное письмо"" и появляется черный экран.",2,40614919,"Тема письма: Услуги для населения/Самостоятельная регистрация отправлений Текст письма: Тематика: Самостоятельная регистрация отправлений Канал поступления обращения: По телефону Дата поступления обращения--- Телефон: + Адрес заявителя: , Российская Федерация, обл Ленинградская, р-н Всеволожский, д Заневка, ул Ладожская, д. , кв. Электронная--- Суть обращения: клиент простит проверить работу ЛК не может самостоятельно офоримить посылку к отправке",Посылки,(1 линия),Не согласован,0.5951616425746609,,,
40595232,"Тема письма: Услуги для населения/Самостоятельная регистрация отправлений Текст письма: Тематика: Самостоятельная регистрация отправлений Канал поступления обращения: По телефону Дата поступления обращения: : .. --- Телефон: + Адрес заявителя: , Российская Федерация, Респ Хакасия, г Абакан, кв-л Молодежный, д. , кв. Электронн--- Суть обращения: Клиент нажимает в приложении ""Бумажное письмо"" и появляется черный экран.",3,40555255,"Тема письма: Услуги для населения/Самостоятельная регистрация отправлений Текст письма: Тематика: Самостоятельная регистрация отправлений Канал поступления обращения: По телефону Дата поступления обращения: : --- Телефон: + Адрес заявителя: , Российская Федерация, г Москва, ул Верхняя Сыромятническая, д. , кв. Индекс ОПС: Учетная запись: + Электро--- Суть обращения: элекронная декларация не распечатывается, нет кнопки",Отслеживание отправлений,(2 линия),Решение предоставлено,0.5674368827318544,,,
40595232,"Тема письма: Услуги для населения/Самостоятельная регистрация отправлений Текст письма: Тематика: Самостоятельная регистрация отправлений Канал поступления обращения: По телефону Дата поступления обращения: : .. --- Телефон: + Адрес заявителя: , Российская Федерация, Респ Хакасия, г Абакан, кв-л Молодежный, д. , кв. Электронн--- Суть обращения: Клиент нажимает в приложении ""Бумажное письмо"" и появляется черный экран.",4,40425015,"Тема письма: Услуги для населения/Самостоятельная регистрация отправлений Текст письма: Тематика: Самостоятельная регистрация отправлений Канал поступления обращения: По телефону Дата поступления обращения: :--- Телефон: + Адрес заявителя: , Российская Федерация, Респ Ингушетия, г Назрань, тер Насыр-Кортский округ, ул Эсмурзиева, д. Электронная--- Суть обращения: Оформил клиент посылку, но в конце не получается сохранить данные, не может подтвердить данные.",Посылки,(1 линия),Не согласован,0.5655668230825828,,,
40595232,"Тема письма: Услуги для населения/Самостоятельная регистрация отправлений Текст письма: Тематика: Самостоятельная регистрация отправлений Канал поступления обращения: По телефону Дата поступления обращения: : .. --- Телефон: + Адрес заявителя: , Российская Федерация, Респ Хакасия, г Абакан, кв-л Молодежный, д. , кв. Электронн--- Суть обращения: Клиент нажимает в приложении ""Бумажное письмо"" и появляется черный экран.",5,38705426,"Тема письма: Услуги для населения/Самостоятельная регистрация отправлений Текст письма: Тематика: Самостоятельная регистрация отправлений Канал поступления обращения: По телефону Дата поступления обращения: : .. ФИ--- Телефон: Адрес заявителя: Москва, ул Бажова. д кв Индекс ОПС: Номер ШПИ: RSRU Электронн--- Суть обращения: RSRU -необходимо удалить!!!",Прочее,(1 линия),Решение предоставлено,0.5646848689957078,,,
38926988,Тема письма: Проблемы с QR-кодом в мобильном приложении Текст письма: Тематика: Акции с промокодами и Мобильное приложение Канал поступления обращения: По телефону Дата поступления обращен--- Телефон: Учетная запись: Электронн--- Суть обращения: Клиенту не приходят push-уведомления и уведомления на электронную почту в мобильном приложении. Просьба проверить данную ситуацию,1,38544632,Тема письма: Проблемы с QR-кодом в мобильном приложении Текст письма: Тематика: Акции с промокодами и Мобильное приложение Канал поступления обращения: По телефону Дата поступления обращения: : .. Телефон: Номер ШПИ: Электронная почта--- Суть обращения: При формировании QR кода появляется ошибка о несогласованности даты и времени,Проблема с QR-код(подключение/отключение),(1 линия),По сроку давности,0.4349360313982194,,,
38926988,Тема письма: Проблемы с QR-кодом в мобильном приложении Текст письма: Тематика: Акции с промокодами и Мобильное приложение Канал поступления обращения: По телефону Дата поступления обращен--- Телефон: Учетная запись: Электронн--- Суть обращения: Клиенту не приходят push-уведомления и уведомления на электронную почту в мобильном приложении. Просьба проверить данную ситуацию,2,38904089,"Тема письма: Проблемы с QR-кодом в мобильном приложении Текст письма: Тематика: Акции с промокодами и Мобильное приложение Канал поступления обращения: По телефону Дата поступления обращения: : .--- Телефон: Электронная--- Суть обращения: Модель телефона Айфон , после обновления приложения ПР приложение полностью перестало работать. На пустой странице написано не удалось загрузить данные, проверьте подключение к сети и повторите попытку",Ошибка в приложении (восстановление работоспособности),(1 линия),Дублирование,0.3905961907716727,,,
38926988,Тема письма: Проблемы с QR-кодом в мобильном приложении Текст письма: Тематика: Акции с промокодами и Мобильное приложение Канал поступления обращения: По телефону Дата поступления обращен--- Телефон: Учетная запись: Электронн--- Суть обращения: Клиенту не приходят push-уведомления и уведомления на электронную почту в мобильном приложении. Просьба проверить данную ситуацию,3,38905753,"Тема письма: Проблемы с QR-кодом в мобильном приложении Текст письма: Тематика: Акции с промокодами и Мобильное приложение Канал поступления обращения: По телефону Дата поступления обращения: :--- Телефон: Индекс ОПС: Номер ШПИ: Электрон--- Суть обращения: Клиент записался в ПО на . на час. и, придя в ПО, его не обслужили по причине, что у них не отобразилась её запись, сказав, что это не их проблема велели встать в общую очередь, хотя им была показана запись в моб.приложении. Просьба разобраться либо с моб.приложением, либо с работой ПО (здесь же находится и ПО по причине временного объединения, с коими работниками и общалась клиентка)",Прочее,(2 линия),Уточнение не предоставлено,0.37001577784348477,,,
38926988,Тема письма: Проблемы с QR-кодом в мобильном приложении Текст письма: Тематика: Акции с промокодами и Мобильное приложение Канал поступления обращения: По телефону Дата поступления обращен--- Телефон: Учетная запись: Электронн--- Суть обращения: Клиенту не приходят push-уведомления и уведомления на электронную почту в мобильном приложении. Просьба проверить данную ситуацию,4,38633738,Тема письма: Акция с промокодами/Клиент не может оплатить промокодом/промокод исчез из МП Текст письма: Тематика: Акции с промокодами и Мобильное приложение Канал поступления обращения: По телефону Дата поступления обращения:--- Телефон: Электронная поч--- Суть обращения: просьба проверить почему на данную электронную почту поступают уведомления о чужих рпо и денежных переводах. просьба исправить ситуацию,Прочее,(1 линия),Дублирование,0.3643529590837201,,,
38926988,Тема письма: Проблемы с QR-кодом в мобильном приложении Текст письма: Тематика: Акции с промокодами и Мобильное приложение Канал поступления обращения: По телефону Дата поступления обращен--- Телефон: Учетная запись: Электронн--- Суть обращения: Клиенту не приходят push-уведомления и уведомления на электронную почту в мобильном приложении. Просьба проверить данную ситуацию,5,38644573,"Тема письма: Акция с промокодами/Клиент не может оплатить промокодом/промокод исчез из МП Текст письма: Тематика: Акции с промокодами и Мобильное приложение Канал поступления обращения: По телефону Дата поступления обращения: : .. --- Телефон: Номер ШПИ: Учетная запись: Электронная п--- Суть обращения: Клиенту на аккаунт не приходят уведомления, хотя раньше приходили.",Прочее,(1 линия),Дублирование,0.34855894356419004,,,
40669087,"Добрый день, меня зовут Денис! Сегодня в : я попытался отправить письмо на сайте, оплатив картой. Оплата прошла, но моё письмо не появилось в списке, соответственно, я не могу скачать бланк для письма. Помогите, пожалуйста! Кеш чмстил и удалял файлы cookie и попробовал снова зайти с другого браузера. Ситуация по отправоению не изменилась. Х--- , .",1,40480424,"Клиент не может скачать бланк с сайта. первый бланк стал доступен для скачивания через два часа минут. Сейчас ожидает второй. Попробал браузера, ситуация не изменилась---",Письма\бандероли,(2 линия),Решение предоставлено,0.2069601198407111,,,
40669087,"Добрый день, меня зовут Денис! Сегодня в : я попытался отправить письмо на сайте, оплатив картой. Оплата прошла, но моё письмо не появилось в списке, соответственно, я не могу скачать бланк для письма. Помогите, пожалуйста! Кеш чмстил и удалял файлы cookie и попробовал снова зайти с другого браузера. Ситуация по отправоению не изменилась. Х--- , .",2,40477560,"Здравствуйте! С .. нет возможности скачать бланк для предоформленного отправления и не выдает трек. Скриншот прилагается. --- ,",Отслеживание отправлений,(1 линия),Решение предоставлено,0.1925654540765203,,,
40669087,"Добрый день, меня зовут Денис! Сегодня в : я попытался отправить письмо на сайте, оплатив картой. Оплата прошла, но моё письмо не появилось в списке, соответственно, я не могу скачать бланк для письма. Помогите, пожалуйста! Кеш чмстил и удалял файлы cookie и попробовал снова зайти с другого браузера. Ситуация по отправоению не изменилась. Х--- , .",3,40298720,"---комментарий: Письмо не двигается, застряло в , с июля",Отслеживание отправлений,(1 линия),Решение предоставлено,0.16702815174368213,,,
40669087,"Добрый день, меня зовут Денис! Сегодня в : я попытался отправить письмо на сайте, оплатив картой. Оплата прошла, но моё письмо не появилось в списке, соответственно, я не могу скачать бланк для письма. Помогите, пожалуйста! Кеш чмстил и удалял файлы cookie и попробовал снова зайти с другого браузера. Ситуация по отправоению не изменилась. Х--- , .",4,38633706,"Ц--- Владис--- Андроид Xiaomi redmi note s при выборе оплаты онлайн бланк не формируется ни в приложении, ни на сайте. Бланк можно скачать, только если выбрана оплата в отделении. Оформляла уже по-разному. Если выбираю оплату СБП - то нет бланка. Если выбираю оплату в отделении - то есть бланк, но мне надо оплатить сразу, чтобы сдать смочь письмо другого человека без доверенности. И кэш чистила, и браузер меняла. СБП даже не предлагает. Только картой.",Не выгружается бланк,(2 линия),Решение предоставлено,0.13067523329794273,,,
40669087,"Добрый день, меня зовут Денис! Сегодня в : я попытался отправить письмо на сайте, оплатив картой. Оплата прошла, но моё письмо не появилось в списке, соответственно, я не могу скачать бланк для письма. Помогите, пожалуйста! Кеш чмстил и удалял файлы cookie и попробовал снова зайти с другого браузера. Ситуация по отправоению не изменилась. Х--- , .",5,40479348,"Добрый день! Второй день не могу распечатать бланк и опись для отправления. Пишет ""Информация об отправлении временно недоступна."" Это проблемы на стороне сайта Почты России или я что то не так делаю? Кеш очистила, перезашла, и все раво ничего не получается. Бланк и опись я так получить и не могу В другом браузере тоже самое У меня очередь из писем, которые я не могу отправить, потому что сайт не выдает бланк и опись к зарегистрированным отправлениям К---?",Отслеживание отправлений,(2 линия),Решение предоставлено,0.12738458263735336,,,
38573468,Добрый день! Необходимо уточнить данные по заказу на доставку. Дата создания заказа.Дата на которую оформлена доставка.Не было ли отмены доставки со стороны клиента.Текущий статус заявки.Была ли заявка оплачена онлайн.Канал поступления - OMS или USSD.,1,38644038,"Добрый день! Обращение ИСО No . У клиента была оформлена заявка на доставку, однако РПО= не было доставлено и возвращено отправителю. Клиент требует возмещение. Прошу проверить оформление заявки и возврат д/с за неоказание услуги по доставке .",Проблема с ОПС/доставкой,(2 линия),Уточнение не предоставлено,0.2567716912748553,,,
38573468,Добрый день! Необходимо уточнить данные по заказу на доставку. Дата создания заказа.Дата на которую оформлена доставка.Не было ли отмены доставки со стороны клиента.Текущий статус заявки.Была ли заявка оплачена онлайн.Канал поступления - OMS или USSD.,2,38647010,"Тема письма: Сервис трекинга /Другое Текст письма: Тематика: Сервис Трекинга. Жалобы/предложения Канал поступления обращения: По телефону Дата поступления обращения: :--- Телефон: ---- Индекс ОПС: Номер ШПИ: Электронная --- Суть обращения: Здравствуйте, просьба предоставить информацию клиенту. была оформлена доставка через сайт на ..., оплата произведена, в ЛК отображается вызов курьера, ожидайте звонок, т.е доставка подтверждена, но ни звонка, ни доставки. На ГЛ доставка невозможна.Просьба проинформировать клиента.",Проблема с ОПС/доставкой,(1 линия),Дублирование,0.1899472192653554,,,
38573468,Добрый день! Необходимо уточнить данные по заказу на доставку. Дата создания заказа.Дата на которую оформлена доставка.Не было ли отмены доставки со стороны клиента.Текущий статус заявки.Была ли заявка оплачена онлайн.Канал поступления - OMS или USSD.,3,38617614,"Добрый день! Необходима консультация со стороны ЛК. В прием был загружен список, который, по словам опс, был сформирован в ЛК. В списке указан договор, который уже давно закрыт в с. В рамках запроса прошу уточнить: . Был ли сформирован указанный список в ЛК? . Есть ли в ЛК контрагент с такими инн/кпп и номером договора (номер договора б/н), если да, кто может скорректировать информацию в ЛК?",Импорт списков из архива ф.103 (zip-архив),(3 линия),Решение предоставлено,0.15536498716959438,,,
38573468,Добрый день! Необходимо уточнить данные по заказу на доставку. Дата создания заказа.Дата на которую оформлена доставка.Не было ли отмены доставки со стороны клиента.Текущий статус заявки.Была ли заявка оплачена онлайн.Канал поступления - OMS или USSD.,4,38645766,Тема письма: Акция с промокодами/Клиент не может оплатить промокодом/промокод исчез из МП Текст письма: Тематика: Акции с промокодами и Мобильное приложение Канал поступления обращения: По телефону Дата поступления обращения: : .. --- Номер ШПИ: Электронная почта к--- Суть обращения: У клиента отсутствует кнопка отмены доставки,Проблема с ОПС/доставкой,(1 линия),Дублирование,0.14580391194270503,,,
38573468,Добрый день! Необходимо уточнить данные по заказу на доставку. Дата создания заказа.Дата на которую оформлена доставка.Не было ли отмены доставки со стороны клиента.Текущий статус заявки.Была ли заявка оплачена онлайн.Канал поступления - OMS или USSD.,5,38645702,"Малгатаева Татьяна Владимиро--- Оформлена доставка за минут .. в ,, не доставили отправление . У меня нет возможности оформить доставку. Кнопка отмена отсутствует, автоматически не отменена и деньги не вернулись. Я вам прислала выписку по карте. Чека на почте у меня нет.",Не проходит оплата/возврат,(1 линия),По сроку давности,0.14301769574305684,,,
38591654,ИСО Тема: Вопрос. Не приходит смс с кодом для подтверждения. Зайти в личный кабинет для отслеживания отправления по трек номеру не могу. Забыла пароль. Помогите пожайлуста. Текст:,1,38620366,Не могу зарегистрироваться в приложении так как не приходит смс с кодом.что делать? Григорьева Вале---,Проблема с авторизацией/ЭЗП/Бонусами/Доверенностями,(1 линия),Решение предоставлено,0.30188234987869644,,,
38591654,ИСО Тема: Вопрос. Не приходит смс с кодом для подтверждения. Зайти в личный кабинет для отслеживания отправления по трек номеру не могу. Забыла пароль. Помогите пожайлуста. Текст:,2,38647482,"Добрый день. почему не приходит СМС подтверждение, пришлите код подтверждения для Получения зак-----",Проблема с push/sms/email,(1 линия),По сроку давности,0.24840594992855003,,,
38591654,ИСО Тема: Вопрос. Не приходит смс с кодом для подтверждения. Зайти в личный кабинет для отслеживания отправления по трек номеру не могу. Забыла пароль. Помогите пожайлуста. Текст:,3,40164083,"---а , комментарий: Пробую зайти в личный кабинет через компьютер, у меня на экране белый экран, обновить, выйти заново зайти не получается",Прочее,(1 линия),Решение предоставлено,0.20682143542634882,,,
38591654,ИСО Тема: Вопрос. Не приходит смс с кодом для подтверждения. Зайти в личный кабинет для отслеживания отправления по трек номеру не могу. Забыла пароль. Помогите пожайлуста. Текст:,4,40698132,"Здравствуйте, перестали отображаться движения отправлений по трек номеру --- Скаже---",Отслеживание отправлений,(2 линия),Решение предоставлено,0.20297668682433412,,,
38591654,ИСО Тема: Вопрос. Не приходит смс с кодом для подтверждения. Зайти в личный кабинет для отслеживания отправления по трек номеру не могу. Забыла пароль. Помогите пожайлуста. Текст:,5,40643815,"Тема письма: Не могу зайти в аккаунт Текст письма: Добрый день! Прошу Вас помочь с входом в личный кабинет. Не могу зайти уже несколько месяцев. Пишет, что сейчас --- +---- С Уважен--- моб.тел. ----",Недоступность портала,(2 линия),Уточнение не предоставлено,0.19784856100684722,,,
40489288,"Тема письма: Услуги для населения/Самостоятельная регистрация отправлений Текст письма: Тематика: Самостоятельная регистрация отправлений Канал поступления обращения: По телефону Дата поступления обращения: : .. --- Телефон: + Адрес заявителя: г Москва, б-р Осенний, д. , к. , кв. Электронная п--- Суть обращения: При массовой рассылке отправлений сервис недоступен. Просьба срочно связаться с клиентом. Сроки заканчиваются.",1,40421742,"Тема письма: Услуги для населения/Самостоятельная регистрация отправлений Текст письма: Тематика: Самостоятельная регистрация отправлений Канал поступления обращения: По телефону Дата поступления обращения: : .--- Телефон: + Адрес заявителя: г Москва, ул Стартовая, д. , кв. Номер ШПИ: Электронная --- Суть обращения: При приеме в опс не проходят рпо созданные в мп и сайте",Письма\бандероли,(2 линия),Уточнение не предоставлено,0.6899623659988298,,,
40489288,"Тема письма: Услуги для населения/Самостоятельная регистрация отправлений Текст письма: Тематика: Самостоятельная регистрация отправлений Канал поступления обращения: По телефону Дата поступления обращения: : .. --- Телефон: + Адрес заявителя: г Москва, б-р Осенний, д. , к. , кв. Электронная п--- Суть обращения: При массовой рассылке отправлений сервис недоступен. Просьба срочно связаться с клиентом. Сроки заканчиваются.",2,38705426,"Тема письма: Услуги для населения/Самостоятельная регистрация отправлений Текст письма: Тематика: Самостоятельная регистрация отправлений Канал поступления обращения: По телефону Дата поступления обращения: : .. ФИ--- Телефон: Адрес заявителя: Москва, ул Бажова. д кв Индекс ОПС: Номер ШПИ: RSRU Электронн--- Суть обращения: RSRU -необходимо удалить!!!",Прочее,(1 линия),Решение предоставлено,0.5931904159554996,,,
40489288,"Тема письма: Услуги для населения/Самостоятельная регистрация отправлений Текст письма: Тематика: Самостоятельная регистрация отправлений Канал поступления обращения: По телефону Дата поступления обращения: : .. --- Телефон: + Адрес заявителя: г Москва, б-р Осенний, д. , к. , кв. Электронная п--- Суть обращения: При массовой рассылке отправлений сервис недоступен. Просьба срочно связаться с клиентом. Сроки заканчиваются.",3,40614919,"Тема письма: Услуги для населения/Самостоятельная регистрация отправлений Текст письма: Тематика: Самостоятельная регистрация отправлений Канал поступления обращения: По телефону Дата поступления обращения--- Телефон: + Адрес заявителя: , Российская Федерация, обл Ленинградская, р-н Всеволожский, д Заневка, ул Ладожская, д. , кв. Электронная--- Суть обращения: клиент простит проверить работу ЛК не может самостоятельно офоримить посылку к отправке",Посылки,(1 линия),Не согласован,0.5837233654956925,,,
40489288,"Тема письма: Услуги для населения/Самостоятельная регистрация отправлений Текст письма: Тематика: Самостоятельная регистрация отправлений Канал поступления обращения: По телефону Дата поступления обращения: : .. --- Телефон: + Адрес заявителя: г Москва, б-р Осенний, д. , к. , кв. Электронная п--- Суть обращения: При массовой рассылке отправлений сервис недоступен. Просьба срочно связаться с клиентом. Сроки заканчиваются.",4,40702941,Тема письма: Услуги для населения/Самостоятельная регистрация отправлений Текст письма: Тематика: Самостоятельная регистрация отправлений Канал поступления обращения: По телефону Дата поступления обращения: : .--- Телефон: + Электронная п--- Суть обращения: На сайте на заполняется адрес. В адресе нет улицы здание университета и номер общежития. Отправляют в Кампус,Проблема с адресом\индексом,(1 линия),Уточнение не предоставлено,0.5689669768546448,,,
40489288,"Тема письма: Услуги для населения/Самостоятельная регистрация отправлений Текст письма: Тематика: Самостоятельная регистрация отправлений Канал поступления обращения: По телефону Дата поступления обращения: : .. --- Телефон: + Адрес заявителя: г Москва, б-р Осенний, д. , к. , кв. Электронная п--- Суть обращения: При массовой рассылке отправлений сервис недоступен. Просьба срочно связаться с клиентом. Сроки заканчиваются.",5,40467090,"Тема письма: Услуги для населения/Самостоятельная регистрация отправлений Текст письма: Тематика: Самостоятельная регистрация отправлений Канал поступления обращения: По телефону Дата поступления обращения: : .. --- Телефон: + Адрес заявителя: , Российская Федерация, обл Ивановская, г Шуя, ул Красноказарменная -я, д. , кв. Электронная п--- Суть обращения: Оформляли РПО, деньги списались, но ни трека, ни бланка не оформилось. в личном кабинет тоже нет.",Письма\бандероли,(2 линия),Решение предоставлено,0.554392739530789,,,
38596775,"В личном кабинете в отображаемом имени для--- М., должно быть С. В извещении все верно указано С--- М",1,38886109,"С--- М--- А--- QR активировал, смс сообщение каждый раз надо вводить чтобы зайти в qr код, так не должно быть",Проблема с QR-код(подключение/отключение),(1 линия),Уточнение не предоставлено,0.27335787490955044,,,
38596775,"В личном кабинете в отображаемом имени для--- М., должно быть С. В извещении все верно указано С--- М",2,38594629,"УКД Щелково Добрый день, у нас наблюдается проблематика в приём.ру: у нас верно прописаны планы направления, все индекса и интервалы указаны верно, что можно наблюдать в представленных ниже фотографиях, но отправление вместо направления Магадан УКД, согласно индексу адресования, автоматически попадает в ёмкость Магадан МСЦ. При попытке приписать вручную РПО к ёмкости Магадан УКД, появляется сообщение, которое также прикладываю нижу: ""согласно правилам сортировки это отправление должно быть помещено в ёмкость Магадан МСЦ"". Каким образом и почему так происходит? Виды отправлений, категории, индекса всё указано и прописано верно. Что с этим делать? """,Формирование и закрытие емкостей,(3 линия),Решение предоставлено,0.24424385528045192,,,
38596775,"В личном кабинете в отображаемом имени для--- М., должно быть С. В извещении все верно указано С--- М",3,40610934,"В личном кабинете не отслеживаются отправления показывет пустое окно. кэш и куки---, ,---,",Отслеживание отправлений,(1 линия),Решение предоставлено,0.13883781306632248,,,
38596775,"В личном кабинете в отображаемом имени для--- М., должно быть С. В извещении все верно указано С--- М",4,40713547,"Добрый день. Оформил оптравление . Спустя минут после создания возможности скачать бланки нет ни в личном кабинете на сайте, ни в личном кабинете в мобильном приложении. Кнопки ""Бланк"" нет. Просьба уточнить, когда бланки будут готовы для скачивания? ФИО ---",Посылки,(2 линия),Решение предоставлено,0.13780307724814284,,,
38596775,"В личном кабинете в отображаемом имени для--- М., должно быть С. В извещении все верно указано С--- М",5,39653354,Здравствуйте! В личном кабинете физического лица нет возможности изменить способ оплаты. Необходимо отключить СБП. Ф--- Мак---,Личный кабинет,(2 линия),Решение предоставлено,0.1370666042354167,,,
40405913,"Инн: ДОБРЫЙ ДЕНЬ. В НАСТОЯЩЕЕ ВРЕМЯ НЕ РАБОТАЕТ ОТСЛЕЖИВАНИЕ ОТПРАВЛЕНИЙ ,ПРОСИМ ВАС УСТРАНИТЬ НЕПОЛАДКИ. ПРОСТО НЕВОЗМОЖНО ОТСЛЕДИТЬ И ПОСМОТРЕТЬ ПОЛНУЮ ИНФОРМАЦИЮ ПО ТРЕК-НОМЕРАМ.Ответы на ваши вопросы в Базе Знаний. Вы также можете посмотреть видеоинструкции по работе с личным кабинетом на YouTube канале. С уважением, Команда сервиса otpravka.pochta.ru АО «Почта России»",1,38135950,"Инн: Пользо--- добавил комментарий: Пришлите, пожалуйста, реестр ф по партии, которую пытаетесь сдать. Ответы на ваши вопросы в Базе Знаний. Вы также можете посмотреть видеоинструкции по работе с личным кабинетом на YouTube канале. С уважением, Команда сервиса otpravka.pochta.ru АО «Почта России»",Импорт списков из ЛК ЮЛ,(2 линия),Решение предоставлено,0.7218335797299157,,,
40405913,"Инн: ДОБРЫЙ ДЕНЬ. В НАСТОЯЩЕЕ ВРЕМЯ НЕ РАБОТАЕТ ОТСЛЕЖИВАНИЕ ОТПРАВЛЕНИЙ ,ПРОСИМ ВАС УСТРАНИТЬ НЕПОЛАДКИ. ПРОСТО НЕВОЗМОЖНО ОТСЛЕДИТЬ И ПОСМОТРЕТЬ ПОЛНУЮ ИНФОРМАЦИЮ ПО ТРЕК-НОМЕРАМ.Ответы на ваши вопросы в Базе Знаний. Вы также можете посмотреть видеоинструкции по работе с личным кабинетом на YouTube канале. С уважением, Команда сервиса otpravka.pochta.ru АО «Почта России»",2,40461436,"Инн: Почему не формируется отчет об отслеживании отправления по трек-номеру?Ответы на ваши вопросы в Базе Знаний. Вы также можете посмотреть видеоинструкции по работе с личным кабинетом на YouTube канале. С уважением, Команда сервиса otpravka.pochta.ru АО «Почта России»",Отслеживание отправлений,(1 линия),Решение предоставлено,0.7217701907665436,,,
40405913,"Инн: ДОБРЫЙ ДЕНЬ. В НАСТОЯЩЕЕ ВРЕМЯ НЕ РАБОТАЕТ ОТСЛЕЖИВАНИЕ ОТПРАВЛЕНИЙ ,ПРОСИМ ВАС УСТРАНИТЬ НЕПОЛАДКИ. ПРОСТО НЕВОЗМОЖНО ОТСЛЕДИТЬ И ПОСМОТРЕТЬ ПОЛНУЮ ИНФОРМАЦИЮ ПО ТРЕК-НОМЕРАМ.Ответы на ваши вопросы в Базе Знаний. Вы также можете посмотреть видеоинструкции по работе с личным кабинетом на YouTube канале. С уважением, Команда сервиса otpravka.pochta.ru АО «Почта России»",3,40652595,"Инн: Уже вторую неделю не работает функция отслеживания, либо работает выборочно, не по всем отправлениям.Ответы на ваши вопросы в Базе Знаний. Вы также можете посмотреть видеоинструкции по работе с личным кабинетом на YouTube канале. С уважением, Команда сервиса otpravka.pochta.ru АО «Почта России»",Отслеживание отправлений,(2 линия),Решение предоставлено,0.718716180332672,,,
40405913,"Инн: ДОБРЫЙ ДЕНЬ. В НАСТОЯЩЕЕ ВРЕМЯ НЕ РАБОТАЕТ ОТСЛЕЖИВАНИЕ ОТПРАВЛЕНИЙ ,ПРОСИМ ВАС УСТРАНИТЬ НЕПОЛАДКИ. ПРОСТО НЕВОЗМОЖНО ОТСЛЕДИТЬ И ПОСМОТРЕТЬ ПОЛНУЮ ИНФОРМАЦИЮ ПО ТРЕК-НОМЕРАМ.Ответы на ваши вопросы в Базе Знаний. Вы также можете посмотреть видеоинструкции по работе с личным кабинетом на YouTube канале. С уважением, Команда сервиса otpravka.pochta.ru АО «Почта России»",4,40608714,"Инн: Прошу отменить запрос No , в связи с решением вопроса. Заранее благодарю!Ответы на ваши вопросы в Базе Знаний. Вы также можете посмотреть видеоинструкции по работе с личным кабинетом на YouTube канале. С уважением, Команда сервиса otpravka.pochta.ru АО «Почта России»",Личный кабинет,(1 линия),Отменено,0.7183078461538339,,,
40405913,"Инн: ДОБРЫЙ ДЕНЬ. В НАСТОЯЩЕЕ ВРЕМЯ НЕ РАБОТАЕТ ОТСЛЕЖИВАНИЕ ОТПРАВЛЕНИЙ ,ПРОСИМ ВАС УСТРАНИТЬ НЕПОЛАДКИ. ПРОСТО НЕВОЗМОЖНО ОТСЛЕДИТЬ И ПОСМОТРЕТЬ ПОЛНУЮ ИНФОРМАЦИЮ ПО ТРЕК-НОМЕРАМ.Ответы на ваши вопросы в Базе Знаний. Вы также можете посмотреть видеоинструкции по работе с личным кабинетом на YouTube канале. С уважением, Команда сервиса otpravka.pochta.ru АО «Почта России»",5,40641228,"Инн: не удается скачать отчёт об отслеживании почтового отправленияОтветы на ваши вопросы в Базе Знаний. Вы также можете посмотреть видеоинструкции по работе с личным кабинетом на YouTube канале. С уважением, Команда сервиса otpravka.pochta.ru АО «Почта России»",Отслеживание отправлений,(1 линия),Решение предоставлено,0.7107550089263203,,,
38019652,"Тема письма: Невыполненые обязательства Текст письма: C января курьер почты России игнорирует доставку посылки , неоднократные обращения по телефону и в поддержку приложения не принесли результатов. Сейчас узнаем, сейчас разберемся, а потом просто перестают отвечать. Обращение на обращение, жалоба на обращение, срок до дней. А срок хранения подходит к концу. Да вы и лучше меня знаете, как работает ваша система. Прошу в короткий срок осуществить курьерскую доставку по адресу, указанному на отправлении: , обл. Московская, г.Домодедово, д.Истомиха, д. (тел получателя +)",1,40516460,"Тема письма: Срок хранения Текст письма: Здравствуйте, почему до истечении срока хранения посылки уходит обратно, -- Отправлено из Mail для Android",Электронные обращения,(1 линия),Не согласован,0.2207659083286366,,,
38019652,"Тема письма: Невыполненые обязательства Текст письма: C января курьер почты России игнорирует доставку посылки , неоднократные обращения по телефону и в поддержку приложения не принесли результатов. Сейчас узнаем, сейчас разберемся, а потом просто перестают отвечать. Обращение на обращение, жалоба на обращение, срок до дней. А срок хранения подходит к концу. Да вы и лучше меня знаете, как работает ваша система. Прошу в короткий срок осуществить курьерскую доставку по адресу, указанному на отправлении: , обл. Московская, г.Домодедово, д.Истомиха, д. (тел получателя +)",2,40632158,Тема письма: Жалоба Текст письма: посылка нр С Калининградсой области до адреса не может добраться первоначальный срок доставки был назначен на / теперь срок изменился уже на / безобразная работа на сортировке прошу принять меры к розыску посылки и дальшейшему сделованию к адресату. БЕСПРЕДЕЛ!,Электронные обращения,(1 линия),Не согласован,0.15819622607278117,,,
38019652,"Тема письма: Невыполненые обязательства Текст письма: C января курьер почты России игнорирует доставку посылки , неоднократные обращения по телефону и в поддержку приложения не принесли результатов. Сейчас узнаем, сейчас разберемся, а потом просто перестают отвечать. Обращение на обращение, жалоба на обращение, срок до дней. А срок хранения подходит к концу. Да вы и лучше меня знаете, как работает ваша система. Прошу в короткий срок осуществить курьерскую доставку по адресу, указанному на отправлении: , обл. Московская, г.Домодедово, д.Истомиха, д. (тел получателя +)",3,38896860,"Добрый день! Уважаемые коллеги! Поступило обращение ИСО- Я отвечаю что РПО вручено, а клиент пишет повторное обращение, что приход ей сообщение можно получить до .. Прошу проверить отправку СМС уведомления РПО Сообщите р--- Тема: Re: Ответ на обращение No Текст: Поясните пожалуйста, вы пишите, что мои документы вручены представителю банка, однако по отслеживание, написано можно получать срок до .,значит никому не вручено письмо! Прошу разобраться, найти документы и доставить адресата, иначе буду вынуждена подать в суд, так как с утерей официальных документов, были нарушены права несовершеннолетних детей!!!!! Отправлено с моего телефона HONOR -------- Исходное сообщение -------- От: Почта ---> Дата: ср, ма---",Проблема с push/sms/email,(1 линия),Уточнение не предоставлено,0.14911036527868363,,,
38019652,"Тема письма: Невыполненые обязательства Текст письма: C января курьер почты России игнорирует доставку посылки , неоднократные обращения по телефону и в поддержку приложения не принесли результатов. Сейчас узнаем, сейчас разберемся, а потом просто перестают отвечать. Обращение на обращение, жалоба на обращение, срок до дней. А срок хранения подходит к концу. Да вы и лучше меня знаете, как работает ваша система. Прошу в короткий срок осуществить курьерскую доставку по адресу, указанному на отправлении: , обл. Московская, г.Домодедово, д.Истомиха, д. (тел получателя +)",4,40489760,"Тема письма: Сервис трекинга /Другое Текст письма: Тематика: Сервис Трекинга. Жалобы/предложения Канал поступления обращения: По телефону Дата поступления обращения: : --- Телефон: + Адрес заявителя: , Российская Федерация, обл Смоленская, р-н Рославльский, г Рославль, ул Кирова, д. Индекс ОПС: Номер ШПИ: Адрес почтомата: - Учетная запись: - Электронная --- Суть обращения: Жалоба на длительную доставку, был отправлен подарок на др сыну, дата стояла августа получения, сейчас сдвинута на , клиента это не устраивает, настоял на жалобе. Требуется оф.ответ.",Проблема с ОПС/доставкой,(1 линия),Решение предоставлено,0.14702495907665464,,,
38019652,"Тема письма: Невыполненые обязательства Текст письма: C января курьер почты России игнорирует доставку посылки , неоднократные обращения по телефону и в поддержку приложения не принесли результатов. Сейчас узнаем, сейчас разберемся, а потом просто перестают отвечать. Обращение на обращение, жалоба на обращение, срок до дней. А срок хранения подходит к концу. Да вы и лучше меня знаете, как работает ваша система. Прошу в короткий срок осуществить курьерскую доставку по адресу, указанному на отправлении: , обл. Московская, г.Домодедово, д.Истомиха, д. (тел получателя +)",5,38719057,"Здравствуйте! трек LCCN К--- В--- Ев--- Адрес просп. Комсомольский, клиент не может оформить курьерскую доставку. скрины",Ошибка в приложении (восстановление работоспособности),(1 линия),Дублирование,0.14418867884345393,,,
38907923,Добрый--- - тел. +--- - на стадии подключения электронной подписи при подключении Qr кода скрины я Вам два раза отправлял - ошибку выдавало Ваше приложение - сейчас ещё раз попробую. Файлы в систему не загружаются по техническим причинам. Ответ просьба предоставить на эл. почту клиента. спасибо,1,38898991,Не поступают уведомления. Нов---. Ответ предоставить на электронную почту клиента.,Проблема с push/sms/email,(1 линия),Дублирование,0.17372290349322098,,,
38907923,Добрый--- - тел. +--- - на стадии подключения электронной подписи при подключении Qr кода скрины я Вам два раза отправлял - ошибку выдавало Ваше приложение - сейчас ещё раз попробую. Файлы в систему не загружаются по техническим причинам. Ответ просьба предоставить на эл. почту клиента. спасибо,2,38621509,Добрый день! ОПС Не загружаются списки ф на простые письма. Программа выдает ошибку. Скрины во вложении.,Импорт списков из ЛК ЮЛ,(2 линия),Решение предоставлено,0.1524345677404213,,,
38907923,Добрый--- - тел. +--- - на стадии подключения электронной подписи при подключении Qr кода скрины я Вам два раза отправлял - ошибку выдавало Ваше приложение - сейчас ещё раз попробую. Файлы в систему не загружаются по техническим причинам. Ответ просьба предоставить на эл. почту клиента. спасибо,3,38688115,"RP- первый запрос. в него не могу добавить комментарий, поэтому этот за---с изменения в паспортные данные .. г.. Со слов клиента, сейчас возникает проблема при получении РПО при помощи QR кода. В ОПС у сотрудника пишут, что код не верный. Обновляла, переустанавливала приложение, проблема сохраняется. Просьба разобраться в ситуации. А--- Анаст--- КЛИЕНТУ: Просьба обновить паспортные данные обратившись с паспортом в ближайшее отделение почтовой связи или на сайте по ---/pmu/application/update-pep?type=profile , после чего повторить попытку подключения qr-кода и уточнить актуальность проблемы ОТВЕТ КЛИЕНТА: Уже обновляли два раза данные в отделении.",Проблема с QR-код(подключение/отключение),(1 линия),Решение предоставлено,0.1451205923976372,,,
38907923,Добрый--- - тел. +--- - на стадии подключения электронной подписи при подключении Qr кода скрины я Вам два раза отправлял - ошибку выдавало Ваше приложение - сейчас ещё раз попробую. Файлы в систему не загружаются по техническим причинам. Ответ просьба предоставить на эл. почту клиента. спасибо,4,38675872,Нет иконки qr кода и опции подтвердить личность с помощью qr кода в профиле. Г--- Ма---,Проблема с QR-код(подключение/отключение),(1 линия),Решение предоставлено,0.13398148463066606,,,
38907923,Добрый--- - тел. +--- - на стадии подключения электронной подписи при подключении Qr кода скрины я Вам два раза отправлял - ошибку выдавало Ваше приложение - сейчас ещё раз попробую. Файлы в систему не загружаются по техническим причинам. Ответ просьба предоставить на эл. почту клиента. спасибо,5,38628469,"Здравствуйте, не могу подключить услугу получения отправлений по QR-коду, портал госуслуг выдает, что ранее услуга была подключ---. Пишет нет электронной подписи. Что делать? ПЭП не работает Нет QR-кода и госуслуги пишут, что я уже зарегистрирована. Но QR-код не появляется Б--- Надежда Серг---",Проблема с QR-код(подключение/отключение),(1 линия),Решение предоставлено,0.1297864662014442,,,
40608069,"Тема письма: Сервис трекинга /Другое Текст письма: Тематика: Сервис Трекинга. Жалобы/предложения Канал поступления обращения: По телефону Дата поступления обращения: --- Телефон: + Адрес заявителя: , Российская Федерация, обл Псковская, г Великие Луки, пр-кт Ленина, д. , кв. Индекс ОПС: Номер ШПИ: Адрес почтомата: Санкт-Петербург, Электронная почта к--- Суть обращения: Была заказана экспресс доставка , но сроки нарушены.",1,40573329,"Тема письма: Сервис трекинга /Другое Текст письма: Тематика: Сервис Трекинга. Жалобы/предложения Канал поступления обращения: По телефону Дата поступления обращения: :--- Телефон: + Адрес заявителя: , Российская Федерация, край Краснодарский, г Краснодар, ул Российская, д. /, к. , кв. Индекс ОПС: Номер ШПИ: Адрес почтомата: город Краснодарск ул Сороколетия победы Электронная по--- Суть обращения: Нарушены все сроки доставки.",Отслеживание отправлений,(1 линия),Решение предоставлено,0.5859357498227578,,,
40608069,"Тема письма: Сервис трекинга /Другое Текст письма: Тематика: Сервис Трекинга. Жалобы/предложения Канал поступления обращения: По телефону Дата поступления обращения: --- Телефон: + Адрес заявителя: , Российская Федерация, обл Псковская, г Великие Луки, пр-кт Ленина, д. , кв. Индекс ОПС: Номер ШПИ: Адрес почтомата: Санкт-Петербург, Электронная почта к--- Суть обращения: Была заказана экспресс доставка , но сроки нарушены.",2,40485401,"Тема письма: Сервис трекинга /Другое Текст письма: Тематика: Сервис Трекинга. Жалобы/предложения Канал поступления обращения: По телефону Дата поступления обращения: : .. ФИ--- Телефон: + Адрес заявителя: , Российская Федерация, обл Липецкая, г Липецк, ул Моршанская, д. , кв. Индекс ОПС: Номер ШПИ: ******** Адрес почтомата: - Учетная запись: - Электронна--- Суть обращения: с / отправление зависло на сортировке в львовском. просьба найти и доставить",Электронные обращения,(1 линия),Не согласован,0.5575314471685384,,,
40608069,"Тема письма: Сервис трекинга /Другое Текст письма: Тематика: Сервис Трекинга. Жалобы/предложения Канал поступления обращения: По телефону Дата поступления обращения: --- Телефон: + Адрес заявителя: , Российская Федерация, обл Псковская, г Великие Луки, пр-кт Ленина, д. , кв. Индекс ОПС: Номер ШПИ: Адрес почтомата: Санкт-Петербург, Электронная почта к--- Суть обращения: Была заказана экспресс доставка , но сроки нарушены.",3,40396167,"Тема письма: Сервис трекинга /Другое Текст письма: Тематика: Сервис Трекинга. Жалобы/предложения Канал поступления обращения: По телефону Дата поступления обращения: : ..--- Телефон: + Адрес заявителя: , Российская Федерация, обл Ростовская, г Донецк, ул Станиславского, д. , кв. Индекс ОПС: Номер ШПИ: Электронная--- Суть обращения: необходимо данное отправление не отправлять отправителю. Получатель заберет отправление ..г",Прочее,(1 линия),Решение предоставлено,0.5459934070039704,,,
40608069,"Тема письма: Сервис трекинга /Другое Текст письма: Тематика: Сервис Трекинга. Жалобы/предложения Канал поступления обращения: По телефону Дата поступления обращения: --- Телефон: + Адрес заявителя: , Российская Федерация, обл Псковская, г Великие Луки, пр-кт Ленина, д. , кв. Индекс ОПС: Номер ШПИ: Адрес почтомата: Санкт-Петербург, Электронная почта к--- Суть обращения: Была заказана экспресс доставка , но сроки нарушены.",4,40561318,"Тема письма: Сервис трекинга /Другое Текст письма: Тематика: Сервис Трекинга. Жалобы/предложения Канал поступления обращения: По телефону Дата поступления обращения: : .. Телефон: + Адрес заявителя: Новокубанск , Индекс ОПС: Номер ШПИ: Адрес почтомата: Учетная запись: есть Электронная почта клиента: Суть обращения: Вес РПО в процесс движения уменьшился .Просьба проконтролировать конечный заявленный вес",Отслеживание отправлений,(1 линия),Решение предоставлено,0.539547181936006,,,
40608069,"Тема письма: Сервис трекинга /Другое Текст письма: Тематика: Сервис Трекинга. Жалобы/предложения Канал поступления обращения: По телефону Дата поступления обращения: --- Телефон: + Адрес заявителя: , Российская Федерация, обл Псковская, г Великие Луки, пр-кт Ленина, д. , кв. Индекс ОПС: Номер ШПИ: Адрес почтомата: Санкт-Петербург, Электронная почта к--- Суть обращения: Была заказана экспресс доставка , но сроки нарушены.",5,40393277,"Тема письма: Сервис трекинга /Другое Текст письма: Тематика: Сервис Трекинга. Жалобы/предложения Канал поступления обращения: По телефону Дата поступления обращения: : .--- Телефон: Адрес заявителя: , Тамбов Ул Марта , , кв Индекс ОПС: Номер ШПИ: ******** Адрес почтомата: Учетная запись: нет Электронн--- Суть обращения: Просьба ускорить отправку ДИПЛОМ",Отслеживание отправлений,(1 линия),Решение предоставлено,0.531305367810012,,,
40596006,"Тема письма: Услуги для населения/Самостоятельная регистрация отправлений Текст письма: Тематика: Самостоятельная регистрация отправлений Канал поступления обращения: По телефону Дата поступления обращения: : .. --- Телефон: + Адрес заявителя: , Российская Федерация, г Москва, ул Рогова, д. , к. , кв. Учетная запись: да Электронная п--- Суть обращения: кл не может добавить а/я получателя Не возможно добавить адрес А/Я (в строку адрес) Ручной ввод не предлагает и не фиксирует Оформляет предзаполненое отправление.",1,40555255,"Тема письма: Услуги для населения/Самостоятельная регистрация отправлений Текст письма: Тематика: Самостоятельная регистрация отправлений Канал поступления обращения: По телефону Дата поступления обращения: : --- Телефон: + Адрес заявителя: , Российская Федерация, г Москва, ул Верхняя Сыромятническая, д. , кв. Индекс ОПС: Учетная запись: + Электро--- Суть обращения: элекронная декларация не распечатывается, нет кнопки",Отслеживание отправлений,(2 линия),Решение предоставлено,0.5480108867062197,,,
40596006,"Тема письма: Услуги для населения/Самостоятельная регистрация отправлений Текст письма: Тематика: Самостоятельная регистрация отправлений Канал поступления обращения: По телефону Дата поступления обращения: : .. --- Телефон: + Адрес заявителя: , Российская Федерация, г Москва, ул Рогова, д. , к. , кв. Учетная запись: да Электронная п--- Суть обращения: кл не может добавить а/я получателя Не возможно добавить адрес А/Я (в строку адрес) Ручной ввод не предлагает и не фиксирует Оформляет предзаполненое отправление.",2,40421742,"Тема письма: Услуги для населения/Самостоятельная регистрация отправлений Текст письма: Тематика: Самостоятельная регистрация отправлений Канал поступления обращения: По телефону Дата поступления обращения: : .--- Телефон: + Адрес заявителя: г Москва, ул Стартовая, д. , кв. Номер ШПИ: Электронная --- Суть обращения: При приеме в опс не проходят рпо созданные в мп и сайте",Письма\бандероли,(2 линия),Уточнение не предоставлено,0.51144006293585,,,
40596006,"Тема письма: Услуги для населения/Самостоятельная регистрация отправлений Текст письма: Тематика: Самостоятельная регистрация отправлений Канал поступления обращения: По телефону Дата поступления обращения: : .. --- Телефон: + Адрес заявителя: , Российская Федерация, г Москва, ул Рогова, д. , к. , кв. Учетная запись: да Электронная п--- Суть обращения: кл не может добавить а/я получателя Не возможно добавить адрес А/Я (в строку адрес) Ручной ввод не предлагает и не фиксирует Оформляет предзаполненое отправление.",3,40483798,"Тема письма: Услуги для населения/Самостоятельная регистрация отправлений Текст письма: Тематика: Самостоятельная регистрация отправлений Канал поступления обращения: По телефону Дата поступления обращения: : .--- Телефон: + Адрес заявителя: , Российская Федерация, г Москва, г Москва, ул -я Филевская, д. , к. , кв. Номер ШПИ: Учетная запись: Электр--- Суть обращения: предзаполненное отправление не находится в системе опс по трек номеру",Посылки,(1 линия),Уточнение не предоставлено,0.5091849920561577,,,
40596006,"Тема письма: Услуги для населения/Самостоятельная регистрация отправлений Текст письма: Тематика: Самостоятельная регистрация отправлений Канал поступления обращения: По телефону Дата поступления обращения: : .. --- Телефон: + Адрес заявителя: , Российская Федерация, г Москва, ул Рогова, д. , к. , кв. Учетная запись: да Электронная п--- Суть обращения: кл не может добавить а/я получателя Не возможно добавить адрес А/Я (в строку адрес) Ручной ввод не предлагает и не фиксирует Оформляет предзаполненое отправление.",4,40614919,"Тема письма: Услуги для населения/Самостоятельная регистрация отправлений Текст письма: Тематика: Самостоятельная регистрация отправлений Канал поступления обращения: По телефону Дата поступления обращения--- Телефон: + Адрес заявителя: , Российская Федерация, обл Ленинградская, р-н Всеволожский, д Заневка, ул Ладожская, д. , кв. Электронная--- Суть обращения: клиент простит проверить работу ЛК не может самостоятельно офоримить посылку к отправке",Посылки,(1 линия),Не согласован,0.49373316194550465,,,
40596006,"Тема письма: Услуги для населения/Самостоятельная регистрация отправлений Текст письма: Тематика: Самостоятельная регистрация отправлений Канал поступления обращения: По телефону Дата поступления обращения: : .. --- Телефон: + Адрес заявителя: , Российская Федерация, г Москва, ул Рогова, д. , к. , кв. Учетная запись: да Электронная п--- Суть обращения: кл не может добавить а/я получателя Не возможно добавить адрес А/Я (в строку адрес) Ручной ввод не предлагает и не фиксирует Оформляет предзаполненое отправление.",5,40444017,"Тема письма: Услуги для населения/Самостоятельная регистрация отправлений Текст письма: Тематика: Самостоятельная регистрация отправлений Канал поступления обращения: По телефону Дата поступления обращения: : .--- Телефон: + Адрес заявителя: , Российская Федерация, г Москва, пер Глинистый, д. , кв. Электронная по--- Суть обращения: три раза пытались оплатить картой на сайте,приходиться снова формировать",Ошибки оплаты,(1 линия),Уточнение не предоставлено,0.4589121989851475,,,
38905195,Тема письма: Акция с промокодами/Клиент не может оплатить промокодом/промокод исчез из МП Текст письма: Тематика: Акции с промокодами и Мобильное приложение Канал поступления обращения: По телефону Дата поступления обращения: : .. ФИ---м Телефон: Индекс ОПС: Электронн--- Суть обращения: обманным путем заставили оформить мультиподпись,1,38568434,Тема письма: Акция с промокодами/Клиент не может оплатить промокодом/промокод исчез из МП Текст письма: Тематика: Акции с промокодами и Мобильное приложение Канал поступления обращения: По телефону Дата поступления обращения: : .. ФИ--- Телефон: Номер ШПИ: ******** Электрон--- Суть обращения: клиент отправил по кюр коду письмо не отображается в личном кабинете.,Прочее,(1 линия),Дублирование,0.6954864610856637,,,
38905195,Тема письма: Акция с промокодами/Клиент не может оплатить промокодом/промокод исчез из МП Текст письма: Тематика: Акции с промокодами и Мобильное приложение Канал поступления обращения: По телефону Дата поступления обращения: : .. ФИ---м Телефон: Индекс ОПС: Электронн--- Суть обращения: обманным путем заставили оформить мультиподпись,2,40650138,"Тема письма: Акция с промокодами/Клиент не может оплатить промокодом/промокод исчез из МП Текст письма: Тематика: Акции с промокодами и Мобильное приложение Канал поступления обращения: По телефону Дата поступления обращения: : .--- Телефон: + Индекс ОПС: Номер ШПИ: Учетная запись: + Электронная п--- Суть обращения: Клиент получил РПО в -х числах июля, просит убрать некорректный статус",Отслеживание отправлений,(1 линия),Решение предоставлено,0.6779409240347166,,,
38905195,Тема письма: Акция с промокодами/Клиент не может оплатить промокодом/промокод исчез из МП Текст письма: Тематика: Акции с промокодами и Мобильное приложение Канал поступления обращения: По телефону Дата поступления обращения: : .. ФИ---м Телефон: Индекс ОПС: Электронн--- Суть обращения: обманным путем заставили оформить мультиподпись,3,38571329,Тема письма: Акция с промокодами/Клиент не может оплатить промокодом/промокод исчез из МП Текст письма: Тематика: Акции с промокодами и Мобильное приложение Канал поступления обращения: По телефону Дата поступления обращения: : .. ФИ--- Телефон: Номер ШПИ: Учетная запись: Электронн--- Суть обращения: Электронные извещения не приходят на мой телефон в СМС формате и в МП приложении в пуш-уведомления.,Прочее,(1 линия),Дублирование,0.6569955744167849,,,
38905195,Тема письма: Акция с промокодами/Клиент не может оплатить промокодом/промокод исчез из МП Текст письма: Тематика: Акции с промокодами и Мобильное приложение Канал поступления обращения: По телефону Дата поступления обращения: : .. ФИ---м Телефон: Индекс ОПС: Электронн--- Суть обращения: обманным путем заставили оформить мультиподпись,4,40471424,"Тема письма: Акция с промокодами/Клиент не может оплатить промокодом/промокод исчез из МП Текст письма: Тематика: Акции с промокодами и Мобильное приложение Канал поступления обращения: По телефону Дата поступления обращения: : .--- Телефон: + Электронная по--- Суть обращения: Не работает ""пред оформление писем"", не выдаёт трек номер.",Письма\бандероли,(1 линия),Не согласован,0.6453467045887917,,,
38905195,Тема письма: Акция с промокодами/Клиент не может оплатить промокодом/промокод исчез из МП Текст письма: Тематика: Акции с промокодами и Мобильное приложение Канал поступления обращения: По телефону Дата поступления обращения: : .. ФИ---м Телефон: Индекс ОПС: Электронн--- Суть обращения: обманным путем заставили оформить мультиподпись,5,38644573,"Тема письма: Акция с промокодами/Клиент не может оплатить промокодом/промокод исчез из МП Текст письма: Тематика: Акции с промокодами и Мобильное приложение Канал поступления обращения: По телефону Дата поступления обращения: : .. --- Телефон: Номер ШПИ: Учетная запись: Электронная п--- Суть обращения: Клиенту на аккаунт не приходят уведомления, хотя раньше приходили.",Прочее,(1 линия),Дублирование,0.6384282969765701,,,
38677306,"EAC при приеме партионной почты от организации ф-, сформированный в личном кабинете при считывании ЛШ выходит ошибка Индекс ОПС: Номер окна: Номер телефона для связи с ОПС: Последовательность действий: EAC при приеме партионной почты от организации ф-, сформированный в личном кабинете при считывании ЛШ выходит ошибка Время возникновения ошибки: .. :",1,38563177,ДЛЯ УФПС ДЛЯ ЗРЮМОВОЙ Л Н При приеме партионной почты от рубцовского районного суда выходит ошибка Индекс ОПС: Номер окна: Номер телефона для связи с ОПС: Последовательность действий: Время возникновения ошибки: .. :,Импорт списков из архива ф.103 (zip-архив),(2 линия),Отменено,0.6038726809591097,,,
38677306,"EAC при приеме партионной почты от организации ф-, сформированный в личном кабинете при считывании ЛШ выходит ошибка Индекс ОПС: Номер окна: Номер телефона для связи с ОПС: Последовательность действий: EAC при приеме партионной почты от организации ф-, сформированный в личном кабинете при считывании ЛШ выходит ошибка Время возникновения ошибки: .. :",2,38641114,"Здравствуйте При приеме партионной почты от комитета юстиции (судебные участки , ) периодически выходит окно с ошибкой Номера РПО при считывании которых были ошибки Индекс ОПС: Номер окна: Номер телефона для связи с ОПС: Последовательность действий: партионная почта Время возникновения ошибки: .. :",Ошибки загрузки страницы/зависания,(2 линия),Решение предоставлено,0.5121806678328737,,,
38677306,"EAC при приеме партионной почты от организации ф-, сформированный в личном кабинете при считывании ЛШ выходит ошибка Индекс ОПС: Номер окна: Номер телефона для связи с ОПС: Последовательность действий: EAC при приеме партионной почты от организации ф-, сформированный в личном кабинете при считывании ЛШ выходит ошибка Время возникновения ошибки: .. :",3,38784222,при приеме посылок произошла ошибка Индекс ОПС: Номер окна: Номер телефона для связи с ОПС: Последовательность действий: прием партионной почты Время возникновения ошибки: .. :,Ошибки загрузки страницы/зависания,(2 линия),Возврат на переклассификацию,0.4272526686375926,,,
38677306,"EAC при приеме партионной почты от организации ф-, сформированный в личном кабинете при считывании ЛШ выходит ошибка Индекс ОПС: Номер окна: Номер телефона для связи с ОПС: Последовательность действий: EAC при приеме партионной почты от организации ф-, сформированный в личном кабинете при считывании ЛШ выходит ошибка Время возникновения ошибки: .. :",4,38901445,"при приеме партионной почты от судебного департамента подтягиваются не верные тарифы, список рпо горит красным - принимать не дает и ошибку не выводит. Индекс ОПС: Номер окна: Номер телефона для связи с ОПС: Последовательность действий: прие партионной почты Время возникновения ошибки: .. :",Импорт списков из ЛК ЮЛ,(2 линия),Решение предоставлено,0.4071011589903007,,,
38677306,"EAC при приеме партионной почты от организации ф-, сформированный в личном кабинете при считывании ЛШ выходит ошибка Индекс ОПС: Номер окна: Номер телефона для связи с ОПС: Последовательность действий: EAC при приеме партионной почты от организации ф-, сформированный в личном кабинете при считывании ЛШ выходит ошибка Время возникновения ошибки: .. :",5,38847858,"Добрый день , в при приеме простой корреспонденции от организации Гольфстрим нет возможности выбора актуального договора No. гольфстрим.. Индекс ОПС: Номер окна: Номер телефона для связи с ОПС: Последовательность действий: партионный прием - ошибка Время возникновения ошибки: .. :",Импорт списков из ЛК ЮЛ,(1 линия),Решение предоставлено,0.3871836350278242,,,
38653474,Тема письма: Акция с промокодами/Клиент не может оплатить промокодом/промокод исчез из МП Текст письма: Тематика: Акции с промокодами и Мобильное приложение Канал поступления обращения: По телефону Дата поступления обращения: : ..--- Телефон: Электронная п--- Суть обращения: клинт отправила заказные письма не подгружается в личный кабинет ПР,1,40471424,"Тема письма: Акция с промокодами/Клиент не может оплатить промокодом/промокод исчез из МП Текст письма: Тематика: Акции с промокодами и Мобильное приложение Канал поступления обращения: По телефону Дата поступления обращения: : .--- Телефон: + Электронная по--- Суть обращения: Не работает ""пред оформление писем"", не выдаёт трек номер.",Письма\бандероли,(1 линия),Не согласован,0.6382402905059359,,,
38653474,Тема письма: Акция с промокодами/Клиент не может оплатить промокодом/промокод исчез из МП Текст письма: Тематика: Акции с промокодами и Мобильное приложение Канал поступления обращения: По телефону Дата поступления обращения: : ..--- Телефон: Электронная п--- Суть обращения: клинт отправила заказные письма не подгружается в личный кабинет ПР,2,38713199,Тема письма: Акция с промокодами/Клиент не может оплатить промокодом/промокод исчез из МП Текст письма: Тематика: Акции с промокодами и Мобильное приложение Канал поступления обращения: По телефону Дата поступления обращения: :--- Телефон: Электронная почта кли--- Суть обращения: не отслеживается в приложении нет информации о статусе РПО,Прочее,(1 линия),По сроку давности,0.6229540769897698,,,
38653474,Тема письма: Акция с промокодами/Клиент не может оплатить промокодом/промокод исчез из МП Текст письма: Тематика: Акции с промокодами и Мобильное приложение Канал поступления обращения: По телефону Дата поступления обращения: : ..--- Телефон: Электронная п--- Суть обращения: клинт отправила заказные письма не подгружается в личный кабинет ПР,3,38644573,"Тема письма: Акция с промокодами/Клиент не может оплатить промокодом/промокод исчез из МП Текст письма: Тематика: Акции с промокодами и Мобильное приложение Канал поступления обращения: По телефону Дата поступления обращения: : .. --- Телефон: Номер ШПИ: Учетная запись: Электронная п--- Суть обращения: Клиенту на аккаунт не приходят уведомления, хотя раньше приходили.",Прочее,(1 линия),Дублирование,0.621792645746701,,,
38653474,Тема письма: Акция с промокодами/Клиент не может оплатить промокодом/промокод исчез из МП Текст письма: Тематика: Акции с промокодами и Мобильное приложение Канал поступления обращения: По телефону Дата поступления обращения: : ..--- Телефон: Электронная п--- Суть обращения: клинт отправила заказные письма не подгружается в личный кабинет ПР,4,38630698,Тема письма: Акция с промокодами/Клиент не может оплатить промокодом/промокод исчез из МП Текст письма: Тематика: Акции с промокодами и Мобильное приложение Канал поступления обращения: По телефону Дата поступления обращения: : .. Ф--- Телефон: Электронная почта клиента: --- Суть обращения: Клиент хочет поменять номер телефона. Старый указан. Новый +,Проблема с данными в личном кабинете клиента,(1 линия),Отменено,0.6111292351217793,,,
38653474,Тема письма: Акция с промокодами/Клиент не может оплатить промокодом/промокод исчез из МП Текст письма: Тематика: Акции с промокодами и Мобильное приложение Канал поступления обращения: По телефону Дата поступления обращения: : ..--- Телефон: Электронная п--- Суть обращения: клинт отправила заказные письма не подгружается в личный кабинет ПР,5,40650138,"Тема письма: Акция с промокодами/Клиент не может оплатить промокодом/промокод исчез из МП Текст письма: Тематика: Акции с промокодами и Мобильное приложение Канал поступления обращения: По телефону Дата поступления обращения: : .--- Телефон: + Индекс ОПС: Номер ШПИ: Учетная запись: + Электронная п--- Суть обращения: Клиент получил РПО в -х числах июля, просит убрать некорректный статус",Отслеживание отправлений,(1 линия),Решение предоставлено,0.6091493790161048,,,
38756664,"Добрый день! Подскажите, пожалуйста, почему при приеме КПО из Priem.pochta.ru в С АСКУ автоматом падает количество отправлений, а не килограммы. Что не так делаем?",1,38876339,"при приеме отправлений в партионном приеме(Priem.pochta.ru) от разных пользователей на разных компьютерах( Т--- , Г---) , выходит акт входного контроля с отсутствием отправлений от пользователя Е---","Проблема с печатью, открытием, формированием документации",(2 линия),Решение предоставлено,0.2637448445447559,,,
38756664,"Добрый день! Подскажите, пожалуйста, почему при приеме КПО из Priem.pochta.ru в С АСКУ автоматом падает количество отправлений, а не килограммы. Что не так делаем?",2,38672000,"Добрый день! При импортировании файла в priem.pochta.ru для приема КПО возникла ошибка (прилагаю скриншот). У клиента ООО ""Эльф"" данные указаны корректно. Прошу разъяснить причины проблемы. Ниже сам файл с данными клиента использованный для импорта.",Импорт списков из архива ф.103 (zip-архив),(2 линия),Решение предоставлено,0.2425150228428626,,,
38756664,"Добрый день! Подскажите, пожалуйста, почему при приеме КПО из Priem.pochta.ru в С АСКУ автоматом падает количество отправлений, а не килограммы. Что не так делаем?",3,38635049,"Добрый день. Просим исключить из ИС Priem.pochta.ru РПО No ERRU, ERRU, т.к произошло задвоение приема РПО новым сорудником.",Передача статусов в Трекинг,(2 линия),Отменено,0.24005063900876172,,,
38756664,"Добрый день! Подскажите, пожалуйста, почему при приеме КПО из Priem.pochta.ru в С АСКУ автоматом падает количество отправлений, а не килограммы. Что не так делаем?",4,38698949,Доброй ночи. Не работает Priem.ru,Ошибки загрузки страницы/зависания,(1 линия),Решение предоставлено,0.23959963160022235,,,
38756664,"Добрый день! Подскажите, пожалуйста, почему при приеме КПО из Priem.pochta.ru в С АСКУ автоматом падает количество отправлений, а не килограммы. Что не так делаем?",5,38549163,"доброго дня подскажите пожалуйста почему я плачу за услугу об оповещении перемещении посылки при этом их не получаю, трек-номер . Тяп--- Мари---",Проблема с push/sms/email,(1 линия),Решение предоставлено,0.22154973805001962,,,
40514009,"Тема письма: Жалоба на отделение Текст письма: Здравствуйте. Вчера и позавчера оформил на сайте pochta.ru в личном кабинете два отправления посылки с трек-номером и с оплатой онлайн. Сегодня, августа отнёс оба отправления в отделение почты России в г. Санкт-Петербург . Одно отправление принято без проблем, во время приёма второго не заработал принтер у оператора связи. Отправление отменено. Мне пришлось идти домой, чтобы по-новой оформить отправление, и вернуться, чтобы его отправить. Мобильного приложения у меня нет, т.к. нет смартфона. Оформляю всё через интернет на домашнем компьютере. Это неуважение к клиенту и его времени. Я специально оформляю все посылки дома с оплатой онлайн, чтобы быстрее проходила отправка и меньше работы было у работников почты, а мне устраивают такие препятствия. Безобразная работа отделения отмечена мной не первый раз! ---.",1,38890178,"доброе утро, коллеги, поступила жалоба на МП, прошу прокомментировать, что можно ответить клиенту.Тема: Проблема мобильного приложения Текст: Уважаемые разработчики ПО, Есть серьезная недоработка в мобильном приложении Почты России – после отказа в резервировании ячейки АПС для моей посылки (трек-номер заказ с АлиЭкспресс) в почтамате отделения связи () статус этого отправления изменился с доставленного в отделение на как вновь находящийся в пути (индекс , что можно интерпретировать, как возврат в сортировочный центр), а не как просто переданный в отдел доставки того же отделения связи для выдачи в обычном порядке через оператора. Последнее было установлено во время специального посещения отделения связи .. в целях прояснения сложившейся запутанной ситуации. На месте было подтверждено, что данное отправление все это время с марта ожидало выдачи в данном отделении (в отделе доставки), но получатель об этом не был информирован. «Проблемное» отправление было незамедлительно вручено. По причине недостоверного информирования получателя о статусе его отправления на финальной стадии доставки есть риск потерять заказ из-за истечения установленного срока хранения (добродушно полагая, что отправление все еще в пути и Почта России дополнительно известит о готовности к его выдаче) и получить ненужное длительное разбирательство с почтой и торговой площадкой, кто виноват и кто будет компенсировать нанесенный ущерб. Любезно прошу обратить внимание на эту существующую техническую проблему (для получателя отправления отказ в резервировании ячейки АПС это факультатив или необязательная информация, важнее – где после этого посылка? «В пути» означает, что она еще не готова к выдаче). С уважением Сергей Дергачев заранее спасибо.",Предложение по изменению,(2 линия),Решение предоставлено,0.17183004357030723,,,
40514009,"Тема письма: Жалоба на отделение Текст письма: Здравствуйте. Вчера и позавчера оформил на сайте pochta.ru в личном кабинете два отправления посылки с трек-номером и с оплатой онлайн. Сегодня, августа отнёс оба отправления в отделение почты России в г. Санкт-Петербург . Одно отправление принято без проблем, во время приёма второго не заработал принтер у оператора связи. Отправление отменено. Мне пришлось идти домой, чтобы по-новой оформить отправление, и вернуться, чтобы его отправить. Мобильного приложения у меня нет, т.к. нет смартфона. Оформляю всё через интернет на домашнем компьютере. Это неуважение к клиенту и его времени. Я специально оформляю все посылки дома с оплатой онлайн, чтобы быстрее проходила отправка и меньше работы было у работников почты, а мне устраивают такие препятствия. Безобразная работа отделения отмечена мной не первый раз! ---.",2,40553638,Добрый день! И александра евге--- РПО на бланке нет номера квартиры. Проблема возникает не в первый раз.,Проблема с адресом\индексом,(2 линия),Решение предоставлено,0.1566822734911784,,,
40514009,"Тема письма: Жалоба на отделение Текст письма: Здравствуйте. Вчера и позавчера оформил на сайте pochta.ru в личном кабинете два отправления посылки с трек-номером и с оплатой онлайн. Сегодня, августа отнёс оба отправления в отделение почты России в г. Санкт-Петербург . Одно отправление принято без проблем, во время приёма второго не заработал принтер у оператора связи. Отправление отменено. Мне пришлось идти домой, чтобы по-новой оформить отправление, и вернуться, чтобы его отправить. Мобильного приложения у меня нет, т.к. нет смартфона. Оформляю всё через интернет на домашнем компьютере. Это неуважение к клиенту и его времени. Я специально оформляю все посылки дома с оплатой онлайн, чтобы быстрее проходила отправка и меньше работы было у работников почты, а мне устраивают такие препятствия. Безобразная работа отделения отмечена мной не первый раз! ---.",3,40529816,"Тема письма: Отслеживание почтовых отправлений по трек-номер Текст письма: Моё отправление не отслеживалось в личном кабинете на сайте Почты РФ, зато на сторонних сайтах по отслеживанию (track) оно отражалось! Это нарушение технологии отправки сотрудниками или очередная неумелая шутка? Такие ""фокусы"" формируют у населения негативный образ Почты России и мотивируют пользоваться альтернативными способами доставки---!!!",Прочее,(1 линия),Решение предоставлено,0.14801769320999786,,,
40514009,"Тема письма: Жалоба на отделение Текст письма: Здравствуйте. Вчера и позавчера оформил на сайте pochta.ru в личном кабинете два отправления посылки с трек-номером и с оплатой онлайн. Сегодня, августа отнёс оба отправления в отделение почты России в г. Санкт-Петербург . Одно отправление принято без проблем, во время приёма второго не заработал принтер у оператора связи. Отправление отменено. Мне пришлось идти домой, чтобы по-новой оформить отправление, и вернуться, чтобы его отправить. Мобильного приложения у меня нет, т.к. нет смартфона. Оформляю всё через интернет на домашнем компьютере. Это неуважение к клиенту и его времени. Я специально оформляю все посылки дома с оплатой онлайн, чтобы быстрее проходила отправка и меньше работы было у работников почты, а мне устраивают такие препятствия. Безобразная работа отделения отмечена мной не первый раз! ---.",4,40632712,"Тема письма: Тема отсутствует. Текст письма: Здравствуйте у меня нет возможности забрать посылку в будние дни и доверенность оформить некому. Нет ли возможности перебросить товар на другое отделение, соседнее там и в сб работают, , вот эти трек номера",Электронные обращения,(1 линия),Не согласован,0.14489227754943707,,,
40514009,"Тема письма: Жалоба на отделение Текст письма: Здравствуйте. Вчера и позавчера оформил на сайте pochta.ru в личном кабинете два отправления посылки с трек-номером и с оплатой онлайн. Сегодня, августа отнёс оба отправления в отделение почты России в г. Санкт-Петербург . Одно отправление принято без проблем, во время приёма второго не заработал принтер у оператора связи. Отправление отменено. Мне пришлось идти домой, чтобы по-новой оформить отправление, и вернуться, чтобы его отправить. Мобильного приложения у меня нет, т.к. нет смартфона. Оформляю всё через интернет на домашнем компьютере. Это неуважение к клиенту и его времени. Я специально оформляю все посылки дома с оплатой онлайн, чтобы быстрее проходила отправка и меньше работы было у работников почты, а мне устраивают такие препятствия. Безобразная работа отделения отмечена мной не первый раз! ---.",5,38882689,"Вносим Предложение по внедрению ПЕРЕКЛЮЧЕНИЯ Аккаунтов в Приложении. Будет очень удобно пользоваться внутри семьи, чтобы -летнего отца не тащить в отделение Почты России.",Предложение по изменению,(2 линия),Решение предоставлено,0.14440849904998268,,,
38621799,"Добрый день. Не могу отправить письмо, при считывания qr кода, выходит ошибка не достоверные данные пользователя. По факту все данные верные Только что обновлял через Госуслуги, не помогло. Т--- Ви---",1,38639941,Добрый день. Не могу изменить свои данные в профиле. Они недействительны. Через Госуслуги не помогло обновление. З--- А--- М---,Проблема с данными в личном кабинете клиента,(1 линия),Уточнение не предоставлено,0.4506586485960724,,,
38621799,"Добрый день. Не могу отправить письмо, при считывания qr кода, выходит ошибка не достоверные данные пользователя. По факту все данные верные Только что обновлял через Госуслуги, не помогло. Т--- Ви---",2,38779448,"Добрый день! Не могу принять письма, выходит ошибка.",Ошибки загрузки страницы/зависания,(3 линия),Отменено пользователем,0.2910431298898025,,,
38621799,"Добрый день. Не могу отправить письмо, при считывания qr кода, выходит ошибка не достоверные данные пользователя. По факту все данные верные Только что обновлял через Госуслуги, не помогло. Т--- Ви---",3,38782661,"​​Название и индекс УКД: Описание проблемы:​​ Добрый день, не могу завершить прием отправления, выходит ошибка",Формирование и закрытие емкостей,(2 линия),Решение предоставлено,0.23307225902998996,,,
38621799,"Добрый день. Не могу отправить письмо, при считывания qr кода, выходит ошибка не достоверные данные пользователя. По факту все данные верные Только что обновлял через Госуслуги, не помогло. Т--- Ви---",4,38647725,"Тема письма: Проблема с подключением QR-кода Текст письма: Добрый день, возникла проблема с подключением QR-кода в приложение почты России. При входе на госуслуги пишет, что подключено. При повторном нажатие на QR-кода снова появляется страница входа на госуслуги. Не могу получить посылку, потому что без кода не выдают, а код не подключается",Проблема с QR-код(подключение/отключение),(1 линия),По сроку давности,0.22587333091941073,,,
38621799,"Добрый день. Не могу отправить письмо, при считывания qr кода, выходит ошибка не достоверные данные пользователя. По факту все данные верные Только что обновлял через Госуслуги, не помогло. Т--- Ви---",5,38675872,Нет иконки qr кода и опции подтвердить личность с помощью qr кода в профиле. Г--- Ма---,Проблема с QR-код(подключение/отключение),(1 линия),Решение предоставлено,0.1774517380009017,,,
38635214,Л--- Ю--- Возникает ошибка при отправке письма,1,38882989,"Тема письма: Услуги для населения/Самостоятельная регистрация отправлений Текст письма: Тематика: Самостоятельная регистрация отправлений Канал поступления обращения: По телефону Дата поступления обращения: : .. Ф--- Телефон: Адрес заявителя: край Ставропольский, р-н Ипатовский, г Ипатово, ул Профсоюзная, д. Индекс ОПС: Номер ШПИ: Электронная--- Суть обращения: При самостоятельной регистрации отправления возникает ошибка при оплате в ОПС. Деньги с карты не списываются. Приходится оформлять посылку снова. Ошибка возникает в течении месяца при отправке разных отправлений. Прошу устранить ошибку.",Не проходит оплата/возврат,(2 линия),Решение предоставлено,0.39011789262309626,,,
38635214,Л--- Ю--- Возникает ошибка при отправке письма,2,38826648,"добрый день, НЕ ПАДАЮТ ПИСЬМА В ПАПКУ ПРИ ОТПРАВКЕ СПИСКОВ ТЕЛ",Проблемы в работе Препост/PrePost,(3 линия),Решение предоставлено,0.2961388250178115,,,
38635214,Л--- Ю--- Возникает ошибка при отправке письма,3,38680071,"Тема письма: Услуги для населения/Самостоятельная регистрация отправлений Текст письма: Тематика: Самостоятельная регистрация отправлений Канал поступления обращения: По телефону Дата поступления обращения: :--- Телефон: Электрон--- Суть обращения: Коллеги, при отправки ЭЗП при оплатить и отправить у клиента возникает ошибка что-то пошло ни так",Проблема с авторизацией/ЭЗП/Бонусами/Доверенностями,(1 линия),Решение предоставлено,0.23072480417808108,,,
38635214,Л--- Ю--- Возникает ошибка при отправке письма,4,38925835,Тема письма: Услуги для населения/Самостоятельная регистрация отправлений Текст письма: Тематика: Самостоятельная регистрация отправлений Канал поступления обращения: По телефону Дата поступления обращения: : --- Телефон: Номер ШПИ: Электронная--- Суть обращения: Не получается отправить заказное письмо. Система пишет ошибку. Бланк не появляется и распечатать невозможно. При оплате возникает ошибка.,Ошибка в приложении (восстановление работоспособности),(1 линия),Решение предоставлено,0.21055225274160594,,,
38635214,Л--- Ю--- Возникает ошибка при отправке письма,5,38708843,"Ошибка при приеме писем на -ом окне, после обновления, выдает ошибку. Прием не открывается",Передача статусов в Трекинг,(1 линия),Решение предоставлено,0.1917098013591936,,,
40559261,Тема письма: Поменять номер. Текст письма: --Немогу поменять номер в приложении почта России. Пишет закреплён номер за другим пользователем. Что делать? Отправлено из Mail для Android,1,40425997,Тема письма: Почта России Текст письма: В приложении невозможно создать электронное обращение. -- Отправлено из Mail для Android,Электронные обращения,(2 линия),Решение предоставлено,0.3921656265556069,,,
40559261,Тема письма: Поменять номер. Текст письма: --Немогу поменять номер в приложении почта России. Пишет закреплён номер за другим пользователем. Что делать? Отправлено из Mail для Android,2,38668689,Тема письма: Не приходит сообщения о поступление на почту России кориспонденции. Текст письма: -- Отправлено из Mail для Android,Прочее,(1 линия),Уточнение не предоставлено,0.3317284556123949,,,
40559261,Тема письма: Поменять номер. Текст письма: --Немогу поменять номер в приложении почта России. Пишет закреплён номер за другим пользователем. Что делать? Отправлено из Mail для Android,3,40560640,Тема письма: Жалоба Текст письма: Закрыли без ответа и без решения. Актуально -- Отправлено из Mail для Android,Отслеживание отправлений,(1 линия),Дублирование,0.3125257029819232,,,
40559261,Тема письма: Поменять номер. Текст письма: --Немогу поменять номер в приложении почта России. Пишет закреплён номер за другим пользователем. Что делать? Отправлено из Mail для Android,4,40480039,Тема письма: Письмо Текст письма: Письмо с документами из Санкт-Петербурга не могут найти на почта с. Кочубеевского Ставропольского края. Что делать? Отправлено из Mail для Android,Электронные обращения,(1 линия),Не согласован,0.3097178619185843,,,
40559261,Тема письма: Поменять номер. Текст письма: --Немогу поменять номер в приложении почта России. Пишет закреплён номер за другим пользователем. Что делать? Отправлено из Mail для Android,5,40654579,Тема письма: Вход в личный кабинет Текст письма: Сайт не открывается((( -- Отправлено из Mail для Android,Прочее,(1 линия),Решение предоставлено,0.30531312766997204,,,
38886063,"ценные письма также не грузятся, даже с новыми шпи просьба уточнить где ошибка",1,38729279,при попытке открыть плагин партионного приема выдает ошибку. просьба уточнить возможность входа в систему,Проблемы в работе Silkway,(2 линия),Решение предоставлено,0.20327849985502355,,,
38886063,"ценные письма также не грузятся, даже с новыми шпи просьба уточнить где ошибка",2,40558684,"Добрй день. При отслеживании отправлений пропала информация о весе. Подскажите, это временная проблема или теперь вес отображаться не будет? Если больше данного пукнта в отслеживании отображено не будет, просьба уточнить почему? ФИ---",Отслеживание отправлений,(2 линия),Решение предоставлено,0.15302332776013333,,,
38886063,"ценные письма также не грузятся, даже с новыми шпи просьба уточнить где ошибка",3,40480452,"Тема письма: Услуги для населения/Самостоятельная регистрация отправлений Текст письма: Тематика: Самостоятельная регистрация отправлений Канал поступления обращения: По телефону Дата поступления обращения: : .. --- Телефон: + Электронная --- Суть обращения: на сайте весит банер что печать бланков доступно толь в М.П. по факту это не так печать блаков из М,П, также не вазможно уберите банер.",Прочее,(1 линия),Решение предоставлено,0.14607328470534392,,,
38886063,"ценные письма также не грузятся, даже с новыми шпи просьба уточнить где ошибка",4,40562206,"Тема письма: Сервис трекинга /Другое Текст письма: Тематика: Сервис Трекинга. Жалобы/предложения Канал поступления обращения: По телефону Дата поступления обращения: : .. ---вителя: , Российская Федерация, край Приморский, г Арсеньев, ул Сазыкина, д. , кв. Номер ШПИ: Электр--- Суть обращения: Просьба уточнить информацию по последнему статусу ""Прибыло в СЦ Кавалерово"". Если поставлен ошибочно, просьба удалить и поставить актуальный статус.",Отслеживание отправлений,(1 линия),Решение предоставлено,0.1401906549583595,,,
38886063,"ценные письма также не грузятся, даже с новыми шпи просьба уточнить где ошибка",5,40370886,"Тема письма: Сервис трекинга /Другое Текст письма: Тематика: Сервис Трекинга. Жалобы/предложения Канал поступления обращения: По телефону Дата поступления обращения: : .. ФИ--- Телефон: + Адрес заявителя: , Российская Федерация, обл Ростовская, р-н Зерноградский, г Зерноград, ул им Чапаева, д. Номер ШПИ: Электронная --- Суть обращения: Просьба уточнить информацию по последнему статусу отправления ""Прибыло в СЦ Санкт-Петербург АСЦ"". Проставить актуальные статусы.",Отслеживание отправлений,(1 линия),Решение предоставлено,0.13988430108754535,,,
